2025-05-22 21:03:48,387 [INFO] main: Training VAE | device=cuda | deterministic=False
2025-05-22 21:03:50,744 [INFO] train: [Epoch 01/50] train=1.040769 | val=0.339647
2025-05-22 21:03:50,747 [INFO] train: New best val_loss: 0.339647 → checkpoint ./models/checkpoints/vae_text.pth
2025-05-22 21:03:50,789 [INFO] train: [Epoch 02/50] train=0.203172 | val=0.138071
2025-05-22 21:03:50,793 [INFO] train: New best val_loss: 0.138071 → checkpoint ./models/checkpoints/vae_text.pth
2025-05-22 21:03:50,832 [INFO] train: [Epoch 03/50] train=0.097964 | val=0.087412
2025-05-22 21:03:50,835 [INFO] train: New best val_loss: 0.087412 → checkpoint ./models/checkpoints/vae_text.pth
2025-05-22 21:03:50,873 [INFO] train: [Epoch 04/50] train=0.063628 | val=0.067163
2025-05-22 21:03:50,876 [INFO] train: New best val_loss: 0.067163 → checkpoint ./models/checkpoints/vae_text.pth
2025-05-22 21:03:50,910 [INFO] train: [Epoch 05/50] train=0.047223 | val=0.055923
2025-05-22 21:03:50,913 [INFO] train: New best val_loss: 0.055923 → checkpoint ./models/checkpoints/vae_text.pth
2025-05-22 21:03:50,947 [INFO] train: [Epoch 06/50] train=0.037623 | val=0.047982
2025-05-22 21:03:50,950 [INFO] train: New best val_loss: 0.047982 → checkpoint ./models/checkpoints/vae_text.pth
2025-05-22 21:03:50,985 [INFO] train: [Epoch 07/50] train=0.031099 | val=0.042250
2025-05-22 21:03:50,987 [INFO] train: New best val_loss: 0.042250 → checkpoint ./models/checkpoints/vae_text.pth
2025-05-22 21:03:51,022 [INFO] train: [Epoch 08/50] train=0.026186 | val=0.038110
2025-05-22 21:03:51,025 [INFO] train: New best val_loss: 0.038110 → checkpoint ./models/checkpoints/vae_text.pth
2025-05-22 21:03:51,059 [INFO] train: [Epoch 09/50] train=0.022626 | val=0.034753
2025-05-22 21:03:51,061 [INFO] train: New best val_loss: 0.034753 → checkpoint ./models/checkpoints/vae_text.pth
2025-05-22 21:03:51,095 [INFO] train: [Epoch 10/50] train=0.019681 | val=0.031915
2025-05-22 21:03:51,098 [INFO] train: New best val_loss: 0.031915 → checkpoint ./models/checkpoints/vae_text.pth
2025-05-22 21:03:51,132 [INFO] train: [Epoch 11/50] train=0.017567 | val=0.029697
2025-05-22 21:03:51,134 [INFO] train: New best val_loss: 0.029697 → checkpoint ./models/checkpoints/vae_text.pth
2025-05-22 21:03:51,168 [INFO] train: [Epoch 12/50] train=0.015687 | val=0.027702
2025-05-22 21:03:51,171 [INFO] train: New best val_loss: 0.027702 → checkpoint ./models/checkpoints/vae_text.pth
2025-05-22 21:03:51,206 [INFO] train: [Epoch 13/50] train=0.014177 | val=0.026176
2025-05-22 21:03:51,209 [INFO] train: New best val_loss: 0.026176 → checkpoint ./models/checkpoints/vae_text.pth
2025-05-22 21:03:51,243 [INFO] train: [Epoch 14/50] train=0.012913 | val=0.024864
2025-05-22 21:03:51,245 [INFO] train: New best val_loss: 0.024864 → checkpoint ./models/checkpoints/vae_text.pth
2025-05-22 21:03:51,280 [INFO] train: [Epoch 15/50] train=0.011794 | val=0.023666
2025-05-22 21:03:51,283 [INFO] train: New best val_loss: 0.023666 → checkpoint ./models/checkpoints/vae_text.pth
2025-05-22 21:03:51,319 [INFO] train: [Epoch 16/50] train=0.010915 | val=0.022518
2025-05-22 21:03:51,321 [INFO] train: New best val_loss: 0.022518 → checkpoint ./models/checkpoints/vae_text.pth
2025-05-22 21:03:51,357 [INFO] train: [Epoch 17/50] train=0.010147 | val=0.021706
2025-05-22 21:03:51,360 [INFO] train: New best val_loss: 0.021706 → checkpoint ./models/checkpoints/vae_text.pth
2025-05-22 21:03:51,395 [INFO] train: [Epoch 18/50] train=0.009480 | val=0.020912
2025-05-22 21:03:51,398 [INFO] train: New best val_loss: 0.020912 → checkpoint ./models/checkpoints/vae_text.pth
2025-05-22 21:03:51,433 [INFO] train: [Epoch 19/50] train=0.008917 | val=0.020208
2025-05-22 21:03:51,435 [INFO] train: New best val_loss: 0.020208 → checkpoint ./models/checkpoints/vae_text.pth
2025-05-22 21:03:51,469 [INFO] train: [Epoch 20/50] train=0.008375 | val=0.019554
2025-05-22 21:03:51,472 [INFO] train: New best val_loss: 0.019554 → checkpoint ./models/checkpoints/vae_text.pth
2025-05-22 21:03:51,508 [INFO] train: [Epoch 21/50] train=0.007941 | val=0.019015
2025-05-22 21:03:51,510 [INFO] train: New best val_loss: 0.019015 → checkpoint ./models/checkpoints/vae_text.pth
2025-05-22 21:03:51,544 [INFO] train: [Epoch 22/50] train=0.007503 | val=0.018484
2025-05-22 21:03:51,547 [INFO] train: New best val_loss: 0.018484 → checkpoint ./models/checkpoints/vae_text.pth
2025-05-22 21:03:51,585 [INFO] train: [Epoch 23/50] train=0.007118 | val=0.017981
2025-05-22 21:03:51,588 [INFO] train: New best val_loss: 0.017981 → checkpoint ./models/checkpoints/vae_text.pth
2025-05-22 21:03:51,629 [INFO] train: [Epoch 24/50] train=0.006826 | val=0.017546
2025-05-22 21:03:51,632 [INFO] train: New best val_loss: 0.017546 → checkpoint ./models/checkpoints/vae_text.pth
2025-05-22 21:03:51,673 [INFO] train: [Epoch 25/50] train=0.006520 | val=0.017189
2025-05-22 21:03:51,676 [INFO] train: New best val_loss: 0.017189 → checkpoint ./models/checkpoints/vae_text.pth
2025-05-22 21:03:51,716 [INFO] train: [Epoch 26/50] train=0.006273 | val=0.016833
2025-05-22 21:03:51,719 [INFO] train: New best val_loss: 0.016833 → checkpoint ./models/checkpoints/vae_text.pth
2025-05-22 21:03:51,759 [INFO] train: [Epoch 27/50] train=0.006022 | val=0.016424
2025-05-22 21:03:51,762 [INFO] train: New best val_loss: 0.016424 → checkpoint ./models/checkpoints/vae_text.pth
2025-05-22 21:03:51,800 [INFO] train: [Epoch 28/50] train=0.005807 | val=0.016164
2025-05-22 21:03:51,802 [INFO] train: New best val_loss: 0.016164 → checkpoint ./models/checkpoints/vae_text.pth
2025-05-22 21:03:51,840 [INFO] train: [Epoch 29/50] train=0.005605 | val=0.015944
2025-05-22 21:03:51,843 [INFO] train: New best val_loss: 0.015944 → checkpoint ./models/checkpoints/vae_text.pth
2025-05-22 21:03:51,877 [INFO] train: [Epoch 30/50] train=0.005420 | val=0.015590
2025-05-22 21:03:51,880 [INFO] train: New best val_loss: 0.015590 → checkpoint ./models/checkpoints/vae_text.pth
2025-05-22 21:03:51,915 [INFO] train: [Epoch 31/50] train=0.005244 | val=0.015307
2025-05-22 21:03:51,917 [INFO] train: New best val_loss: 0.015307 → checkpoint ./models/checkpoints/vae_text.pth
2025-05-22 21:03:51,953 [INFO] train: [Epoch 32/50] train=0.005097 | val=0.015070
2025-05-22 21:03:51,955 [INFO] train: New best val_loss: 0.015070 → checkpoint ./models/checkpoints/vae_text.pth
2025-05-22 21:03:51,989 [INFO] train: [Epoch 33/50] train=0.004973 | val=0.014845
2025-05-22 21:03:51,992 [INFO] train: New best val_loss: 0.014845 → checkpoint ./models/checkpoints/vae_text.pth
2025-05-22 21:03:52,029 [INFO] train: [Epoch 34/50] train=0.004818 | val=0.014600
2025-05-22 21:03:52,031 [INFO] train: New best val_loss: 0.014600 → checkpoint ./models/checkpoints/vae_text.pth
2025-05-22 21:03:52,067 [INFO] train: [Epoch 35/50] train=0.004711 | val=0.014448
2025-05-22 21:03:52,070 [INFO] train: New best val_loss: 0.014448 → checkpoint ./models/checkpoints/vae_text.pth
2025-05-22 21:03:52,106 [INFO] train: [Epoch 36/50] train=0.004584 | val=0.014220
2025-05-22 21:03:52,109 [INFO] train: New best val_loss: 0.014220 → checkpoint ./models/checkpoints/vae_text.pth
2025-05-22 21:03:52,145 [INFO] train: [Epoch 37/50] train=0.004486 | val=0.014107
2025-05-22 21:03:52,148 [INFO] train: New best val_loss: 0.014107 → checkpoint ./models/checkpoints/vae_text.pth
2025-05-22 21:03:52,184 [INFO] train: [Epoch 38/50] train=0.004376 | val=0.013878
2025-05-22 21:03:52,186 [INFO] train: New best val_loss: 0.013878 → checkpoint ./models/checkpoints/vae_text.pth
2025-05-22 21:03:52,223 [INFO] train: [Epoch 39/50] train=0.004291 | val=0.013738
2025-05-22 21:03:52,226 [INFO] train: New best val_loss: 0.013738 → checkpoint ./models/checkpoints/vae_text.pth
2025-05-22 21:03:52,260 [INFO] train: [Epoch 40/50] train=0.004208 | val=0.013572
2025-05-22 21:03:52,262 [INFO] train: New best val_loss: 0.013572 → checkpoint ./models/checkpoints/vae_text.pth
2025-05-22 21:03:52,296 [INFO] train: [Epoch 41/50] train=0.004135 | val=0.013458
2025-05-22 21:03:52,298 [INFO] train: New best val_loss: 0.013458 → checkpoint ./models/checkpoints/vae_text.pth
2025-05-22 21:03:52,333 [INFO] train: [Epoch 42/50] train=0.004070 | val=0.013264
2025-05-22 21:03:52,335 [INFO] train: New best val_loss: 0.013264 → checkpoint ./models/checkpoints/vae_text.pth
2025-05-22 21:03:52,370 [INFO] train: [Epoch 43/50] train=0.003997 | val=0.013163
2025-05-22 21:03:52,373 [INFO] train: New best val_loss: 0.013163 → checkpoint ./models/checkpoints/vae_text.pth
2025-05-22 21:03:52,413 [INFO] train: [Epoch 44/50] train=0.003937 | val=0.012936
2025-05-22 21:03:52,416 [INFO] train: New best val_loss: 0.012936 → checkpoint ./models/checkpoints/vae_text.pth
2025-05-22 21:03:52,458 [INFO] train: [Epoch 45/50] train=0.003874 | val=0.012889
2025-05-22 21:03:52,496 [INFO] train: [Epoch 46/50] train=0.003809 | val=0.012784
2025-05-22 21:03:52,499 [INFO] train: New best val_loss: 0.012784 → checkpoint ./models/checkpoints/vae_text.pth
2025-05-22 21:03:52,537 [INFO] train: [Epoch 47/50] train=0.003749 | val=0.012658
2025-05-22 21:03:52,540 [INFO] train: New best val_loss: 0.012658 → checkpoint ./models/checkpoints/vae_text.pth
2025-05-22 21:03:52,579 [INFO] train: [Epoch 48/50] train=0.003693 | val=0.012542
2025-05-22 21:03:52,582 [INFO] train: New best val_loss: 0.012542 → checkpoint ./models/checkpoints/vae_text.pth
2025-05-22 21:03:52,621 [INFO] train: [Epoch 49/50] train=0.003655 | val=0.012522
2025-05-22 21:03:52,659 [INFO] train: [Epoch 50/50] train=0.003612 | val=0.012359
2025-05-22 21:03:52,662 [INFO] train: New best val_loss: 0.012359 → checkpoint ./models/checkpoints/vae_text.pth
2025-05-22 21:04:26,604 [INFO] main: Training VAE | device=cuda | deterministic=False
2025-05-22 21:04:28,990 [INFO] train: [Epoch 01/50] train=1.040769 | val=0.339647
2025-05-22 21:04:28,994 [INFO] train: New best val_loss: 0.339647 → checkpoint ./models/checkpoints/vae_text.pth
2025-05-22 21:04:29,035 [INFO] train: [Epoch 02/50] train=0.203172 | val=0.138071
2025-05-22 21:04:29,038 [INFO] train: New best val_loss: 0.138071 → checkpoint ./models/checkpoints/vae_text.pth
2025-05-22 21:04:29,080 [INFO] train: [Epoch 03/50] train=0.097964 | val=0.087412
2025-05-22 21:04:29,083 [INFO] train: New best val_loss: 0.087412 → checkpoint ./models/checkpoints/vae_text.pth
2025-05-22 21:04:29,129 [INFO] train: [Epoch 04/50] train=0.063628 | val=0.067163
2025-05-22 21:04:29,131 [INFO] train: New best val_loss: 0.067163 → checkpoint ./models/checkpoints/vae_text.pth
2025-05-22 21:04:29,169 [INFO] train: [Epoch 05/50] train=0.047223 | val=0.055923
2025-05-22 21:04:29,172 [INFO] train: New best val_loss: 0.055923 → checkpoint ./models/checkpoints/vae_text.pth
2025-05-22 21:04:29,208 [INFO] train: [Epoch 06/50] train=0.037623 | val=0.047982
2025-05-22 21:04:29,211 [INFO] train: New best val_loss: 0.047982 → checkpoint ./models/checkpoints/vae_text.pth
2025-05-22 21:04:29,247 [INFO] train: [Epoch 07/50] train=0.031099 | val=0.042250
2025-05-22 21:04:29,250 [INFO] train: New best val_loss: 0.042250 → checkpoint ./models/checkpoints/vae_text.pth
2025-05-22 21:04:29,287 [INFO] train: [Epoch 08/50] train=0.026186 | val=0.038110
2025-05-22 21:04:29,289 [INFO] train: New best val_loss: 0.038110 → checkpoint ./models/checkpoints/vae_text.pth
2025-05-22 21:04:29,326 [INFO] train: [Epoch 09/50] train=0.022626 | val=0.034753
2025-05-22 21:04:29,328 [INFO] train: New best val_loss: 0.034753 → checkpoint ./models/checkpoints/vae_text.pth
2025-05-22 21:04:29,363 [INFO] train: [Epoch 10/50] train=0.019681 | val=0.031915
2025-05-22 21:04:29,365 [INFO] train: New best val_loss: 0.031915 → checkpoint ./models/checkpoints/vae_text.pth
2025-05-22 21:04:29,400 [INFO] train: [Epoch 11/50] train=0.017567 | val=0.029697
2025-05-22 21:04:29,402 [INFO] train: New best val_loss: 0.029697 → checkpoint ./models/checkpoints/vae_text.pth
2025-05-22 21:04:29,439 [INFO] train: [Epoch 12/50] train=0.015687 | val=0.027702
2025-05-22 21:04:29,442 [INFO] train: New best val_loss: 0.027702 → checkpoint ./models/checkpoints/vae_text.pth
2025-05-22 21:04:29,478 [INFO] train: [Epoch 13/50] train=0.014177 | val=0.026176
2025-05-22 21:04:29,481 [INFO] train: New best val_loss: 0.026176 → checkpoint ./models/checkpoints/vae_text.pth
2025-05-22 21:04:29,515 [INFO] train: [Epoch 14/50] train=0.012913 | val=0.024864
2025-05-22 21:04:29,517 [INFO] train: New best val_loss: 0.024864 → checkpoint ./models/checkpoints/vae_text.pth
2025-05-22 21:04:29,551 [INFO] train: [Epoch 15/50] train=0.011794 | val=0.023666
2025-05-22 21:04:29,553 [INFO] train: New best val_loss: 0.023666 → checkpoint ./models/checkpoints/vae_text.pth
2025-05-22 21:04:29,588 [INFO] train: [Epoch 16/50] train=0.010915 | val=0.022518
2025-05-22 21:04:29,590 [INFO] train: New best val_loss: 0.022518 → checkpoint ./models/checkpoints/vae_text.pth
2025-05-22 21:04:29,630 [INFO] train: [Epoch 17/50] train=0.010147 | val=0.021706
2025-05-22 21:04:29,632 [INFO] train: New best val_loss: 0.021706 → checkpoint ./models/checkpoints/vae_text.pth
2025-05-22 21:04:29,668 [INFO] train: [Epoch 18/50] train=0.009480 | val=0.020912
2025-05-22 21:04:29,671 [INFO] train: New best val_loss: 0.020912 → checkpoint ./models/checkpoints/vae_text.pth
2025-05-22 21:04:29,705 [INFO] train: [Epoch 19/50] train=0.008917 | val=0.020208
2025-05-22 21:04:29,708 [INFO] train: New best val_loss: 0.020208 → checkpoint ./models/checkpoints/vae_text.pth
2025-05-22 21:04:29,746 [INFO] train: [Epoch 20/50] train=0.008375 | val=0.019554
2025-05-22 21:04:29,748 [INFO] train: New best val_loss: 0.019554 → checkpoint ./models/checkpoints/vae_text.pth
2025-05-22 21:04:29,788 [INFO] train: [Epoch 21/50] train=0.007941 | val=0.019015
2025-05-22 21:04:29,790 [INFO] train: New best val_loss: 0.019015 → checkpoint ./models/checkpoints/vae_text.pth
2025-05-22 21:04:29,829 [INFO] train: [Epoch 22/50] train=0.007503 | val=0.018484
2025-05-22 21:04:29,831 [INFO] train: New best val_loss: 0.018484 → checkpoint ./models/checkpoints/vae_text.pth
2025-05-22 21:04:29,868 [INFO] train: [Epoch 23/50] train=0.007118 | val=0.017981
2025-05-22 21:04:29,871 [INFO] train: New best val_loss: 0.017981 → checkpoint ./models/checkpoints/vae_text.pth
2025-05-22 21:04:29,906 [INFO] train: [Epoch 24/50] train=0.006826 | val=0.017546
2025-05-22 21:04:29,908 [INFO] train: New best val_loss: 0.017546 → checkpoint ./models/checkpoints/vae_text.pth
2025-05-22 21:04:29,944 [INFO] train: [Epoch 25/50] train=0.006520 | val=0.017189
2025-05-22 21:04:29,946 [INFO] train: New best val_loss: 0.017189 → checkpoint ./models/checkpoints/vae_text.pth
2025-05-22 21:04:29,982 [INFO] train: [Epoch 26/50] train=0.006273 | val=0.016833
2025-05-22 21:04:29,984 [INFO] train: New best val_loss: 0.016833 → checkpoint ./models/checkpoints/vae_text.pth
2025-05-22 21:04:30,023 [INFO] train: [Epoch 27/50] train=0.006022 | val=0.016424
2025-05-22 21:04:30,026 [INFO] train: New best val_loss: 0.016424 → checkpoint ./models/checkpoints/vae_text.pth
2025-05-22 21:04:30,063 [INFO] train: [Epoch 28/50] train=0.005807 | val=0.016164
2025-05-22 21:04:30,066 [INFO] train: New best val_loss: 0.016164 → checkpoint ./models/checkpoints/vae_text.pth
2025-05-22 21:04:30,102 [INFO] train: [Epoch 29/50] train=0.005605 | val=0.015944
2025-05-22 21:04:30,105 [INFO] train: New best val_loss: 0.015944 → checkpoint ./models/checkpoints/vae_text.pth
2025-05-22 21:04:30,142 [INFO] train: [Epoch 30/50] train=0.005420 | val=0.015590
2025-05-22 21:04:30,145 [INFO] train: New best val_loss: 0.015590 → checkpoint ./models/checkpoints/vae_text.pth
2025-05-22 21:04:30,181 [INFO] train: [Epoch 31/50] train=0.005244 | val=0.015307
2025-05-22 21:04:30,183 [INFO] train: New best val_loss: 0.015307 → checkpoint ./models/checkpoints/vae_text.pth
2025-05-22 21:04:30,218 [INFO] train: [Epoch 32/50] train=0.005097 | val=0.015070
2025-05-22 21:04:30,221 [INFO] train: New best val_loss: 0.015070 → checkpoint ./models/checkpoints/vae_text.pth
2025-05-22 21:04:30,261 [INFO] train: [Epoch 33/50] train=0.004973 | val=0.014845
2025-05-22 21:04:30,264 [INFO] train: New best val_loss: 0.014845 → checkpoint ./models/checkpoints/vae_text.pth
2025-05-22 21:04:30,302 [INFO] train: [Epoch 34/50] train=0.004818 | val=0.014600
2025-05-22 21:04:30,304 [INFO] train: New best val_loss: 0.014600 → checkpoint ./models/checkpoints/vae_text.pth
2025-05-22 21:04:30,339 [INFO] train: [Epoch 35/50] train=0.004711 | val=0.014448
2025-05-22 21:04:30,342 [INFO] train: New best val_loss: 0.014448 → checkpoint ./models/checkpoints/vae_text.pth
2025-05-22 21:04:30,377 [INFO] train: [Epoch 36/50] train=0.004584 | val=0.014220
2025-05-22 21:04:30,380 [INFO] train: New best val_loss: 0.014220 → checkpoint ./models/checkpoints/vae_text.pth
2025-05-22 21:04:30,415 [INFO] train: [Epoch 37/50] train=0.004486 | val=0.014107
2025-05-22 21:04:30,417 [INFO] train: New best val_loss: 0.014107 → checkpoint ./models/checkpoints/vae_text.pth
2025-05-22 21:04:30,455 [INFO] train: [Epoch 38/50] train=0.004376 | val=0.013878
2025-05-22 21:04:30,458 [INFO] train: New best val_loss: 0.013878 → checkpoint ./models/checkpoints/vae_text.pth
2025-05-22 21:04:30,496 [INFO] train: [Epoch 39/50] train=0.004291 | val=0.013738
2025-05-22 21:04:30,498 [INFO] train: New best val_loss: 0.013738 → checkpoint ./models/checkpoints/vae_text.pth
2025-05-22 21:04:30,539 [INFO] train: [Epoch 40/50] train=0.004208 | val=0.013572
2025-05-22 21:04:30,542 [INFO] train: New best val_loss: 0.013572 → checkpoint ./models/checkpoints/vae_text.pth
2025-05-22 21:04:30,582 [INFO] train: [Epoch 41/50] train=0.004135 | val=0.013458
2025-05-22 21:04:30,585 [INFO] train: New best val_loss: 0.013458 → checkpoint ./models/checkpoints/vae_text.pth
2025-05-22 21:04:30,623 [INFO] train: [Epoch 42/50] train=0.004070 | val=0.013264
2025-05-22 21:04:30,626 [INFO] train: New best val_loss: 0.013264 → checkpoint ./models/checkpoints/vae_text.pth
2025-05-22 21:04:30,665 [INFO] train: [Epoch 43/50] train=0.003997 | val=0.013163
2025-05-22 21:04:30,667 [INFO] train: New best val_loss: 0.013163 → checkpoint ./models/checkpoints/vae_text.pth
2025-05-22 21:04:30,705 [INFO] train: [Epoch 44/50] train=0.003937 | val=0.012936
2025-05-22 21:04:30,708 [INFO] train: New best val_loss: 0.012936 → checkpoint ./models/checkpoints/vae_text.pth
2025-05-22 21:04:30,742 [INFO] train: [Epoch 45/50] train=0.003874 | val=0.012889
2025-05-22 21:04:30,778 [INFO] train: [Epoch 46/50] train=0.003809 | val=0.012784
2025-05-22 21:04:30,781 [INFO] train: New best val_loss: 0.012784 → checkpoint ./models/checkpoints/vae_text.pth
2025-05-22 21:04:30,816 [INFO] train: [Epoch 47/50] train=0.003749 | val=0.012658
2025-05-22 21:04:30,819 [INFO] train: New best val_loss: 0.012658 → checkpoint ./models/checkpoints/vae_text.pth
2025-05-22 21:04:30,858 [INFO] train: [Epoch 48/50] train=0.003693 | val=0.012542
2025-05-22 21:04:30,861 [INFO] train: New best val_loss: 0.012542 → checkpoint ./models/checkpoints/vae_text.pth
2025-05-22 21:04:30,896 [INFO] train: [Epoch 49/50] train=0.003655 | val=0.012522
2025-05-22 21:04:30,933 [INFO] train: [Epoch 50/50] train=0.003612 | val=0.012359
2025-05-22 21:04:30,936 [INFO] train: New best val_loss: 0.012359 → checkpoint ./models/checkpoints/vae_text.pth
2025-05-22 21:25:50,831 [INFO] train: cuDNN benchmark mode ACTIVE (desactivated deterministic mode)
2025-05-22 21:25:50,832 [INFO] main: 
Training VAE | device=cuda | deterministic=False
2025-05-22 21:25:53,133 [INFO] train: [Epoch 01/50] train=1.040769 | val=0.339647
2025-05-22 21:25:53,137 [INFO] train: New best val_loss: 0.339647 → checkpoint ./models/checkpoints/vae_text.pth
2025-05-22 21:25:53,177 [INFO] train: [Epoch 02/50] train=0.203172 | val=0.138071
2025-05-22 21:25:53,180 [INFO] train: New best val_loss: 0.138071 → checkpoint ./models/checkpoints/vae_text.pth
2025-05-22 21:25:53,221 [INFO] train: [Epoch 03/50] train=0.097964 | val=0.087412
2025-05-22 21:25:53,225 [INFO] train: New best val_loss: 0.087412 → checkpoint ./models/checkpoints/vae_text.pth
2025-05-22 21:25:53,265 [INFO] train: [Epoch 04/50] train=0.063628 | val=0.067163
2025-05-22 21:25:53,268 [INFO] train: New best val_loss: 0.067163 → checkpoint ./models/checkpoints/vae_text.pth
2025-05-22 21:25:53,308 [INFO] train: [Epoch 05/50] train=0.047223 | val=0.055923
2025-05-22 21:25:53,311 [INFO] train: New best val_loss: 0.055923 → checkpoint ./models/checkpoints/vae_text.pth
2025-05-22 21:25:53,352 [INFO] train: [Epoch 06/50] train=0.037623 | val=0.047982
2025-05-22 21:25:53,355 [INFO] train: New best val_loss: 0.047982 → checkpoint ./models/checkpoints/vae_text.pth
2025-05-22 21:25:53,395 [INFO] train: [Epoch 07/50] train=0.031099 | val=0.042250
2025-05-22 21:25:53,397 [INFO] train: New best val_loss: 0.042250 → checkpoint ./models/checkpoints/vae_text.pth
2025-05-22 21:25:53,438 [INFO] train: [Epoch 08/50] train=0.026186 | val=0.038110
2025-05-22 21:25:53,441 [INFO] train: New best val_loss: 0.038110 → checkpoint ./models/checkpoints/vae_text.pth
2025-05-22 21:25:53,483 [INFO] train: [Epoch 09/50] train=0.022626 | val=0.034753
2025-05-22 21:25:53,486 [INFO] train: New best val_loss: 0.034753 → checkpoint ./models/checkpoints/vae_text.pth
2025-05-22 21:25:53,527 [INFO] train: [Epoch 10/50] train=0.019681 | val=0.031915
2025-05-22 21:25:53,530 [INFO] train: New best val_loss: 0.031915 → checkpoint ./models/checkpoints/vae_text.pth
2025-05-22 21:25:53,567 [INFO] train: [Epoch 11/50] train=0.017567 | val=0.029697
2025-05-22 21:25:53,570 [INFO] train: New best val_loss: 0.029697 → checkpoint ./models/checkpoints/vae_text.pth
2025-05-22 21:25:53,609 [INFO] train: [Epoch 12/50] train=0.015687 | val=0.027702
2025-05-22 21:25:53,611 [INFO] train: New best val_loss: 0.027702 → checkpoint ./models/checkpoints/vae_text.pth
2025-05-22 21:25:53,652 [INFO] train: [Epoch 13/50] train=0.014177 | val=0.026176
2025-05-22 21:25:53,655 [INFO] train: New best val_loss: 0.026176 → checkpoint ./models/checkpoints/vae_text.pth
2025-05-22 21:25:53,695 [INFO] train: [Epoch 14/50] train=0.012913 | val=0.024864
2025-05-22 21:25:53,697 [INFO] train: New best val_loss: 0.024864 → checkpoint ./models/checkpoints/vae_text.pth
2025-05-22 21:25:53,738 [INFO] train: [Epoch 15/50] train=0.011794 | val=0.023666
2025-05-22 21:25:53,742 [INFO] train: New best val_loss: 0.023666 → checkpoint ./models/checkpoints/vae_text.pth
2025-05-22 21:25:53,784 [INFO] train: [Epoch 16/50] train=0.010915 | val=0.022518
2025-05-22 21:25:53,787 [INFO] train: New best val_loss: 0.022518 → checkpoint ./models/checkpoints/vae_text.pth
2025-05-22 21:25:53,827 [INFO] train: [Epoch 17/50] train=0.010147 | val=0.021706
2025-05-22 21:25:53,829 [INFO] train: New best val_loss: 0.021706 → checkpoint ./models/checkpoints/vae_text.pth
2025-05-22 21:25:53,868 [INFO] train: [Epoch 18/50] train=0.009480 | val=0.020912
2025-05-22 21:25:53,871 [INFO] train: New best val_loss: 0.020912 → checkpoint ./models/checkpoints/vae_text.pth
2025-05-22 21:25:53,911 [INFO] train: [Epoch 19/50] train=0.008917 | val=0.020208
2025-05-22 21:25:53,914 [INFO] train: New best val_loss: 0.020208 → checkpoint ./models/checkpoints/vae_text.pth
2025-05-22 21:25:53,953 [INFO] train: [Epoch 20/50] train=0.008375 | val=0.019554
2025-05-22 21:25:53,955 [INFO] train: New best val_loss: 0.019554 → checkpoint ./models/checkpoints/vae_text.pth
2025-05-22 21:25:53,997 [INFO] train: [Epoch 21/50] train=0.007941 | val=0.019015
2025-05-22 21:25:54,000 [INFO] train: New best val_loss: 0.019015 → checkpoint ./models/checkpoints/vae_text.pth
2025-05-22 21:25:54,041 [INFO] train: [Epoch 22/50] train=0.007503 | val=0.018484
2025-05-22 21:25:54,045 [INFO] train: New best val_loss: 0.018484 → checkpoint ./models/checkpoints/vae_text.pth
2025-05-22 21:25:54,086 [INFO] train: [Epoch 23/50] train=0.007118 | val=0.017981
2025-05-22 21:25:54,089 [INFO] train: New best val_loss: 0.017981 → checkpoint ./models/checkpoints/vae_text.pth
2025-05-22 21:25:54,130 [INFO] train: [Epoch 24/50] train=0.006826 | val=0.017546
2025-05-22 21:25:54,133 [INFO] train: New best val_loss: 0.017546 → checkpoint ./models/checkpoints/vae_text.pth
2025-05-22 21:25:54,172 [INFO] train: [Epoch 25/50] train=0.006520 | val=0.017189
2025-05-22 21:25:54,175 [INFO] train: New best val_loss: 0.017189 → checkpoint ./models/checkpoints/vae_text.pth
2025-05-22 21:25:54,217 [INFO] train: [Epoch 26/50] train=0.006273 | val=0.016833
2025-05-22 21:25:54,220 [INFO] train: New best val_loss: 0.016833 → checkpoint ./models/checkpoints/vae_text.pth
2025-05-22 21:25:54,262 [INFO] train: [Epoch 27/50] train=0.006022 | val=0.016424
2025-05-22 21:25:54,264 [INFO] train: New best val_loss: 0.016424 → checkpoint ./models/checkpoints/vae_text.pth
2025-05-22 21:25:54,307 [INFO] train: [Epoch 28/50] train=0.005807 | val=0.016164
2025-05-22 21:25:54,309 [INFO] train: New best val_loss: 0.016164 → checkpoint ./models/checkpoints/vae_text.pth
2025-05-22 21:25:54,352 [INFO] train: [Epoch 29/50] train=0.005605 | val=0.015944
2025-05-22 21:25:54,355 [INFO] train: New best val_loss: 0.015944 → checkpoint ./models/checkpoints/vae_text.pth
2025-05-22 21:25:54,397 [INFO] train: [Epoch 30/50] train=0.005420 | val=0.015590
2025-05-22 21:25:54,400 [INFO] train: New best val_loss: 0.015590 → checkpoint ./models/checkpoints/vae_text.pth
2025-05-22 21:25:54,444 [INFO] train: [Epoch 31/50] train=0.005244 | val=0.015307
2025-05-22 21:25:54,446 [INFO] train: New best val_loss: 0.015307 → checkpoint ./models/checkpoints/vae_text.pth
2025-05-22 21:25:54,487 [INFO] train: [Epoch 32/50] train=0.005097 | val=0.015070
2025-05-22 21:25:54,490 [INFO] train: New best val_loss: 0.015070 → checkpoint ./models/checkpoints/vae_text.pth
2025-05-22 21:25:54,532 [INFO] train: [Epoch 33/50] train=0.004973 | val=0.014845
2025-05-22 21:25:54,535 [INFO] train: New best val_loss: 0.014845 → checkpoint ./models/checkpoints/vae_text.pth
2025-05-22 21:25:54,575 [INFO] train: [Epoch 34/50] train=0.004818 | val=0.014600
2025-05-22 21:25:54,579 [INFO] train: New best val_loss: 0.014600 → checkpoint ./models/checkpoints/vae_text.pth
2025-05-22 21:25:54,617 [INFO] train: [Epoch 35/50] train=0.004711 | val=0.014448
2025-05-22 21:25:54,620 [INFO] train: New best val_loss: 0.014448 → checkpoint ./models/checkpoints/vae_text.pth
2025-05-22 21:25:54,661 [INFO] train: [Epoch 36/50] train=0.004584 | val=0.014220
2025-05-22 21:25:54,664 [INFO] train: New best val_loss: 0.014220 → checkpoint ./models/checkpoints/vae_text.pth
2025-05-22 21:25:54,706 [INFO] train: [Epoch 37/50] train=0.004486 | val=0.014107
2025-05-22 21:25:54,709 [INFO] train: New best val_loss: 0.014107 → checkpoint ./models/checkpoints/vae_text.pth
2025-05-22 21:25:54,751 [INFO] train: [Epoch 38/50] train=0.004376 | val=0.013878
2025-05-22 21:25:54,753 [INFO] train: New best val_loss: 0.013878 → checkpoint ./models/checkpoints/vae_text.pth
2025-05-22 21:25:54,796 [INFO] train: [Epoch 39/50] train=0.004291 | val=0.013738
2025-05-22 21:25:54,799 [INFO] train: New best val_loss: 0.013738 → checkpoint ./models/checkpoints/vae_text.pth
2025-05-22 21:25:54,841 [INFO] train: [Epoch 40/50] train=0.004208 | val=0.013572
2025-05-22 21:25:54,845 [INFO] train: New best val_loss: 0.013572 → checkpoint ./models/checkpoints/vae_text.pth
2025-05-22 21:25:54,880 [INFO] train: [Epoch 41/50] train=0.004135 | val=0.013458
2025-05-22 21:25:54,883 [INFO] train: New best val_loss: 0.013458 → checkpoint ./models/checkpoints/vae_text.pth
2025-05-22 21:25:54,919 [INFO] train: [Epoch 42/50] train=0.004070 | val=0.013264
2025-05-22 21:25:54,921 [INFO] train: New best val_loss: 0.013264 → checkpoint ./models/checkpoints/vae_text.pth
2025-05-22 21:25:54,956 [INFO] train: [Epoch 43/50] train=0.003997 | val=0.013163
2025-05-22 21:25:54,959 [INFO] train: New best val_loss: 0.013163 → checkpoint ./models/checkpoints/vae_text.pth
2025-05-22 21:25:54,994 [INFO] train: [Epoch 44/50] train=0.003937 | val=0.012936
2025-05-22 21:25:54,998 [INFO] train: New best val_loss: 0.012936 → checkpoint ./models/checkpoints/vae_text.pth
2025-05-22 21:25:55,033 [INFO] train: [Epoch 45/50] train=0.003874 | val=0.012889
2025-05-22 21:25:55,067 [INFO] train: [Epoch 46/50] train=0.003809 | val=0.012784
2025-05-22 21:25:55,070 [INFO] train: New best val_loss: 0.012784 → checkpoint ./models/checkpoints/vae_text.pth
2025-05-22 21:25:55,103 [INFO] train: [Epoch 47/50] train=0.003749 | val=0.012658
2025-05-22 21:25:55,106 [INFO] train: New best val_loss: 0.012658 → checkpoint ./models/checkpoints/vae_text.pth
2025-05-22 21:25:55,140 [INFO] train: [Epoch 48/50] train=0.003693 | val=0.012542
2025-05-22 21:25:55,143 [INFO] train: New best val_loss: 0.012542 → checkpoint ./models/checkpoints/vae_text.pth
2025-05-22 21:25:55,177 [INFO] train: [Epoch 49/50] train=0.003655 | val=0.012522
2025-05-22 21:25:55,213 [INFO] train: [Epoch 50/50] train=0.003612 | val=0.012359
2025-05-22 21:25:55,216 [INFO] train: New best val_loss: 0.012359 → checkpoint ./models/checkpoints/vae_text.pth
2025-05-22 21:25:55,216 [INFO] main: [DONE] Best val_loss = 0.012359
2025-05-22 21:25:55,216 [INFO] main: 

2025-05-22 21:36:41,965 [INFO] train: cuDNN benchmark mode ACTIVE (desactivated deterministic mode)
2025-05-22 21:36:41,965 [INFO] main: 
2025-05-22 21:36:41,965 [INFO] main: Training CAE | device=cuda | deterministic=False | hard_negatives=True
2025-05-22 21:36:44,400 [INFO] train: [Epoch 01/50] train=0.138119 | val=0.118645
2025-05-22 21:36:44,405 [INFO] train: New best val_loss: 0.118645 → checkpoint ./models/checkpoints/contrastive_ae.pth
2025-05-22 21:36:44,479 [INFO] train: [Epoch 02/50] train=0.088636 | val=0.112114
2025-05-22 21:36:44,482 [INFO] train: New best val_loss: 0.112114 → checkpoint ./models/checkpoints/contrastive_ae.pth
2025-05-22 21:36:44,551 [INFO] train: [Epoch 03/50] train=0.069246 | val=0.114330
2025-05-22 21:36:44,621 [INFO] train: [Epoch 04/50] train=0.063550 | val=0.117342
2025-05-22 21:36:44,690 [INFO] train: [Epoch 05/50] train=0.056668 | val=0.117659
2025-05-22 21:36:44,760 [INFO] train: [Epoch 06/50] train=0.052669 | val=0.114930
2025-05-22 21:36:44,826 [INFO] train: [Epoch 07/50] train=0.051061 | val=0.117022
2025-05-22 21:36:44,832 [INFO] train: [EARLY STOP] No improvement in validation.
2025-05-22 21:36:44,832 [INFO] main: [DONE] Best val_loss = 0.112114
2025-05-22 21:36:44,832 [INFO] main: 
2025-05-22 21:37:09,809 [INFO] train: cuDNN benchmark mode ACTIVE (desactivated deterministic mode)
2025-05-22 21:37:09,809 [INFO] main: 
2025-05-22 21:37:09,809 [INFO] main: Training DAE | device=cuda | deterministic=False
2025-05-22 21:37:12,105 [INFO] train: [Epoch 01/50] train=0.002564 | val=0.002248
2025-05-22 21:37:12,110 [INFO] train: New best val_loss: 0.002248 → checkpoint ./models/checkpoints/dae_text.pth
2025-05-22 21:37:12,143 [INFO] train: [Epoch 02/50] train=0.002035 | val=0.001860
2025-05-22 21:37:12,145 [INFO] train: New best val_loss: 0.001860 → checkpoint ./models/checkpoints/dae_text.pth
2025-05-22 21:37:12,173 [INFO] train: [Epoch 03/50] train=0.001714 | val=0.001614
2025-05-22 21:37:12,175 [INFO] train: New best val_loss: 0.001614 → checkpoint ./models/checkpoints/dae_text.pth
2025-05-22 21:37:12,205 [INFO] train: [Epoch 04/50] train=0.001475 | val=0.001442
2025-05-22 21:37:12,208 [INFO] train: New best val_loss: 0.001442 → checkpoint ./models/checkpoints/dae_text.pth
2025-05-22 21:37:12,238 [INFO] train: [Epoch 05/50] train=0.001307 | val=0.001328
2025-05-22 21:37:12,240 [INFO] train: New best val_loss: 0.001328 → checkpoint ./models/checkpoints/dae_text.pth
2025-05-22 21:37:12,267 [INFO] train: [Epoch 06/50] train=0.001181 | val=0.001253
2025-05-22 21:37:12,295 [INFO] train: [Epoch 07/50] train=0.001085 | val=0.001193
2025-05-22 21:37:12,298 [INFO] train: New best val_loss: 0.001193 → checkpoint ./models/checkpoints/dae_text.pth
2025-05-22 21:37:12,324 [INFO] train: [Epoch 08/50] train=0.001007 | val=0.001151
2025-05-22 21:37:12,352 [INFO] train: [Epoch 09/50] train=0.000941 | val=0.001111
2025-05-22 21:37:12,378 [INFO] train: [Epoch 10/50] train=0.000887 | val=0.001083
2025-05-22 21:37:12,381 [INFO] train: New best val_loss: 0.001083 → checkpoint ./models/checkpoints/dae_text.pth
2025-05-22 21:37:12,409 [INFO] train: [Epoch 11/50] train=0.000839 | val=0.001062
2025-05-22 21:37:12,436 [INFO] train: [Epoch 12/50] train=0.000795 | val=0.001045
2025-05-22 21:37:12,463 [INFO] train: [Epoch 13/50] train=0.000763 | val=0.001035
2025-05-22 21:37:12,490 [INFO] train: [Epoch 14/50] train=0.000732 | val=0.001022
2025-05-22 21:37:12,517 [INFO] train: [Epoch 15/50] train=0.000703 | val=0.001016
2025-05-22 21:37:12,518 [INFO] train: [EARLY STOP] No improvement in validation.
2025-05-22 21:37:12,518 [INFO] main: [DONE] Best val_loss = 0.001083
2025-05-22 21:37:12,518 [INFO] main: 
2025-05-24 23:42:18,581 [INFO] utils.training_utils: cuDNN benchmark mode ACTIVE (desactivated deterministic mode)
2025-05-24 23:43:09,276 [INFO] utils.training_utils: cuDNN benchmark mode ACTIVE (desactivated deterministic mode)
2025-05-24 23:44:05,468 [INFO] utils.training_utils: cuDNN benchmark mode ACTIVE (desactivated deterministic mode)
2025-05-24 23:44:19,941 [INFO] sentence_transformers.SentenceTransformer: Use pytorch device_name: cuda:0
2025-05-24 23:44:19,941 [INFO] sentence_transformers.SentenceTransformer: Load pretrained SentenceTransformer: sentence-transformers/all-MiniLM-L6-v2
2025-05-24 23:49:36,228 [INFO] utils.training_utils: cuDNN benchmark mode ACTIVE (desactivated deterministic mode)
2025-05-24 23:50:02,751 [INFO] utils.training_utils: cuDNN benchmark mode ACTIVE (desactivated deterministic mode)
2025-05-24 23:50:48,319 [INFO] train: cuDNN benchmark mode ACTIVE (desactivated deterministic mode)
2025-05-24 23:56:18,764 [INFO] train: cuDNN benchmark mode ACTIVE (desactivated deterministic mode)
2025-05-24 23:58:28,380 [INFO] train: cuDNN benchmark mode ACTIVE (desactivated deterministic mode)
2025-05-25 00:00:00,693 [INFO] train: cuDNN benchmark mode ACTIVE (desactivated deterministic mode)
2025-05-25 00:00:04,153 [INFO] train: [Epoch 01/50] train=0.076963 | val=0.068621
2025-05-25 00:00:04,169 [INFO] train: New best val_loss → checkpoint ./models/checkpoints/contrastive_ae.pth
2025-05-25 00:00:04,946 [INFO] train: [Epoch 02/50] train=0.053992 | val=0.064117
2025-05-25 00:00:04,949 [INFO] train: New best val_loss → checkpoint ./models/checkpoints/contrastive_ae.pth
2025-05-25 00:00:05,751 [INFO] train: [Epoch 03/50] train=0.045949 | val=0.061449
2025-05-25 00:00:05,754 [INFO] train: New best val_loss → checkpoint ./models/checkpoints/contrastive_ae.pth
2025-05-25 00:00:06,546 [INFO] train: [Epoch 04/50] train=0.039930 | val=0.060312
2025-05-25 00:00:06,549 [INFO] train: New best val_loss → checkpoint ./models/checkpoints/contrastive_ae.pth
2025-05-25 00:00:07,354 [INFO] train: [Epoch 05/50] train=0.037128 | val=0.060090
2025-05-25 00:00:07,357 [INFO] train: New best val_loss → checkpoint ./models/checkpoints/contrastive_ae.pth
2025-05-25 00:00:08,164 [INFO] train: [Epoch 06/50] train=0.032374 | val=0.060443
2025-05-25 00:00:08,974 [INFO] train: [Epoch 07/50] train=0.030505 | val=0.059725
2025-05-25 00:00:08,977 [INFO] train: New best val_loss → checkpoint ./models/checkpoints/contrastive_ae.pth
2025-05-25 00:00:09,784 [INFO] train: [Epoch 08/50] train=0.027741 | val=0.060282
2025-05-25 00:00:10,586 [INFO] train: [Epoch 09/50] train=0.025990 | val=0.060161
2025-05-25 00:00:11,379 [INFO] train: [Epoch 10/50] train=0.023635 | val=0.061478
2025-05-25 00:00:12,171 [INFO] train: [Epoch 11/50] train=0.021926 | val=0.062476
2025-05-25 00:00:13,018 [INFO] train: [Epoch 12/50] train=0.021708 | val=0.062522
2025-05-25 00:00:13,018 [INFO] train: [EARLY STOP] No improvement in validation.
2025-05-25 00:00:13,018 [INFO] main: [DONE] Best val_loss = 0.059725
2025-05-25 00:00:31,187 [INFO] train: cuDNN benchmark mode ACTIVE (desactivated deterministic mode)
2025-05-25 00:00:31,187 [INFO] main: 
2025-05-25 00:00:31,188 [INFO] main: Training DAE | device=cuda
2025-05-25 00:00:33,911 [INFO] train: [Epoch 01/50] train=0.001802 | val=0.001356
2025-05-25 00:00:33,915 [INFO] train: New best val_loss: 0.001356 → checkpoint ./models/checkpoints/dae_text.pth
2025-05-25 00:00:34,362 [INFO] train: [Epoch 02/50] train=0.001230 | val=0.001194
2025-05-25 00:00:34,366 [INFO] train: New best val_loss: 0.001194 → checkpoint ./models/checkpoints/dae_text.pth
2025-05-25 00:00:34,785 [INFO] train: [Epoch 03/50] train=0.001116 | val=0.001136
2025-05-25 00:00:35,181 [INFO] train: [Epoch 04/50] train=0.001056 | val=0.001099
2025-05-25 00:00:35,599 [INFO] train: [Epoch 05/50] train=0.001015 | val=0.001077
2025-05-25 00:00:35,602 [INFO] train: New best val_loss: 0.001077 → checkpoint ./models/checkpoints/dae_text.pth
2025-05-25 00:00:36,009 [INFO] train: [Epoch 06/50] train=0.000985 | val=0.001059
2025-05-25 00:00:36,425 [INFO] train: [Epoch 07/50] train=0.000961 | val=0.001046
2025-05-25 00:00:36,846 [INFO] train: [Epoch 08/50] train=0.000940 | val=0.001036
2025-05-25 00:00:37,257 [INFO] train: [Epoch 09/50] train=0.000923 | val=0.001032
2025-05-25 00:00:37,695 [INFO] train: [Epoch 10/50] train=0.000909 | val=0.001025
2025-05-25 00:00:37,695 [INFO] train: [EARLY STOP] No improvement in validation.
2025-05-25 00:00:37,695 [INFO] main: [DONE] Best val_loss = 0.001077
2025-05-25 00:00:37,695 [INFO] main: 
2025-05-25 00:50:15,260 [INFO] utils.training_utils: cuDNN benchmark mode ACTIVE (desactivated deterministic mode)
2025-05-25 00:50:24,458 [INFO] sentence_transformers.SentenceTransformer: Use pytorch device_name: cuda:0
2025-05-25 00:50:24,458 [INFO] sentence_transformers.SentenceTransformer: Load pretrained SentenceTransformer: sentence-transformers/all-MiniLM-L6-v2
2025-05-25 00:52:15,617 [INFO] train: cuDNN benchmark mode ACTIVE (desactivated deterministic mode)
2025-05-25 00:52:15,617 [INFO] main: 
2025-05-25 00:52:15,617 [INFO] main: Training DAE | device=cuda
2025-05-25 00:52:17,260 [INFO] train: [Epoch 01/50] train=0.001563 | val=0.001238
2025-05-25 00:52:17,266 [INFO] train: New best val_loss: 0.001238 → checkpoint ./models/checkpoints/dae_text.pth
2025-05-25 00:52:17,853 [INFO] train: [Epoch 02/50] train=0.001168 | val=0.001139
2025-05-25 00:52:18,470 [INFO] train: [Epoch 03/50] train=0.001096 | val=0.001096
2025-05-25 00:52:18,473 [INFO] train: New best val_loss: 0.001096 → checkpoint ./models/checkpoints/dae_text.pth
2025-05-25 00:52:19,096 [INFO] train: [Epoch 04/50] train=0.001055 | val=0.001075
2025-05-25 00:52:19,691 [INFO] train: [Epoch 05/50] train=0.001027 | val=0.001055
2025-05-25 00:52:20,289 [INFO] train: [Epoch 06/50] train=0.001006 | val=0.001042
2025-05-25 00:52:20,886 [INFO] train: [Epoch 07/50] train=0.000988 | val=0.001034
2025-05-25 00:52:21,482 [INFO] train: [Epoch 08/50] train=0.000975 | val=0.001027
2025-05-25 00:52:21,482 [INFO] train: [EARLY STOP] No improvement in validation.
2025-05-25 00:52:21,482 [INFO] main: [DONE] Best val_loss = 0.001096
2025-05-25 00:52:21,482 [INFO] main: 
2025-05-25 00:52:35,427 [INFO] train: cuDNN benchmark mode ACTIVE (desactivated deterministic mode)
2025-05-25 00:52:37,169 [INFO] train: [Epoch 01/50] train=0.076963 | val=0.068621
2025-05-25 00:52:37,173 [INFO] train: New best val_loss → checkpoint ./models/checkpoints/contrastive_ae.pth
2025-05-25 00:52:37,767 [INFO] train: [Epoch 02/50] train=0.053992 | val=0.064117
2025-05-25 00:52:37,770 [INFO] train: New best val_loss → checkpoint ./models/checkpoints/contrastive_ae.pth
2025-05-25 00:52:38,377 [INFO] train: [Epoch 03/50] train=0.045949 | val=0.061449
2025-05-25 00:52:38,380 [INFO] train: New best val_loss → checkpoint ./models/checkpoints/contrastive_ae.pth
2025-05-25 00:52:38,990 [INFO] train: [Epoch 04/50] train=0.039930 | val=0.060312
2025-05-25 00:52:38,993 [INFO] train: New best val_loss → checkpoint ./models/checkpoints/contrastive_ae.pth
2025-05-25 00:52:39,611 [INFO] train: [Epoch 05/50] train=0.037128 | val=0.060090
2025-05-25 00:52:39,613 [INFO] train: New best val_loss → checkpoint ./models/checkpoints/contrastive_ae.pth
2025-05-25 00:52:38,985 [INFO] train: [Epoch 06/50] train=0.032374 | val=0.060443
2025-05-25 00:52:39,583 [INFO] train: [Epoch 07/50] train=0.030505 | val=0.059725
2025-05-25 00:52:39,586 [INFO] train: New best val_loss → checkpoint ./models/checkpoints/contrastive_ae.pth
2025-05-25 00:52:40,182 [INFO] train: [Epoch 08/50] train=0.027741 | val=0.060282
2025-05-25 00:52:40,763 [INFO] train: [Epoch 09/50] train=0.025990 | val=0.060161
2025-05-25 00:52:41,330 [INFO] train: [Epoch 10/50] train=0.023635 | val=0.061478
2025-05-25 00:52:42,051 [INFO] train: [Epoch 11/50] train=0.021926 | val=0.062476
2025-05-25 00:52:42,677 [INFO] train: [Epoch 12/50] train=0.021708 | val=0.062522
2025-05-25 00:52:42,677 [INFO] train: [EARLY STOP] No improvement in validation.
2025-05-25 00:52:42,677 [INFO] main: [DONE] Best val_loss = 0.059725
2025-05-25 10:19:11,284 [INFO] main: cuDNN benchmark mode ACTIVE (desactivated deterministic mode)
2025-05-25 10:24:53,177 [INFO] main: cuDNN benchmark mode ACTIVE (desactivated deterministic mode)
2025-05-25 10:25:05,626 [INFO] sentence_transformers.SentenceTransformer: Use pytorch device_name: cuda:0
2025-05-25 10:25:05,626 [INFO] sentence_transformers.SentenceTransformer: Load pretrained SentenceTransformer: sentence-transformers/all-MiniLM-L6-v2
2025-05-25 10:30:51,447 [INFO] train: CAE | device=cuda | hard_negatives=True | margin=0.200
2025-05-25 10:32:09,684 [INFO] main: cuDNN benchmark mode ACTIVE (desactivated deterministic mode)
2025-05-25 10:32:09,896 [INFO] train: CAE | device=cuda | hard_negatives=True | margin=0.200
2025-05-25 10:33:32,971 [INFO] main: cuDNN benchmark mode ACTIVE (desactivated deterministic mode)
2025-05-25 10:33:33,171 [INFO] train: CAE | device=cuda | hard_negatives=True | margin=0.200
2025-05-25 10:36:15,875 [INFO] main: cuDNN benchmark mode ACTIVE (desactivated deterministic mode)
2025-05-25 10:36:16,090 [INFO] train: CAE | device=cuda | hard_negatives=True | margin=0.200
2025-05-25 10:36:17,951 [INFO] train: [Epoch 01/50] train=0.062354 | val=0.056432
2025-05-25 10:36:17,967 [INFO] train: 🏆  Nueva mejor val_loss → 0.056432  (checkpoint guardado)
2025-05-25 10:36:20,514 [INFO] train: [Epoch 02/50] train=0.049205 | val=0.054554
2025-05-25 10:36:20,517 [INFO] train: 🏆  Nueva mejor val_loss → 0.054554  (checkpoint guardado)
2025-05-25 10:36:23,012 [INFO] train: [Epoch 03/50] train=0.045920 | val=0.054064
2025-05-25 10:36:23,015 [INFO] train: 🏆  Nueva mejor val_loss → 0.054064  (checkpoint guardado)
2025-05-25 10:36:25,515 [INFO] train: [Epoch 04/50] train=0.044380 | val=0.052073
2025-05-25 10:36:25,518 [INFO] train: 🏆  Nueva mejor val_loss → 0.052073  (checkpoint guardado)
2025-05-25 10:36:28,251 [INFO] train: [Epoch 05/50] train=0.042924 | val=0.051981
2025-05-25 10:36:31,020 [INFO] train: [Epoch 06/50] train=0.041839 | val=0.052699
2025-05-25 11:33:40,529 [INFO] utils.training_utils: cuDNN benchmark mode ACTIVE (desactivated deterministic mode)
2025-05-25 11:34:15,346 [INFO] utils.training_utils: cuDNN benchmark mode ACTIVE (desactivated deterministic mode)
2025-05-25 11:34:41,850 [INFO] utils.training_utils: cuDNN benchmark mode ACTIVE (desactivated deterministic mode)
2025-05-25 11:34:57,611 [INFO] utils.training_utils: cuDNN benchmark mode ACTIVE (desactivated deterministic mode)
2025-05-25 11:35:48,664 [INFO] utils.training_utils: cuDNN benchmark mode ACTIVE (desactivated deterministic mode)
2025-05-25 12:43:29,997 [INFO] train: cuDNN benchmark mode ACTIVE (desactivated deterministic mode)
2025-05-25 12:43:43,773 [INFO] sentence_transformers.SentenceTransformer: Use pytorch device_name: cuda:0
2025-05-25 12:43:43,773 [INFO] sentence_transformers.SentenceTransformer: Load pretrained SentenceTransformer: sentence-transformers/all-MiniLM-L6-v2
2025-05-25 12:49:43,745 [INFO] main: 
2025-05-25 12:49:43,745 [INFO] main: Training DAE | device=cuda
2025-05-25 12:49:46,747 [INFO] train: [Epoch 01/50] train=0.001363 | val=0.001193
2025-05-25 12:49:46,762 [INFO] train: New best val_loss: 0.001193 → checkpoint ./models/checkpoints/dae_text.pth
2025-05-25 12:49:49,404 [INFO] train: [Epoch 02/50] train=0.001149 | val=0.001129
2025-05-25 12:49:52,077 [INFO] train: [Epoch 03/50] train=0.001103 | val=0.001101
2025-05-25 12:49:54,538 [INFO] train: [Epoch 04/50] train=0.001078 | val=0.001087
2025-05-25 12:49:54,541 [INFO] train: New best val_loss: 0.001087 → checkpoint ./models/checkpoints/dae_text.pth
2025-05-25 12:49:57,086 [INFO] train: [Epoch 05/50] train=0.001062 | val=0.001072
2025-05-25 12:49:59,539 [INFO] train: [Epoch 06/50] train=0.001051 | val=0.001065
2025-05-25 12:50:01,948 [INFO] train: [Epoch 07/50] train=0.001043 | val=0.001057
2025-05-25 12:50:04,336 [INFO] train: [Epoch 08/50] train=0.001037 | val=0.001055
2025-05-25 12:50:06,754 [INFO] train: [Epoch 09/50] train=0.001031 | val=0.001054
2025-05-25 12:50:06,755 [INFO] train: [EARLY STOP] No improvement in validation.
2025-05-25 12:50:06,755 [INFO] main: [DONE] Best val_loss = 0.001087
2025-05-25 12:50:06,755 [INFO] main: 
2025-05-25 17:09:39,759 [INFO] utils.training_utils: cuDNN benchmark mode ACTIVE (desactivated deterministic mode)
2025-05-25 17:09:52,194 [INFO] sentence_transformers.SentenceTransformer: Use pytorch device_name: cuda:0
2025-05-25 17:09:52,194 [INFO] sentence_transformers.SentenceTransformer: Load pretrained SentenceTransformer: sentence-transformers/all-MiniLM-L6-v2
2025-05-25 17:26:07,968 [INFO] train: cuDNN benchmark mode ACTIVE (desactivated deterministic mode)
2025-05-25 17:35:54,434 [INFO] train: cuDNN benchmark mode ACTIVE (desactivated deterministic mode)
2025-05-25 17:35:59,535 [INFO] main: Device resolved → cuda
2025-05-25 17:35:59,974 [INFO] sentence_transformers.SentenceTransformer: Load pretrained SentenceTransformer: sentence-transformers/all-MiniLM-L6-v2
2025-05-25 17:36:02,176 [INFO] main: Compressor ready (AE = vae)
2025-05-25 17:36:02,209 [INFO] RAGGenerator: API Key OpenAI cargada correctamente.
2025-05-25 17:36:02,209 [INFO] main: Running pipeline: |queries|=200 |docs|=10
2025-05-25 17:36:06,596 [INFO] httpx: HTTP Request: POST https://api.openai.com/v1/chat/completions "HTTP/1.1 200 OK"
2025-05-25 17:36:10,226 [INFO] httpx: HTTP Request: POST https://api.openai.com/v1/chat/completions "HTTP/1.1 200 OK"
2025-05-25 17:36:14,180 [INFO] httpx: HTTP Request: POST https://api.openai.com/v1/chat/completions "HTTP/1.1 200 OK"
2025-05-25 17:36:17,521 [INFO] httpx: HTTP Request: POST https://api.openai.com/v1/chat/completions "HTTP/1.1 200 OK"
2025-05-25 17:39:54,618 [INFO] train: cuDNN benchmark mode ACTIVE (desactivated deterministic mode)
2025-05-25 17:39:59,027 [INFO] main: Device resolved → cuda
2025-05-25 17:39:59,481 [INFO] sentence_transformers.SentenceTransformer: Load pretrained SentenceTransformer: sentence-transformers/all-MiniLM-L6-v2
2025-05-25 17:40:01,685 [INFO] main: Compressor ready (AE = vae)
2025-05-25 17:40:01,718 [INFO] RAGGenerator: API Key OpenAI cargada correctamente.
2025-05-25 17:40:01,718 [INFO] main: Running pipeline: |queries|=2 |docs|=1
2025-05-25 17:40:06,485 [INFO] httpx: HTTP Request: POST https://api.openai.com/v1/chat/completions "HTTP/1.1 200 OK"
2025-05-25 17:40:10,069 [INFO] httpx: HTTP Request: POST https://api.openai.com/v1/chat/completions "HTTP/1.1 200 OK"
2025-05-25 17:43:42,186 [INFO] train: cuDNN benchmark mode ACTIVE (desactivated deterministic mode)
2025-05-25 17:43:46,874 [INFO] main: Device resolved → cuda
2025-05-25 17:43:47,324 [INFO] sentence_transformers.SentenceTransformer: Load pretrained SentenceTransformer: sentence-transformers/all-MiniLM-L6-v2
2025-05-25 17:43:52,683 [INFO] main: Compressor ready (AE = vae)
2025-05-25 17:43:52,719 [INFO] RAGGenerator: API Key OpenAI cargada correctamente.
2025-05-25 17:43:52,719 [INFO] main: Running pipeline: |queries|=30 |docs|=1
2025-05-25 17:43:56,597 [INFO] httpx: HTTP Request: POST https://api.openai.com/v1/chat/completions "HTTP/1.1 200 OK"
2025-05-25 17:44:01,621 [INFO] httpx: HTTP Request: POST https://api.openai.com/v1/chat/completions "HTTP/1.1 200 OK"
2025-05-25 17:44:04,182 [INFO] httpx: HTTP Request: POST https://api.openai.com/v1/chat/completions "HTTP/1.1 200 OK"
2025-05-25 17:44:07,593 [INFO] httpx: HTTP Request: POST https://api.openai.com/v1/chat/completions "HTTP/1.1 200 OK"
2025-05-25 17:44:11,609 [INFO] httpx: HTTP Request: POST https://api.openai.com/v1/chat/completions "HTTP/1.1 200 OK"
2025-05-25 17:44:15,704 [INFO] httpx: HTTP Request: POST https://api.openai.com/v1/chat/completions "HTTP/1.1 200 OK"
2025-05-25 17:44:19,682 [INFO] httpx: HTTP Request: POST https://api.openai.com/v1/chat/completions "HTTP/1.1 200 OK"
2025-05-25 17:44:22,254 [INFO] httpx: HTTP Request: POST https://api.openai.com/v1/chat/completions "HTTP/1.1 200 OK"
2025-05-25 17:44:26,610 [INFO] httpx: HTTP Request: POST https://api.openai.com/v1/chat/completions "HTTP/1.1 200 OK"
2025-05-25 17:44:29,019 [INFO] httpx: HTTP Request: POST https://api.openai.com/v1/chat/completions "HTTP/1.1 200 OK"
2025-05-25 17:44:31,500 [INFO] httpx: HTTP Request: POST https://api.openai.com/v1/chat/completions "HTTP/1.1 200 OK"
2025-05-25 17:44:33,946 [INFO] httpx: HTTP Request: POST https://api.openai.com/v1/chat/completions "HTTP/1.1 200 OK"
2025-05-25 17:44:37,973 [INFO] httpx: HTTP Request: POST https://api.openai.com/v1/chat/completions "HTTP/1.1 200 OK"
2025-05-25 17:44:41,178 [INFO] httpx: HTTP Request: POST https://api.openai.com/v1/chat/completions "HTTP/1.1 200 OK"
2025-05-25 17:44:45,716 [INFO] httpx: HTTP Request: POST https://api.openai.com/v1/chat/completions "HTTP/1.1 200 OK"
2025-05-25 17:44:50,344 [INFO] httpx: HTTP Request: POST https://api.openai.com/v1/chat/completions "HTTP/1.1 200 OK"
2025-05-25 17:44:53,894 [INFO] httpx: HTTP Request: POST https://api.openai.com/v1/chat/completions "HTTP/1.1 200 OK"
2025-05-25 17:44:58,620 [INFO] httpx: HTTP Request: POST https://api.openai.com/v1/chat/completions "HTTP/1.1 200 OK"
2025-05-25 17:45:01,971 [INFO] httpx: HTTP Request: POST https://api.openai.com/v1/chat/completions "HTTP/1.1 200 OK"
2025-05-25 17:45:04,414 [INFO] httpx: HTTP Request: POST https://api.openai.com/v1/chat/completions "HTTP/1.1 200 OK"
2025-05-25 17:45:06,956 [INFO] httpx: HTTP Request: POST https://api.openai.com/v1/chat/completions "HTTP/1.1 200 OK"
2025-05-25 17:45:09,855 [INFO] httpx: HTTP Request: POST https://api.openai.com/v1/chat/completions "HTTP/1.1 200 OK"
2025-05-25 17:45:11,954 [INFO] httpx: HTTP Request: POST https://api.openai.com/v1/chat/completions "HTTP/1.1 200 OK"
2025-05-25 17:45:15,218 [INFO] httpx: HTTP Request: POST https://api.openai.com/v1/chat/completions "HTTP/1.1 200 OK"
2025-05-25 17:45:18,627 [INFO] httpx: HTTP Request: POST https://api.openai.com/v1/chat/completions "HTTP/1.1 200 OK"
2025-05-25 17:45:21,508 [INFO] httpx: HTTP Request: POST https://api.openai.com/v1/chat/completions "HTTP/1.1 200 OK"
2025-05-25 17:45:24,354 [INFO] httpx: HTTP Request: POST https://api.openai.com/v1/chat/completions "HTTP/1.1 200 OK"
2025-05-25 17:45:28,569 [INFO] httpx: HTTP Request: POST https://api.openai.com/v1/chat/completions "HTTP/1.1 200 OK"
2025-05-25 17:45:31,726 [INFO] httpx: HTTP Request: POST https://api.openai.com/v1/chat/completions "HTTP/1.1 200 OK"
2025-05-25 17:45:36,205 [INFO] httpx: HTTP Request: POST https://api.openai.com/v1/chat/completions "HTTP/1.1 200 OK"
2025-05-25 17:50:24,893 [INFO] train: cuDNN benchmark mode ACTIVE (desactivated deterministic mode)
2025-05-25 17:50:29,568 [INFO] main: Device resolved → cuda
2025-05-25 17:50:29,961 [INFO] sentence_transformers.SentenceTransformer: Load pretrained SentenceTransformer: sentence-transformers/all-MiniLM-L6-v2
2025-05-25 17:50:32,034 [INFO] main: Compressor ready (AE = vae)
2025-05-25 17:50:32,069 [INFO] RAGGenerator: API Key OpenAI cargada correctamente.
2025-05-25 17:50:32,069 [INFO] main: Running pipeline: |queries|=30 |docs|=1
2025-05-25 17:50:38,375 [INFO] httpx: HTTP Request: POST https://api.openai.com/v1/chat/completions "HTTP/1.1 200 OK"
2025-05-25 17:50:41,768 [INFO] httpx: HTTP Request: POST https://api.openai.com/v1/chat/completions "HTTP/1.1 200 OK"
2025-05-25 17:50:45,618 [INFO] httpx: HTTP Request: POST https://api.openai.com/v1/chat/completions "HTTP/1.1 200 OK"
2025-05-25 17:50:49,164 [INFO] httpx: HTTP Request: POST https://api.openai.com/v1/chat/completions "HTTP/1.1 200 OK"
2025-05-25 17:50:52,716 [INFO] httpx: HTTP Request: POST https://api.openai.com/v1/chat/completions "HTTP/1.1 200 OK"
2025-05-25 17:50:58,149 [INFO] httpx: HTTP Request: POST https://api.openai.com/v1/chat/completions "HTTP/1.1 200 OK"
2025-05-25 17:51:01,898 [INFO] httpx: HTTP Request: POST https://api.openai.com/v1/chat/completions "HTTP/1.1 200 OK"
2025-05-25 17:51:03,847 [INFO] httpx: HTTP Request: POST https://api.openai.com/v1/chat/completions "HTTP/1.1 200 OK"
2025-05-25 17:51:08,516 [INFO] httpx: HTTP Request: POST https://api.openai.com/v1/chat/completions "HTTP/1.1 200 OK"
2025-05-25 17:51:11,286 [INFO] httpx: HTTP Request: POST https://api.openai.com/v1/chat/completions "HTTP/1.1 200 OK"
2025-05-25 17:51:13,927 [INFO] httpx: HTTP Request: POST https://api.openai.com/v1/chat/completions "HTTP/1.1 200 OK"
2025-05-25 17:51:17,743 [INFO] httpx: HTTP Request: POST https://api.openai.com/v1/chat/completions "HTTP/1.1 200 OK"
2025-05-25 17:51:21,705 [INFO] httpx: HTTP Request: POST https://api.openai.com/v1/chat/completions "HTTP/1.1 200 OK"
2025-05-25 17:51:25,877 [INFO] httpx: HTTP Request: POST https://api.openai.com/v1/chat/completions "HTTP/1.1 200 OK"
2025-05-25 17:51:31,969 [INFO] httpx: HTTP Request: POST https://api.openai.com/v1/chat/completions "HTTP/1.1 200 OK"
2025-05-25 17:51:35,531 [INFO] httpx: HTTP Request: POST https://api.openai.com/v1/chat/completions "HTTP/1.1 200 OK"
2025-05-25 17:51:39,160 [INFO] httpx: HTTP Request: POST https://api.openai.com/v1/chat/completions "HTTP/1.1 200 OK"
2025-05-25 17:51:44,640 [INFO] httpx: HTTP Request: POST https://api.openai.com/v1/chat/completions "HTTP/1.1 200 OK"
2025-05-25 17:51:50,418 [INFO] httpx: HTTP Request: POST https://api.openai.com/v1/chat/completions "HTTP/1.1 200 OK"
2025-05-25 17:51:54,394 [INFO] httpx: HTTP Request: POST https://api.openai.com/v1/chat/completions "HTTP/1.1 200 OK"
2025-05-25 17:51:57,443 [INFO] httpx: HTTP Request: POST https://api.openai.com/v1/chat/completions "HTTP/1.1 200 OK"
2025-05-25 17:52:01,212 [INFO] httpx: HTTP Request: POST https://api.openai.com/v1/chat/completions "HTTP/1.1 200 OK"
2025-05-25 17:52:03,386 [INFO] httpx: HTTP Request: POST https://api.openai.com/v1/chat/completions "HTTP/1.1 200 OK"
2025-05-25 17:52:07,262 [INFO] httpx: HTTP Request: POST https://api.openai.com/v1/chat/completions "HTTP/1.1 200 OK"
2025-05-25 17:52:11,690 [INFO] httpx: HTTP Request: POST https://api.openai.com/v1/chat/completions "HTTP/1.1 200 OK"
2025-05-25 17:52:14,989 [INFO] httpx: HTTP Request: POST https://api.openai.com/v1/chat/completions "HTTP/1.1 200 OK"
2025-05-25 17:52:18,673 [INFO] httpx: HTTP Request: POST https://api.openai.com/v1/chat/completions "HTTP/1.1 200 OK"
2025-05-25 17:52:21,644 [INFO] httpx: HTTP Request: POST https://api.openai.com/v1/chat/completions "HTTP/1.1 200 OK"
2025-05-25 17:52:27,519 [INFO] httpx: HTTP Request: POST https://api.openai.com/v1/chat/completions "HTTP/1.1 200 OK"
2025-05-25 17:52:30,612 [INFO] httpx: HTTP Request: POST https://api.openai.com/v1/chat/completions "HTTP/1.1 200 OK"
2025-05-25 17:56:42,984 [INFO] train: cuDNN benchmark mode ACTIVE (desactivated deterministic mode)
2025-05-25 17:56:47,768 [INFO] main: Device resolved → cuda
2025-05-25 17:56:48,228 [INFO] sentence_transformers.SentenceTransformer: Load pretrained SentenceTransformer: sentence-transformers/all-MiniLM-L6-v2
2025-05-25 17:56:50,317 [INFO] main: Compressor ready (AE = vae)
2025-05-25 17:56:50,351 [INFO] RAGGenerator: API Key OpenAI cargada correctamente.
2025-05-25 17:56:50,351 [INFO] main: Running pipeline: |queries|=2 |docs|=1
2025-05-25 17:56:54,448 [INFO] httpx: HTTP Request: POST https://api.openai.com/v1/chat/completions "HTTP/1.1 200 OK"
2025-05-25 17:56:58,089 [INFO] httpx: HTTP Request: POST https://api.openai.com/v1/chat/completions "HTTP/1.1 200 OK"
2025-05-25 17:58:27,197 [INFO] train: cuDNN benchmark mode ACTIVE (desactivated deterministic mode)
2025-05-25 17:58:34,104 [INFO] main: Device resolved → cuda
2025-05-25 17:58:34,498 [INFO] sentence_transformers.SentenceTransformer: Load pretrained SentenceTransformer: sentence-transformers/all-MiniLM-L6-v2
2025-05-25 17:58:36,421 [INFO] main: Compressor ready (AE = vae)
2025-05-25 17:58:36,446 [INFO] RAGGenerator: API Key OpenAI cargada correctamente.
2025-05-25 17:58:36,446 [INFO] main: Running pipeline: |queries|=2 |docs|=1
2025-05-25 17:58:40,379 [INFO] httpx: HTTP Request: POST https://api.openai.com/v1/chat/completions "HTTP/1.1 200 OK"
2025-05-25 17:58:43,927 [INFO] httpx: HTTP Request: POST https://api.openai.com/v1/chat/completions "HTTP/1.1 200 OK"
2025-05-25 18:00:03,456 [INFO] train: cuDNN benchmark mode ACTIVE (desactivated deterministic mode)
2025-05-25 18:00:08,618 [INFO] main: Device resolved → cuda
2025-05-25 18:00:09,078 [INFO] sentence_transformers.SentenceTransformer: Load pretrained SentenceTransformer: sentence-transformers/all-MiniLM-L6-v2
2025-05-25 18:00:10,612 [INFO] main: Compressor ready (AE = vae)
2025-05-25 18:00:10,638 [INFO] RAGGenerator: API Key OpenAI cargada correctamente.
2025-05-25 18:00:10,638 [INFO] main: Running pipeline: |queries|=2 |docs|=1
2025-05-25 18:00:16,566 [INFO] httpx: HTTP Request: POST https://api.openai.com/v1/chat/completions "HTTP/1.1 200 OK"
2025-05-25 18:00:20,816 [INFO] httpx: HTTP Request: POST https://api.openai.com/v1/chat/completions "HTTP/1.1 200 OK"
2025-05-25 18:13:31,179 [INFO] train: cuDNN benchmark mode ACTIVE (desactivated deterministic mode)
2025-05-25 18:13:35,774 [INFO] main: Device resolved → cuda
2025-05-25 18:13:36,183 [INFO] sentence_transformers.SentenceTransformer: Load pretrained SentenceTransformer: sentence-transformers/all-MiniLM-L6-v2
2025-05-25 18:13:38,230 [INFO] main: Compressor ready (AE = dae)
2025-05-25 18:13:38,263 [INFO] RAGGenerator: API Key OpenAI cargada correctamente.
2025-05-25 18:13:38,263 [INFO] main: Running pipeline: |queries|=2 |docs|=1
2025-05-25 18:13:41,423 [INFO] httpx: HTTP Request: POST https://api.openai.com/v1/chat/completions "HTTP/1.1 200 OK"
2025-05-25 18:13:44,659 [INFO] httpx: HTTP Request: POST https://api.openai.com/v1/chat/completions "HTTP/1.1 200 OK"
2025-05-25 18:14:03,841 [INFO] train: cuDNN benchmark mode ACTIVE (desactivated deterministic mode)
2025-05-25 18:14:08,411 [INFO] main: Device resolved → cuda
2025-05-25 18:14:08,411 [INFO] sentence_transformers.SentenceTransformer: Load pretrained SentenceTransformer: sentence-transformers/all-MiniLM-L6-v2
2025-05-25 18:14:11,097 [INFO] main: Compressor ready (AE = none)
2025-05-25 18:14:11,120 [INFO] RAGGenerator: API Key OpenAI cargada correctamente.
2025-05-25 18:14:11,120 [INFO] main: Running pipeline: |queries|=2 |docs|=1
2025-05-25 18:14:14,845 [INFO] httpx: HTTP Request: POST https://api.openai.com/v1/chat/completions "HTTP/1.1 200 OK"
2025-05-25 18:14:19,239 [INFO] httpx: HTTP Request: POST https://api.openai.com/v1/chat/completions "HTTP/1.1 200 OK"
2025-05-25 18:14:31,636 [INFO] train: cuDNN benchmark mode ACTIVE (desactivated deterministic mode)
2025-05-25 18:14:36,209 [INFO] main: Device resolved → cuda
2025-05-25 18:14:36,629 [INFO] sentence_transformers.SentenceTransformer: Load pretrained SentenceTransformer: sentence-transformers/all-MiniLM-L6-v2
2025-05-25 18:14:38,450 [INFO] main: Compressor ready (AE = vae)
2025-05-25 18:14:38,474 [INFO] RAGGenerator: API Key OpenAI cargada correctamente.
2025-05-25 18:14:38,474 [INFO] main: Running pipeline: |queries|=2 |docs|=1
2025-05-25 18:14:42,139 [INFO] httpx: HTTP Request: POST https://api.openai.com/v1/chat/completions "HTTP/1.1 200 OK"
2025-05-25 18:14:45,034 [INFO] httpx: HTTP Request: POST https://api.openai.com/v1/chat/completions "HTTP/1.1 200 OK"
2025-05-25 18:14:45,037 [INFO] main: Device resolved → cuda
2025-05-25 18:14:45,061 [INFO] sentence_transformers.SentenceTransformer: Load pretrained SentenceTransformer: sentence-transformers/all-MiniLM-L6-v2
2025-05-25 18:14:46,663 [INFO] main: Compressor ready (AE = dae)
2025-05-25 18:14:46,676 [INFO] RAGGenerator: API Key OpenAI cargada correctamente.
2025-05-25 18:14:46,676 [INFO] main: Running pipeline: |queries|=2 |docs|=1
2025-05-25 18:14:50,060 [INFO] httpx: HTTP Request: POST https://api.openai.com/v1/chat/completions "HTTP/1.1 200 OK"
2025-05-25 18:14:53,533 [INFO] httpx: HTTP Request: POST https://api.openai.com/v1/chat/completions "HTTP/1.1 200 OK"
2025-05-25 18:14:53,541 [INFO] main: Device resolved → cuda
2025-05-25 18:14:53,577 [INFO] sentence_transformers.SentenceTransformer: Load pretrained SentenceTransformer: sentence-transformers/all-MiniLM-L6-v2
2025-05-25 18:14:55,308 [INFO] main: Compressor ready (AE = contrastive)
2025-05-25 18:14:55,321 [INFO] RAGGenerator: API Key OpenAI cargada correctamente.
2025-05-25 18:14:55,321 [INFO] main: Running pipeline: |queries|=2 |docs|=1
2025-05-25 18:14:59,688 [INFO] httpx: HTTP Request: POST https://api.openai.com/v1/chat/completions "HTTP/1.1 200 OK"
2025-05-25 18:15:03,566 [INFO] httpx: HTTP Request: POST https://api.openai.com/v1/chat/completions "HTTP/1.1 200 OK"
2025-05-25 20:24:24,037 [INFO] utils.training_utils: cuDNN benchmark mode ACTIVE (desactivated deterministic mode)
2025-05-25 20:26:32,615 [INFO] utils.training_utils: cuDNN benchmark mode ACTIVE (desactivated deterministic mode)
2025-05-25 20:27:13,245 [INFO] utils.training_utils: cuDNN benchmark mode ACTIVE (desactivated deterministic mode)
2025-05-25 20:35:48,898 [INFO] utils.training_utils: cuDNN benchmark mode ACTIVE (desactivated deterministic mode)
2025-05-25 20:46:09,569 [INFO] utils.training_utils: cuDNN benchmark mode ACTIVE (desactivated deterministic mode)
2025-05-25 21:10:06,789 [INFO] utils.training_utils: cuDNN benchmark mode ACTIVE (desactivated deterministic mode)
2025-05-25 21:10:26,484 [INFO] sentence_transformers.SentenceTransformer: Use pytorch device_name: cuda:0
2025-05-25 21:10:26,485 [INFO] sentence_transformers.SentenceTransformer: Load pretrained SentenceTransformer: sentence-transformers/all-MiniLM-L6-v2
2025-08-08 01:18:23,267 [INFO] train: cuDNN benchmark mode ACTIVE (desactivated deterministic mode)
2025-08-08 01:18:27,833 [INFO] main: Device resolved → cuda
2025-08-08 01:24:42,596 [INFO] train: cuDNN benchmark mode ACTIVE (desactivated deterministic mode)
2025-08-08 01:24:46,845 [INFO] main: Device resolved → cuda
2025-08-08 01:32:20,114 [INFO] train: cuDNN benchmark mode ACTIVE (desactivated deterministic mode)
2025-08-08 01:32:24,594 [INFO] main: Device resolved → cuda
2025-08-08 01:32:24,850 [INFO] sentence_transformers.SentenceTransformer: Load pretrained SentenceTransformer: sentence-transformers/all-MiniLM-L6-v2
2025-08-08 01:32:26,798 [INFO] main: Compressor ready (AE = vae)
2025-08-08 01:32:26,824 [INFO] RAGGenerator: API Key OpenAI cargada correctamente.
2025-08-08 01:32:26,824 [INFO] main: Running pipeline: |queries|=200 |chunks|=10
2025-08-08 01:35:17,557 [INFO] train: cuDNN benchmark mode ACTIVE (desactivated deterministic mode)
2025-08-08 01:35:21,909 [INFO] main: Device resolved → cuda
2025-08-08 01:35:22,124 [INFO] sentence_transformers.SentenceTransformer: Load pretrained SentenceTransformer: sentence-transformers/all-MiniLM-L6-v2
2025-08-08 01:35:24,168 [INFO] main: Compressor ready (AE = vae)
2025-08-08 01:35:24,189 [INFO] RAGGenerator: API Key OpenAI cargada correctamente.
2025-08-08 01:35:24,189 [INFO] main: Running pipeline: |queries|=200 |chunks|=10
2025-08-08 01:39:07,601 [INFO] train: cuDNN benchmark mode ACTIVE (desactivated deterministic mode)
2025-08-08 01:39:11,597 [INFO] main: Device resolved → cuda
2025-08-08 01:39:11,851 [INFO] sentence_transformers.SentenceTransformer: Load pretrained SentenceTransformer: sentence-transformers/all-MiniLM-L6-v2
2025-08-08 01:39:14,067 [INFO] main: Compressor ready (AE = vae)
2025-08-08 01:39:14,091 [INFO] RAGGenerator: API Key OpenAI cargada correctamente.
2025-08-08 01:39:14,091 [INFO] main: Running pipeline: |queries|=200 |chunks|=10
2025-08-08 01:39:15,002 [INFO] main: Retriever backend 'faiss' inicializado en 0.01 s
2025-08-08 01:42:53,777 [INFO] train: cuDNN benchmark mode ACTIVE (desactivated deterministic mode)
2025-08-08 01:42:57,888 [INFO] main: Device resolved → cuda
2025-08-08 01:42:58,139 [INFO] sentence_transformers.SentenceTransformer: Load pretrained SentenceTransformer: sentence-transformers/all-MiniLM-L6-v2
2025-08-08 01:43:00,149 [INFO] main: Compressor ready (AE = vae)
2025-08-08 01:43:00,172 [INFO] RAGGenerator: API Key OpenAI cargada correctamente.
2025-08-08 01:43:00,172 [INFO] main: Running pipeline: |queries|=200 |chunks|=10
2025-08-08 01:43:00,478 [INFO] main: Retriever backend 'bruteforce' inicializado en 0.00 s
2025-08-08 01:46:17,491 [INFO] train: cuDNN benchmark mode ACTIVE (desactivated deterministic mode)
2025-08-08 01:46:22,249 [INFO] main: Device resolved → cuda
2025-08-08 01:46:22,491 [INFO] sentence_transformers.SentenceTransformer: Load pretrained SentenceTransformer: sentence-transformers/all-MiniLM-L6-v2
2025-08-08 01:46:24,494 [INFO] main: Compressor ready (AE = vae)
2025-08-08 01:46:24,516 [INFO] RAGGenerator: OpenAI API key loaded successfully.
2025-08-08 01:46:24,516 [INFO] main: Running pipeline: |queries|=200 |chunks|=10
2025-08-08 01:46:24,838 [INFO] main: Retriever backend 'bruteforce' inicializado en 0.00 s
2025-08-08 01:47:13,719 [INFO] train: cuDNN benchmark mode ACTIVE (desactivated deterministic mode)
2025-08-08 01:47:17,908 [INFO] main: Device resolved → cuda
2025-08-08 01:47:18,171 [INFO] sentence_transformers.SentenceTransformer: Load pretrained SentenceTransformer: sentence-transformers/all-MiniLM-L6-v2
2025-08-08 01:47:19,930 [INFO] main: Compressor ready (AE = vae)
2025-08-08 01:47:19,942 [INFO] RAGGenerator: OpenAI API key loaded successfully.
2025-08-08 01:47:19,942 [INFO] main: Running pipeline: |queries|=2000 |chunks|=315
2025-08-08 01:47:20,451 [INFO] main: Retriever backend 'bruteforce' inicializado en 0.00 s
2025-08-08 18:05:28,749 [INFO] train: cuDNN benchmark mode ACTIVE (desactivated deterministic mode)
2025-08-08 18:05:34,193 [INFO] main: Device resolved → cuda
2025-08-08 18:05:34,892 [INFO] sentence_transformers.SentenceTransformer: Load pretrained SentenceTransformer: sentence-transformers/all-MiniLM-L6-v2
2025-08-08 18:05:37,609 [INFO] main: Compressor ready (AE = vae)
2025-08-08 18:05:37,646 [INFO] RAGGenerator: OpenAI API key loaded successfully.
2025-08-08 18:05:37,646 [INFO] main: Running pipeline: |queries|=2000 |chunks|=315
2025-08-08 18:05:39,062 [INFO] main: Retriever backend 'bruteforce' inicializado en 0.01 s
2025-08-08 18:09:58,528 [INFO] train: cuDNN benchmark mode ACTIVE (desactivated deterministic mode)
2025-08-08 18:10:19,033 [INFO] main: Device resolved → cuda
2025-08-08 18:10:19,705 [INFO] sentence_transformers.SentenceTransformer: Load pretrained SentenceTransformer: sentence-transformers/all-MiniLM-L6-v2
2025-08-08 18:10:22,843 [INFO] main: Compressor ready (AE = vae)
2025-08-08 18:10:22,871 [INFO] RAGGenerator: OpenAI API key loaded successfully.
2025-08-08 18:10:22,871 [INFO] main: Running pipeline: |queries|=2000 |chunks|=315
2025-08-08 18:10:23,264 [INFO] main: Chunking enabled: |docs|=315 → |chunks|=534
2025-08-08 18:10:24,240 [INFO] main: Retriever backend 'bruteforce' inicializado en 0.03 s
2025-08-08 18:15:33,482 [INFO] train: cuDNN benchmark mode ACTIVE (desactivated deterministic mode)
2025-08-08 18:15:41,308 [INFO] main: Device resolved → cuda
2025-08-08 18:15:41,861 [INFO] sentence_transformers.SentenceTransformer: Load pretrained SentenceTransformer: sentence-transformers/all-MiniLM-L6-v2
2025-08-08 18:15:44,610 [INFO] main: Compressor ready (AE = vae)
2025-08-08 18:15:44,640 [INFO] RAGGenerator: OpenAI API key loaded successfully.
2025-08-08 18:15:44,640 [INFO] main: Running pipeline: |queries|=2000 |corpus|=315
2025-08-08 18:15:45,086 [INFO] main: Chunking enabled: |docs|=315 → |chunks|=534
2025-08-08 18:15:46,074 [INFO] main: Retriever backend 'faiss' initialised in 0.04 s
2025-08-08 18:23:00,777 [INFO] train: cuDNN benchmark mode ACTIVE (desactivated deterministic mode)
2025-08-08 18:23:05,435 [INFO] main: Device resolved → cuda
2025-08-08 18:23:05,686 [INFO] sentence_transformers.SentenceTransformer: Load pretrained SentenceTransformer: sentence-transformers/all-MiniLM-L6-v2
2025-08-08 18:23:07,760 [INFO] main: Compressor ready (AE = vae)
2025-08-08 18:23:07,783 [INFO] RAGGenerator: OpenAI API key loaded successfully.
2025-08-08 18:23:07,783 [INFO] main: Running pipeline: |queries|=2000 |corpus|=315
2025-08-08 18:23:08,159 [INFO] main: Chunking enabled: |docs|=315 → |chunks|=534
2025-08-08 18:23:08,894 [INFO] main: Retriever backend 'faiss' initialised in 0.03 s
2025-08-08 18:28:22,961 [INFO] train: cuDNN benchmark mode ACTIVE (desactivated deterministic mode)
2025-08-08 18:28:27,253 [INFO] main: Device resolved → cuda
2025-08-08 18:28:27,494 [INFO] sentence_transformers.SentenceTransformer: Load pretrained SentenceTransformer: sentence-transformers/all-MiniLM-L6-v2
2025-08-08 18:28:29,550 [INFO] main: Compressor ready (AE = vae)
2025-08-08 18:28:29,572 [INFO] RAGGenerator: OpenAI API key loaded successfully.
2025-08-08 18:28:29,572 [INFO] main: Running pipeline: |queries|=2000 |corpus|=315
2025-08-08 18:28:29,974 [INFO] main: Chunking enabled: |docs|=315 → |chunks|=534
2025-08-08 18:28:30,717 [INFO] main: Retriever backend 'faiss' initialised in 0.04 s
2025-08-08 18:39:13,153 [INFO] train: cuDNN benchmark mode ACTIVE (desactivated deterministic mode)
2025-08-08 18:39:17,233 [INFO] main: Device resolved → cuda
2025-08-08 18:39:17,234 [INFO] sentence_transformers.SentenceTransformer: Load pretrained SentenceTransformer: sentence-transformers/all-MiniLM-L6-v2
2025-08-08 18:39:19,725 [INFO] main: Compressor ready (AE = none)
2025-08-08 18:39:19,749 [INFO] RAGGenerator: OpenAI API key loaded successfully.
2025-08-08 18:39:19,749 [INFO] main: Running pipeline: |queries|=2000 |corpus|=315
2025-08-08 18:39:20,127 [INFO] main: Chunking enabled: |docs|=315 → |chunks|=534
2025-08-08 18:39:20,784 [INFO] main: Retriever backend 'bruteforce' initialised in 0.01 s
2025-08-08 18:39:54,983 [INFO] train: cuDNN benchmark mode ACTIVE (desactivated deterministic mode)
2025-08-08 18:39:59,227 [INFO] main: Device resolved → cuda
2025-08-08 18:39:59,480 [INFO] sentence_transformers.SentenceTransformer: Load pretrained SentenceTransformer: sentence-transformers/all-MiniLM-L6-v2
2025-08-08 18:40:01,411 [INFO] main: Compressor ready (AE = vae)
2025-08-08 18:40:01,424 [INFO] RAGGenerator: OpenAI API key loaded successfully.
2025-08-08 18:40:01,424 [INFO] main: Running pipeline: |queries|=2000 |corpus|=315
2025-08-08 18:40:01,808 [INFO] main: Chunking enabled: |docs|=315 → |chunks|=534
2025-08-08 18:40:02,421 [INFO] main: Retriever backend 'bruteforce' initialised in 0.00 s
2025-08-08 18:40:33,700 [INFO] train: cuDNN benchmark mode ACTIVE (desactivated deterministic mode)
2025-08-08 18:40:37,763 [INFO] main: Device resolved → cuda
2025-08-08 18:40:37,764 [INFO] sentence_transformers.SentenceTransformer: Load pretrained SentenceTransformer: sentence-transformers/all-MiniLM-L6-v2
2025-08-08 18:40:39,748 [INFO] main: Compressor ready (AE = none)
2025-08-08 18:40:39,761 [INFO] RAGGenerator: OpenAI API key loaded successfully.
2025-08-08 18:40:39,762 [INFO] main: Running pipeline: |queries|=2000 |corpus|=315
2025-08-08 18:40:40,131 [INFO] main: Chunking enabled: |docs|=315 → |chunks|=534
2025-08-08 18:41:38,928 [INFO] train: cuDNN benchmark mode ACTIVE (desactivated deterministic mode)
2025-08-08 18:41:43,125 [INFO] main: Device resolved → cuda
2025-08-08 18:41:43,366 [INFO] sentence_transformers.SentenceTransformer: Load pretrained SentenceTransformer: sentence-transformers/all-MiniLM-L6-v2
2025-08-08 18:41:45,449 [INFO] main: Compressor ready (AE = vae)
2025-08-08 18:41:45,473 [INFO] RAGGenerator: OpenAI API key loaded successfully.
2025-08-08 18:41:45,473 [INFO] main: Running pipeline: |queries|=2000 |corpus|=315
2025-08-08 18:41:46,104 [INFO] main: Retriever backend 'faiss' initialised in 0.03 s
2025-08-08 18:48:33,129 [INFO] train: cuDNN benchmark mode ACTIVE (desactivated deterministic mode)
2025-08-08 18:48:37,376 [INFO] main: Device resolved → cuda
2025-08-08 18:48:37,650 [INFO] sentence_transformers.SentenceTransformer: Load pretrained SentenceTransformer: sentence-transformers/all-MiniLM-L6-v2
2025-08-08 18:48:39,467 [INFO] main: Compressor ready (AE = contrastive)
2025-08-08 18:48:39,481 [INFO] RAGGenerator: OpenAI API key loaded successfully.
2025-08-08 18:48:39,481 [INFO] main: Running pipeline: |queries|=2000 |corpus|=315
2025-08-08 18:49:05,519 [INFO] train: cuDNN benchmark mode ACTIVE (desactivated deterministic mode)
2025-08-08 18:49:09,485 [INFO] main: Device resolved → cuda
2025-08-08 18:49:09,693 [INFO] sentence_transformers.SentenceTransformer: Load pretrained SentenceTransformer: sentence-transformers/all-MiniLM-L6-v2
2025-08-08 18:49:11,444 [INFO] main: Compressor ready (AE = contrastive)
2025-08-08 18:49:11,457 [INFO] RAGGenerator: OpenAI API key loaded successfully.
2025-08-08 18:49:11,457 [INFO] main: Running pipeline: |queries|=2000 |corpus|=315
2025-08-08 18:49:12,013 [INFO] main: Retriever backend 'bruteforce' initialised in 0.00 s
2025-08-08 18:50:04,449 [INFO] train: cuDNN benchmark mode ACTIVE (desactivated deterministic mode)
2025-08-08 18:50:10,902 [INFO] main: Device resolved → cuda
2025-08-08 18:50:11,212 [INFO] sentence_transformers.SentenceTransformer: Load pretrained SentenceTransformer: sentence-transformers/all-MiniLM-L6-v2
2025-08-08 18:50:12,978 [INFO] main: Compressor ready (AE = vae)
2025-08-08 18:50:12,991 [INFO] RAGGenerator: OpenAI API key loaded successfully.
2025-08-08 18:50:12,991 [INFO] main: Running pipeline: |queries|=2000 |corpus|=315
2025-08-08 18:50:13,523 [INFO] main: Retriever backend 'bruteforce' initialised in 0.00 s
2025-08-08 18:54:10,360 [INFO] train: cuDNN benchmark mode ACTIVE (desactivated deterministic mode)
2025-08-08 18:54:14,316 [INFO] main: Device resolved → cuda
2025-08-08 18:54:14,601 [INFO] sentence_transformers.SentenceTransformer: Load pretrained SentenceTransformer: sentence-transformers/all-MiniLM-L6-v2
2025-08-08 18:54:16,627 [INFO] main: Compressor ready (AE = dae)
2025-08-08 18:54:16,639 [INFO] RAGGenerator: OpenAI API key loaded successfully.
2025-08-08 18:54:16,639 [INFO] main: Running pipeline: |queries|=2000 |corpus|=315
2025-08-08 18:54:17,166 [INFO] main: Retriever backend 'bruteforce' initialised in 0.00 s
2025-08-08 18:55:29,537 [INFO] train: cuDNN benchmark mode ACTIVE (desactivated deterministic mode)
2025-08-08 18:56:07,180 [INFO] train: cuDNN benchmark mode ACTIVE (desactivated deterministic mode)
2025-08-08 18:56:12,295 [INFO] main: Device resolved → cuda
2025-08-08 18:56:12,296 [INFO] sentence_transformers.SentenceTransformer: Load pretrained SentenceTransformer: sentence-transformers/all-MiniLM-L6-v2
2025-08-08 18:56:14,323 [INFO] main: Compressor ready (AE = none)
2025-08-08 18:56:14,335 [INFO] RAGGenerator: OpenAI API key loaded successfully.
2025-08-08 18:56:14,336 [INFO] main: Running pipeline: |queries|=2000 |corpus|=315
2025-08-08 18:56:14,703 [INFO] main: Chunking enabled: |docs|=315 → |chunks|=534
2025-08-08 18:56:15,311 [INFO] main: Retriever backend 'faiss' initialised in 0.02 s
2025-08-08 18:57:34,730 [INFO] train: cuDNN benchmark mode ACTIVE (desactivated deterministic mode)
2025-08-08 18:57:38,986 [INFO] main: Device resolved → cuda
2025-08-08 18:57:38,987 [INFO] sentence_transformers.SentenceTransformer: Load pretrained SentenceTransformer: sentence-transformers/all-MiniLM-L6-v2
2025-08-08 18:57:41,364 [INFO] main: Compressor ready (AE = none)
2025-08-08 18:57:41,376 [INFO] RAGGenerator: OpenAI API key loaded successfully.
2025-08-08 18:57:41,376 [INFO] main: Running pipeline: |queries|=2000 |corpus|=315
2025-08-08 18:57:41,915 [INFO] main: Retriever backend 'faiss' initialised in 0.01 s
2025-08-08 18:59:18,119 [INFO] train: cuDNN benchmark mode ACTIVE (desactivated deterministic mode)
2025-08-08 18:59:32,648 [INFO] train: cuDNN benchmark mode ACTIVE (desactivated deterministic mode)
2025-08-08 18:59:36,604 [INFO] main: Device resolved → cuda
2025-08-08 18:59:36,806 [INFO] sentence_transformers.SentenceTransformer: Load pretrained SentenceTransformer: sentence-transformers/all-MiniLM-L6-v2
2025-08-08 18:59:38,906 [INFO] main: Compressor ready (AE = contrastive)
2025-08-08 18:59:38,920 [INFO] RAGGenerator: OpenAI API key loaded successfully.
2025-08-08 18:59:38,920 [INFO] main: Running pipeline: |queries|=2000 |corpus|=315
2025-08-08 18:59:39,478 [INFO] main: Retriever backend 'faiss' initialised in 0.00 s
2025-08-08 18:59:47,758 [INFO] train: cuDNN benchmark mode ACTIVE (desactivated deterministic mode)
2025-08-08 18:59:52,480 [INFO] main: Device resolved → cuda
2025-08-08 18:59:52,683 [INFO] sentence_transformers.SentenceTransformer: Load pretrained SentenceTransformer: sentence-transformers/all-MiniLM-L6-v2
2025-08-08 18:59:54,477 [INFO] main: Compressor ready (AE = dae)
2025-08-08 18:59:54,489 [INFO] RAGGenerator: OpenAI API key loaded successfully.
2025-08-08 18:59:54,489 [INFO] main: Running pipeline: |queries|=2000 |corpus|=315
2025-08-08 18:59:55,046 [INFO] main: Retriever backend 'faiss' initialised in 0.00 s
2025-08-08 19:00:31,544 [INFO] train: cuDNN benchmark mode ACTIVE (desactivated deterministic mode)
2025-08-08 19:00:35,625 [INFO] main: Device resolved → cuda
2025-08-08 19:00:35,856 [INFO] sentence_transformers.SentenceTransformer: Load pretrained SentenceTransformer: sentence-transformers/all-MiniLM-L6-v2
2025-08-08 19:00:37,618 [INFO] main: Compressor ready (AE = contrastive)
2025-08-08 19:00:37,632 [INFO] RAGGenerator: OpenAI API key loaded successfully.
2025-08-08 19:00:37,632 [INFO] main: Running pipeline: |queries|=2000 |corpus|=315
2025-08-08 19:00:37,991 [INFO] main: Chunking enabled: |docs|=315 → |chunks|=534
2025-08-08 19:00:38,571 [INFO] main: Retriever backend 'faiss' initialised in 0.01 s
2025-08-08 19:00:44,459 [INFO] train: cuDNN benchmark mode ACTIVE (desactivated deterministic mode)
2025-08-08 19:00:48,616 [INFO] main: Device resolved → cuda
2025-08-08 19:00:48,840 [INFO] sentence_transformers.SentenceTransformer: Load pretrained SentenceTransformer: sentence-transformers/all-MiniLM-L6-v2
2025-08-08 19:00:50,615 [INFO] main: Compressor ready (AE = dae)
2025-08-08 19:00:50,629 [INFO] RAGGenerator: OpenAI API key loaded successfully.
2025-08-08 19:00:50,629 [INFO] main: Running pipeline: |queries|=2000 |corpus|=315
2025-08-08 19:00:50,981 [INFO] main: Chunking enabled: |docs|=315 → |chunks|=534
2025-08-08 19:00:51,575 [INFO] main: Retriever backend 'faiss' initialised in 0.01 s
2025-08-08 19:15:57,051 [INFO] train: cuDNN benchmark mode ACTIVE (desactivated deterministic mode)
2025-08-08 19:16:01,506 [INFO] main: Device resolved → cuda
2025-08-08 19:16:01,769 [INFO] sentence_transformers.SentenceTransformer: Load pretrained SentenceTransformer: sentence-transformers/all-MiniLM-L6-v2
2025-08-08 19:16:03,826 [INFO] main: Compressor ready (AE = contrastive)
2025-08-08 19:16:03,848 [INFO] RAGGenerator: OpenAI API key loaded successfully.
2025-08-08 19:16:03,848 [INFO] main: Running pipeline: |queries|=2000 |corpus|=315
2025-08-08 19:16:04,229 [INFO] main: Chunking enabled: |docs|=315 → |chunks|=534
2025-08-08 19:16:04,901 [INFO] main: Retriever backend 'faiss' initialised in 0.02 s
2025-08-08 19:20:33,871 [INFO] train: cuDNN benchmark mode ACTIVE (desactivated deterministic mode)
2025-08-08 19:20:38,268 [INFO] main: Device resolved → cuda
2025-08-08 19:20:38,494 [INFO] sentence_transformers.SentenceTransformer: Load pretrained SentenceTransformer: sentence-transformers/all-MiniLM-L6-v2
2025-08-08 19:20:40,440 [INFO] main: Compressor ready (AE = contrastive)
2025-08-08 19:20:40,463 [INFO] RAGGenerator: OpenAI API key loaded successfully.
2025-08-08 19:20:40,464 [INFO] main: Running pipeline: |queries|=2000 |corpus|=315
2025-08-08 19:20:41,067 [INFO] main: Retriever backend 'faiss' initialised in 0.02 s
2025-08-08 19:20:41,624 [INFO] main: Device resolved → cuda
2025-08-08 19:20:41,632 [INFO] sentence_transformers.SentenceTransformer: Load pretrained SentenceTransformer: sentence-transformers/all-MiniLM-L6-v2
2025-08-08 19:20:43,160 [INFO] main: Compressor ready (AE = contrastive)
2025-08-08 19:20:43,164 [INFO] RAGGenerator: OpenAI API key loaded successfully.
2025-08-08 19:20:43,165 [INFO] main: Running pipeline: |queries|=2000 |corpus|=315
2025-08-08 19:20:43,463 [INFO] main: Retriever backend 'faiss' initialised in 0.02 s
2025-08-08 19:21:03,539 [INFO] train: cuDNN benchmark mode ACTIVE (desactivated deterministic mode)
2025-08-08 19:21:07,662 [INFO] main: Device resolved → cuda
2025-08-08 19:21:07,881 [INFO] sentence_transformers.SentenceTransformer: Load pretrained SentenceTransformer: sentence-transformers/all-MiniLM-L6-v2
2025-08-08 19:21:09,665 [INFO] main: Compressor ready (AE = contrastive)
2025-08-08 19:21:09,679 [INFO] RAGGenerator: OpenAI API key loaded successfully.
2025-08-08 19:21:09,680 [INFO] main: Running pipeline: |queries|=2000 |corpus|=315
2025-08-08 19:21:10,234 [INFO] main: Retriever backend 'faiss' initialised in 0.02 s
2025-08-08 19:21:10,739 [INFO] main: Device resolved → cuda
2025-08-08 19:21:10,746 [INFO] sentence_transformers.SentenceTransformer: Load pretrained SentenceTransformer: sentence-transformers/all-MiniLM-L6-v2
2025-08-08 19:21:12,311 [INFO] main: Compressor ready (AE = contrastive)
2025-08-08 19:21:12,314 [INFO] RAGGenerator: OpenAI API key loaded successfully.
2025-08-08 19:21:12,315 [INFO] main: Running pipeline: |queries|=2000 |corpus|=315
2025-08-08 19:21:12,626 [INFO] main: Retriever backend 'faiss' initialised in 0.02 s
2025-08-08 19:21:34,601 [INFO] train: cuDNN benchmark mode ACTIVE (desactivated deterministic mode)
2025-08-08 19:21:38,901 [INFO] main: Device resolved → cuda
2025-08-08 19:21:39,142 [INFO] sentence_transformers.SentenceTransformer: Load pretrained SentenceTransformer: sentence-transformers/all-MiniLM-L6-v2
2025-08-08 19:21:40,946 [INFO] main: Compressor ready (AE = contrastive)
2025-08-08 19:21:40,959 [INFO] RAGGenerator: OpenAI API key loaded successfully.
2025-08-08 19:21:40,960 [INFO] main: Running pipeline: |queries|=2000 |corpus|=315
2025-08-08 19:21:41,543 [INFO] main: Retriever backend 'faiss' initialised in 0.03 s
2025-08-08 19:21:41,989 [INFO] main: Device resolved → cuda
2025-08-08 19:21:41,994 [INFO] sentence_transformers.SentenceTransformer: Load pretrained SentenceTransformer: sentence-transformers/all-MiniLM-L6-v2
2025-08-08 19:21:43,815 [INFO] main: Compressor ready (AE = contrastive)
2025-08-08 19:21:43,819 [INFO] RAGGenerator: OpenAI API key loaded successfully.
2025-08-08 19:21:43,820 [INFO] main: Running pipeline: |queries|=2000 |corpus|=315
2025-08-08 19:21:44,130 [INFO] main: Retriever backend 'faiss' initialised in 0.03 s
2025-08-08 19:22:14,995 [INFO] train: cuDNN benchmark mode ACTIVE (desactivated deterministic mode)
2025-08-08 19:22:18,909 [INFO] main: Device resolved → cuda
2025-08-08 19:22:19,134 [INFO] sentence_transformers.SentenceTransformer: Load pretrained SentenceTransformer: sentence-transformers/all-MiniLM-L6-v2
2025-08-08 19:22:21,141 [INFO] main: Compressor ready (AE = contrastive)
2025-08-08 19:22:21,155 [INFO] RAGGenerator: OpenAI API key loaded successfully.
2025-08-08 19:22:21,155 [INFO] main: Running pipeline: |queries|=2000 |corpus|=315
2025-08-08 19:22:21,713 [INFO] main: Retriever backend 'faiss' initialised in 0.03 s
2025-08-08 19:22:31,429 [INFO] train: cuDNN benchmark mode ACTIVE (desactivated deterministic mode)
2025-08-08 19:22:35,422 [INFO] main: Device resolved → cuda
2025-08-08 19:22:35,638 [INFO] sentence_transformers.SentenceTransformer: Load pretrained SentenceTransformer: sentence-transformers/all-MiniLM-L6-v2
2025-08-08 19:22:37,655 [INFO] main: Compressor ready (AE = contrastive)
2025-08-08 19:22:37,668 [INFO] RAGGenerator: OpenAI API key loaded successfully.
2025-08-08 19:22:37,668 [INFO] main: Running pipeline: |queries|=2000 |corpus|=315
2025-08-08 19:22:38,228 [INFO] main: Retriever backend 'faiss' initialised in 0.03 s
2025-08-08 19:22:55,994 [INFO] train: cuDNN benchmark mode ACTIVE (desactivated deterministic mode)
2025-08-08 19:23:00,188 [INFO] main: Device resolved → cuda
2025-08-08 19:23:00,445 [INFO] sentence_transformers.SentenceTransformer: Load pretrained SentenceTransformer: sentence-transformers/all-MiniLM-L6-v2
2025-08-08 19:23:02,628 [INFO] main: Compressor ready (AE = contrastive)
2025-08-08 19:23:02,642 [INFO] RAGGenerator: OpenAI API key loaded successfully.
2025-08-08 19:23:02,642 [INFO] main: Running pipeline: |queries|=2000 |corpus|=315
2025-08-08 19:23:03,206 [INFO] main: Retriever backend 'faiss' initialised in 0.04 s
2025-08-08 19:23:20,336 [INFO] train: cuDNN benchmark mode ACTIVE (desactivated deterministic mode)
2025-08-08 19:23:24,995 [INFO] main: Device resolved → cuda
2025-08-08 19:23:25,197 [INFO] sentence_transformers.SentenceTransformer: Load pretrained SentenceTransformer: sentence-transformers/all-MiniLM-L6-v2
2025-08-08 19:23:27,047 [INFO] main: Compressor ready (AE = contrastive)
2025-08-08 19:23:27,059 [INFO] RAGGenerator: OpenAI API key loaded successfully.
2025-08-08 19:23:27,059 [INFO] main: Running pipeline: |queries|=2000 |corpus|=315
2025-08-08 19:23:27,620 [INFO] main: Retriever backend 'faiss' initialised in 0.04 s
2025-08-08 19:24:13,714 [INFO] train: cuDNN benchmark mode ACTIVE (desactivated deterministic mode)
2025-08-08 19:24:17,917 [INFO] main: Device resolved → cuda
2025-08-08 19:24:18,176 [INFO] sentence_transformers.SentenceTransformer: Load pretrained SentenceTransformer: sentence-transformers/all-MiniLM-L6-v2
2025-08-08 19:24:19,968 [INFO] main: Compressor ready (AE = dae)
2025-08-08 19:24:19,980 [INFO] RAGGenerator: OpenAI API key loaded successfully.
2025-08-08 19:24:19,980 [INFO] main: Running pipeline: |queries|=2000 |corpus|=315
2025-08-08 19:24:20,525 [INFO] main: Retriever backend 'faiss' initialised in 0.04 s
2025-08-08 19:24:34,709 [INFO] train: cuDNN benchmark mode ACTIVE (desactivated deterministic mode)
2025-08-08 19:24:39,123 [INFO] main: Device resolved → cuda
2025-08-08 19:24:39,365 [INFO] sentence_transformers.SentenceTransformer: Load pretrained SentenceTransformer: sentence-transformers/all-MiniLM-L6-v2
2025-08-08 19:24:41,206 [INFO] main: Compressor ready (AE = contrastive)
2025-08-08 19:24:41,219 [INFO] RAGGenerator: OpenAI API key loaded successfully.
2025-08-08 19:24:41,219 [INFO] main: Running pipeline: |queries|=2000 |corpus|=315
2025-08-08 19:24:41,819 [INFO] main: Retriever backend 'faiss' initialised in 0.04 s
2025-08-08 19:24:52,524 [INFO] train: cuDNN benchmark mode ACTIVE (desactivated deterministic mode)
2025-08-08 19:24:56,868 [INFO] main: Device resolved → cuda
2025-08-08 19:24:57,090 [INFO] sentence_transformers.SentenceTransformer: Load pretrained SentenceTransformer: sentence-transformers/all-MiniLM-L6-v2
2025-08-08 19:24:58,829 [INFO] main: Compressor ready (AE = vae)
2025-08-08 19:24:58,842 [INFO] RAGGenerator: OpenAI API key loaded successfully.
2025-08-08 19:24:58,842 [INFO] main: Running pipeline: |queries|=2000 |corpus|=315
2025-08-08 19:24:59,415 [INFO] main: Retriever backend 'faiss' initialised in 0.05 s
2025-08-08 19:27:39,891 [INFO] train: cuDNN benchmark mode ACTIVE (desactivated deterministic mode)
2025-08-08 19:27:43,945 [INFO] main: Device resolved → cuda
2025-08-08 19:27:44,160 [INFO] sentence_transformers.SentenceTransformer: Load pretrained SentenceTransformer: sentence-transformers/all-MiniLM-L6-v2
2025-08-08 19:27:45,934 [INFO] main: Compressor ready (AE = contrastive)
2025-08-08 19:27:45,949 [INFO] RAGGenerator: OpenAI API key loaded successfully.
2025-08-08 19:27:45,949 [INFO] main: Running pipeline: |queries|=2000 |corpus|=315
2025-08-08 19:27:46,466 [INFO] main: Retriever backend 'faiss' initialised in 0.00 s
2025-08-08 19:49:23,228 [INFO] train: cuDNN benchmark mode ACTIVE (desactivated deterministic mode)
2025-08-08 19:49:27,410 [INFO] main: Device resolved → cuda
2025-08-08 19:49:27,685 [INFO] sentence_transformers.SentenceTransformer: Load pretrained SentenceTransformer: sentence-transformers/all-MiniLM-L6-v2
2025-08-08 19:49:29,668 [INFO] main: Compressor ready (AE = contrastive)
2025-08-08 19:49:29,693 [INFO] RAGGenerator: OpenAI API key loaded successfully.
2025-08-08 19:49:29,693 [INFO] main: Running pipeline: |queries|=2000 |corpus|=315
2025-08-08 19:49:30,300 [INFO] main: Retriever backend 'faiss' initialised in 0.01 s
2025-08-08 21:12:24,117 [INFO] train: cuDNN benchmark mode ACTIVE (desactivated deterministic mode)
2025-08-08 21:12:28,336 [INFO] main: Device resolved → cuda
2025-08-08 21:12:28,600 [INFO] sentence_transformers.SentenceTransformer: Load pretrained SentenceTransformer: sentence-transformers/all-MiniLM-L6-v2
2025-08-08 21:12:30,630 [INFO] main: Compressor ready (AE = contrastive)
2025-08-08 21:12:30,651 [INFO] RAGGenerator: OpenAI API key loaded successfully.
2025-08-08 21:12:30,651 [INFO] main: Running pipeline: |queries|=2000 |corpus|=315
2025-08-08 21:12:31,289 [INFO] main: Retriever backend 'faiss' initialised in 0.01 s
2025-08-08 21:16:01,502 [INFO] utils.training_utils: cuDNN benchmark mode ACTIVE (desactivated deterministic mode)
2025-08-08 21:16:37,190 [INFO] train: cuDNN benchmark mode ACTIVE (desactivated deterministic mode)
2025-08-08 21:16:41,339 [INFO] main: Device resolved → cuda
2025-08-08 21:16:41,564 [INFO] sentence_transformers.SentenceTransformer: Load pretrained SentenceTransformer: sentence-transformers/all-MiniLM-L6-v2
2025-08-08 21:16:43,717 [INFO] main: Compressor ready (AE = vae)
2025-08-08 21:16:43,740 [INFO] RAGGenerator: OpenAI API key loaded successfully.
2025-08-08 21:16:43,741 [INFO] main: Running pipeline: |queries|=2000 |corpus|=315
2025-08-08 21:16:44,319 [INFO] main: Retriever backend 'faiss' initialised in 0.01 s
2025-08-08 21:30:35,749 [INFO] utils.training_utils: cuDNN benchmark mode ACTIVE (desactivated deterministic mode)
2025-08-08 21:48:54,907 [INFO] train: cuDNN benchmark mode ACTIVE (desactivated deterministic mode)
2025-08-08 21:48:58,939 [INFO] main: Device resolved → cuda
2025-08-08 21:48:59,204 [INFO] sentence_transformers.SentenceTransformer: Load pretrained SentenceTransformer: sentence-transformers/all-MiniLM-L6-v2
2025-08-08 21:49:01,231 [INFO] main: Compressor ready (AE = vae)
2025-08-08 21:49:01,254 [INFO] RAGGenerator: OpenAI API key loaded successfully.
2025-08-08 21:49:01,254 [INFO] main: Running pipeline: |queries|=2000 |corpus|=315
2025-08-08 21:49:01,865 [INFO] main: Retriever backend 'faiss' initialised in 0.01 s
2025-08-08 23:35:33,025 [INFO] train: cuDNN benchmark mode ACTIVE (desactivated deterministic mode)
2025-08-08 23:35:37,604 [INFO] main: Device resolved → cuda
2025-08-08 23:35:37,886 [INFO] sentence_transformers.SentenceTransformer: Load pretrained SentenceTransformer: sentence-transformers/all-MiniLM-L6-v2
2025-08-08 23:35:39,910 [INFO] main: Compressor ready (AE = vae)
2025-08-08 23:35:39,934 [INFO] RAGGenerator: OpenAI API key loaded successfully.
2025-08-08 23:35:39,934 [INFO] main: Running pipeline: |queries|=2000 |corpus|=315
2025-08-08 23:35:40,594 [INFO] main: Retriever backend 'faiss' initialised in 0.02 s
2025-08-08 23:35:58,053 [INFO] train: cuDNN benchmark mode ACTIVE (desactivated deterministic mode)
2025-08-08 23:36:02,087 [INFO] main: Device resolved → cuda
2025-08-08 23:36:02,330 [INFO] sentence_transformers.SentenceTransformer: Load pretrained SentenceTransformer: sentence-transformers/all-MiniLM-L6-v2
2025-08-08 23:36:04,201 [INFO] main: Compressor ready (AE = vae)
2025-08-08 23:36:04,213 [INFO] RAGGenerator: OpenAI API key loaded successfully.
2025-08-08 23:36:04,213 [INFO] main: Running pipeline: |queries|=2000 |corpus|=315
2025-08-08 23:36:04,770 [INFO] main: Retriever backend 'faiss' initialised in 0.01 s
2025-08-08 23:42:40,932 [INFO] train: cuDNN benchmark mode ACTIVE (desactivated deterministic mode)
2025-08-08 23:42:45,287 [INFO] main: Device resolved → cuda
2025-08-08 23:42:45,552 [INFO] sentence_transformers.SentenceTransformer: Load pretrained SentenceTransformer: sentence-transformers/all-MiniLM-L6-v2
2025-08-08 23:42:47,806 [INFO] main: Compressor ready (AE = vae)
2025-08-08 23:42:47,829 [INFO] RAGGenerator: OpenAI API key loaded successfully.
2025-08-08 23:42:47,829 [INFO] main: Running pipeline: |queries|=2000 |corpus|=315
2025-08-08 23:42:48,512 [INFO] main: Retriever backend 'faiss' initialised in 0.02 s
2025-08-08 23:47:32,871 [INFO] train: cuDNN benchmark mode ACTIVE (desactivated deterministic mode)
2025-08-08 23:47:37,056 [INFO] main: Device resolved → cuda
2025-08-08 23:47:37,308 [INFO] sentence_transformers.SentenceTransformer: Load pretrained SentenceTransformer: sentence-transformers/all-MiniLM-L6-v2
2025-08-08 23:47:39,483 [INFO] main: Compressor ready (AE = vae)
2025-08-08 23:47:39,505 [INFO] RAGGenerator: OpenAI API key loaded successfully.
2025-08-08 23:47:39,506 [INFO] main: Running pipeline: |queries|=2000 |corpus|=315
2025-08-08 23:47:40,164 [INFO] main: Retriever backend 'faiss' initialised in 0.02 s
2025-08-09 00:25:21,414 [INFO] train: cuDNN benchmark mode ACTIVE (desactivated deterministic mode)
2025-08-09 00:25:25,531 [INFO] main: Device resolved → cuda
2025-08-09 00:25:25,773 [INFO] sentence_transformers.SentenceTransformer: Load pretrained SentenceTransformer: sentence-transformers/all-MiniLM-L6-v2
2025-08-09 00:25:28,036 [INFO] main: Compressor ready (AE = vae)
2025-08-09 00:25:28,061 [INFO] RAGGenerator: OpenAI API key loaded successfully.
2025-08-09 00:25:28,061 [INFO] main: Running pipeline: |queries|=2000 |corpus|=315
2025-08-09 00:25:28,682 [INFO] main: Retriever backend 'faiss' initialised in 0.02 s
2025-08-12 12:22:48,028 [INFO] train: cuDNN benchmark mode ACTIVE (desactivated deterministic mode)
2025-08-12 12:22:52,112 [INFO] main: Device resolved → cuda
2025-08-12 12:22:52,397 [INFO] sentence_transformers.SentenceTransformer: Load pretrained SentenceTransformer: sentence-transformers/all-MiniLM-L6-v2
2025-08-12 12:22:54,336 [INFO] main: Compressor ready (AE = dae)
2025-08-12 12:22:54,361 [INFO] RAGGenerator: OpenAI API key loaded successfully.
2025-08-12 12:22:54,361 [INFO] main: Running pipeline: |queries|=2000 |corpus|=315
2025-08-12 12:22:55,022 [INFO] main: Retriever backend 'faiss' initialised in 0.03 s
2025-08-12 12:23:21,923 [INFO] train: cuDNN benchmark mode ACTIVE (desactivated deterministic mode)
2025-08-12 12:23:25,789 [INFO] main: Device resolved → cuda
2025-08-12 12:23:26,000 [INFO] sentence_transformers.SentenceTransformer: Load pretrained SentenceTransformer: sentence-transformers/all-MiniLM-L6-v2
2025-08-12 12:23:27,705 [INFO] main: Compressor ready (AE = dae)
2025-08-12 12:23:27,718 [INFO] RAGGenerator: OpenAI API key loaded successfully.
2025-08-12 12:23:27,718 [INFO] main: Running pipeline: |queries|=2000 |corpus|=315
2025-08-12 12:23:28,279 [INFO] main: Retriever backend 'faiss' initialised in 0.03 s
2025-08-12 12:25:17,215 [INFO] train: cuDNN benchmark mode ACTIVE (desactivated deterministic mode)
2025-08-12 12:25:21,406 [INFO] main: Device resolved → cuda
2025-08-12 12:25:21,709 [INFO] sentence_transformers.SentenceTransformer: Load pretrained SentenceTransformer: sentence-transformers/all-MiniLM-L6-v2
2025-08-12 12:25:23,637 [INFO] main: Compressor ready (AE = vae)
2025-08-12 12:25:23,660 [INFO] RAGGenerator: OpenAI API key loaded successfully.
2025-08-12 12:25:23,660 [INFO] main: Running pipeline: |queries|=2000 |corpus|=315
2025-08-12 12:25:24,015 [INFO] main: Chunking enabled: |docs|=315 → |chunks|=534
2025-08-12 12:25:24,710 [INFO] main: Retriever backend 'faiss' initialised in 0.03 s
2025-08-12 12:25:40,772 [INFO] train: cuDNN benchmark mode ACTIVE (desactivated deterministic mode)
2025-08-12 12:25:44,972 [INFO] main: Device resolved → cuda
2025-08-12 12:25:45,203 [INFO] sentence_transformers.SentenceTransformer: Load pretrained SentenceTransformer: sentence-transformers/all-MiniLM-L6-v2
2025-08-12 12:25:46,937 [INFO] main: Compressor ready (AE = dae)
2025-08-12 12:25:46,950 [INFO] RAGGenerator: OpenAI API key loaded successfully.
2025-08-12 12:25:46,950 [INFO] main: Running pipeline: |queries|=2000 |corpus|=315
2025-08-12 12:25:47,299 [INFO] main: Chunking enabled: |docs|=315 → |chunks|=534
2025-08-12 12:25:47,893 [INFO] main: Retriever backend 'faiss' initialised in 0.03 s
2025-08-12 12:27:14,840 [INFO] train: cuDNN benchmark mode ACTIVE (desactivated deterministic mode)
2025-08-12 12:27:18,765 [INFO] main: Device resolved → cuda
2025-08-12 12:27:19,078 [INFO] sentence_transformers.SentenceTransformer: Load pretrained SentenceTransformer: sentence-transformers/all-MiniLM-L6-v2
2025-08-12 12:27:20,974 [INFO] main: Compressor ready (AE = dae)
2025-08-12 12:27:21,000 [INFO] RAGGenerator: OpenAI API key loaded successfully.
2025-08-12 12:27:21,001 [INFO] main: Running pipeline: |queries|=2000 |corpus|=315
2025-08-12 12:27:21,358 [INFO] main: Chunking enabled: |docs|=315 → |chunks|=534
2025-08-12 12:27:22,070 [INFO] main: Retriever backend 'faiss' initialised in 0.01 s
2025-08-12 12:53:36,952 [INFO] train: cuDNN benchmark mode ACTIVE (desactivated deterministic mode)
2025-08-12 12:53:40,900 [INFO] main: Device resolved → cuda
2025-08-12 12:53:41,130 [INFO] sentence_transformers.SentenceTransformer: Load pretrained SentenceTransformer: sentence-transformers/all-MiniLM-L6-v2
2025-08-12 12:53:43,329 [INFO] main: Compressor ready (AE = dae)
2025-08-12 12:53:43,365 [INFO] RAGGenerator: OpenAI API key loaded successfully.
2025-08-12 12:53:43,365 [INFO] main: Running pipeline: |queries|=2000 |corpus|=315
2025-08-12 12:53:43,705 [INFO] main: Chunking enabled: |docs|=315 → |chunks|=534
2025-08-12 12:53:44,384 [INFO] main: Retriever backend 'faiss' initialised in 0.01 s
2025-08-12 12:53:49,755 [INFO] train: cuDNN benchmark mode ACTIVE (desactivated deterministic mode)
2025-08-12 12:53:53,699 [INFO] main: Device resolved → cuda
2025-08-12 12:53:53,935 [INFO] sentence_transformers.SentenceTransformer: Load pretrained SentenceTransformer: sentence-transformers/all-MiniLM-L6-v2
2025-08-12 12:53:56,074 [INFO] main: Compressor ready (AE = dae)
2025-08-12 12:53:56,087 [INFO] RAGGenerator: OpenAI API key loaded successfully.
2025-08-12 12:53:56,087 [INFO] main: Running pipeline: |queries|=2000 |corpus|=315
2025-08-12 12:53:56,439 [INFO] main: Chunking enabled: |docs|=315 → |chunks|=534
2025-08-12 12:53:57,064 [INFO] main: Retriever backend 'faiss' initialised in 0.01 s
2025-08-12 12:54:18,710 [INFO] train: cuDNN benchmark mode ACTIVE (desactivated deterministic mode)
2025-08-12 12:54:23,082 [INFO] main: Device resolved → cuda
2025-08-12 12:54:23,308 [INFO] sentence_transformers.SentenceTransformer: Load pretrained SentenceTransformer: sentence-transformers/all-MiniLM-L6-v2
2025-08-12 12:54:25,144 [INFO] main: Compressor ready (AE = dae)
2025-08-12 12:54:25,158 [INFO] RAGGenerator: OpenAI API key loaded successfully.
2025-08-12 12:54:25,158 [INFO] main: Running pipeline: |queries|=2000 |corpus|=315
2025-08-12 12:54:25,695 [INFO] main: Retriever backend 'faiss' initialised in 0.01 s
2025-08-12 12:54:31,239 [INFO] train: cuDNN benchmark mode ACTIVE (desactivated deterministic mode)
2025-08-12 12:54:35,310 [INFO] main: Device resolved → cuda
2025-08-12 12:54:35,542 [INFO] sentence_transformers.SentenceTransformer: Load pretrained SentenceTransformer: sentence-transformers/all-MiniLM-L6-v2
2025-08-12 12:54:37,727 [INFO] main: Compressor ready (AE = dae)
2025-08-12 12:54:37,739 [INFO] RAGGenerator: OpenAI API key loaded successfully.
2025-08-12 12:54:37,739 [INFO] main: Running pipeline: |queries|=2000 |corpus|=315
2025-08-12 12:54:38,298 [INFO] main: Retriever backend 'faiss' initialised in 0.01 s
2025-08-12 12:54:44,281 [INFO] train: cuDNN benchmark mode ACTIVE (desactivated deterministic mode)
2025-08-12 12:54:48,398 [INFO] main: Device resolved → cuda
2025-08-12 12:54:48,635 [INFO] sentence_transformers.SentenceTransformer: Load pretrained SentenceTransformer: sentence-transformers/all-MiniLM-L6-v2
2025-08-12 12:54:50,584 [INFO] main: Compressor ready (AE = dae)
2025-08-12 12:54:50,597 [INFO] RAGGenerator: OpenAI API key loaded successfully.
2025-08-12 12:54:50,597 [INFO] main: Running pipeline: |queries|=2000 |corpus|=315
2025-08-12 12:54:51,131 [INFO] main: Retriever backend 'faiss' initialised in 0.02 s
2025-08-12 12:55:33,627 [INFO] train: cuDNN benchmark mode ACTIVE (desactivated deterministic mode)
2025-08-12 12:55:37,949 [INFO] main: Device resolved → cuda
2025-08-12 12:55:38,168 [INFO] sentence_transformers.SentenceTransformer: Load pretrained SentenceTransformer: sentence-transformers/all-MiniLM-L6-v2
2025-08-12 12:55:40,113 [INFO] main: Compressor ready (AE = dae)
2025-08-12 12:55:40,138 [INFO] RAGGenerator: OpenAI API key loaded successfully.
2025-08-12 12:55:40,138 [INFO] main: Running pipeline: |queries|=2000 |corpus|=315
2025-08-12 12:55:40,745 [INFO] main: Retriever backend 'faiss' initialised in 0.01 s
2025-08-12 13:10:07,403 [INFO] train: cuDNN benchmark mode ACTIVE (desactivated deterministic mode)
2025-08-12 13:10:11,422 [INFO] main: Device resolved → cuda
2025-08-12 13:10:11,708 [INFO] sentence_transformers.SentenceTransformer: Load pretrained SentenceTransformer: sentence-transformers/all-MiniLM-L6-v2
2025-08-12 13:10:13,646 [INFO] main: Compressor ready (AE = dae)
2025-08-12 13:10:13,671 [INFO] RAGGenerator: OpenAI API key loaded successfully.
2025-08-12 13:10:13,671 [INFO] main: Running pipeline: |queries|=2000 |corpus|=315
2025-08-12 13:10:14,319 [INFO] main: Retriever backend 'faiss' initialised in 0.01 s
2025-08-12 13:10:43,899 [INFO] train: cuDNN benchmark mode ACTIVE (desactivated deterministic mode)
2025-08-12 13:10:48,226 [INFO] main: Device resolved → cuda
2025-08-12 13:10:48,442 [INFO] sentence_transformers.SentenceTransformer: Load pretrained SentenceTransformer: sentence-transformers/all-MiniLM-L6-v2
2025-08-12 13:10:50,198 [INFO] main: Compressor ready (AE = dae)
2025-08-12 13:10:50,211 [INFO] RAGGenerator: OpenAI API key loaded successfully.
2025-08-12 13:10:50,211 [INFO] main: Running pipeline: |queries|=2000 |corpus|=315
2025-08-12 13:10:50,758 [INFO] main: Retriever backend 'faiss' initialised in 0.00 s
2025-08-12 14:20:06,807 [INFO] main: cuDNN benchmark mode ACTIVE (desactivated deterministic mode)
2025-08-12 14:20:47,358 [INFO] main: cuDNN benchmark mode ACTIVE (desactivated deterministic mode)
2025-08-12 14:20:54,971 [INFO] sentence_transformers.SentenceTransformer: Use pytorch device_name: cuda:0
2025-08-12 14:20:54,971 [INFO] sentence_transformers.SentenceTransformer: Load pretrained SentenceTransformer: sentence-transformers/all-MiniLM-L6-v2
2025-08-12 14:21:01,916 [INFO] train: CAE | device=cuda | hard_negatives=True | margin=0.200
2025-08-12 14:21:04,808 [INFO] train: [Epoch 01/50] train=0.058703 | val=0.052021
2025-08-12 14:21:04,822 [INFO] train: New best val_loss: 0.052021 → checkpoint ./models/checkpoints/cae_in384_lat64_hid512_margin0.20_hn1_bs128_lr0.001_ep50.pth
2025-08-12 14:21:07,123 [INFO] train: [Epoch 02/50] train=0.045776 | val=0.049932
2025-08-12 14:21:07,126 [INFO] train: New best val_loss: 0.049932 → checkpoint ./models/checkpoints/cae_in384_lat64_hid512_margin0.20_hn1_bs128_lr0.001_ep50.pth
2025-08-12 14:21:09,411 [INFO] train: [Epoch 03/50] train=0.042671 | val=0.047904
2025-08-12 14:21:09,424 [INFO] train: New best val_loss: 0.047904 → checkpoint ./models/checkpoints/cae_in384_lat64_hid512_margin0.20_hn1_bs128_lr0.001_ep50.pth
2025-08-12 14:21:11,683 [INFO] train: [Epoch 04/50] train=0.040678 | val=0.047025
2025-08-12 14:21:11,686 [INFO] train: New best val_loss: 0.047025 → checkpoint ./models/checkpoints/cae_in384_lat64_hid512_margin0.20_hn1_bs128_lr0.001_ep50.pth
2025-08-12 14:21:13,965 [INFO] train: [Epoch 05/50] train=0.039313 | val=0.047323
2025-08-12 14:21:16,253 [INFO] train: [Epoch 06/50] train=0.038581 | val=0.046987
2025-08-12 14:21:18,829 [INFO] train: [Epoch 07/50] train=0.038143 | val=0.046671
2025-08-12 14:21:18,832 [INFO] train: New best val_loss: 0.046671 → checkpoint ./models/checkpoints/cae_in384_lat64_hid512_margin0.20_hn1_bs128_lr0.001_ep50.pth
2025-08-12 14:21:21,544 [INFO] train: [Epoch 08/50] train=0.037166 | val=0.047581
2025-08-12 14:21:24,457 [INFO] train: [Epoch 09/50] train=0.036984 | val=0.047357
2025-08-12 14:21:27,382 [INFO] train: [Epoch 10/50] train=0.036352 | val=0.047664
2025-08-12 14:21:30,287 [INFO] train: [Epoch 11/50] train=0.031241 | val=0.043730
2025-08-12 14:21:30,290 [INFO] train: New best val_loss: 0.043730 → checkpoint ./models/checkpoints/cae_in384_lat64_hid512_margin0.20_hn1_bs128_lr0.001_ep50.pth
2025-08-12 14:21:33,230 [INFO] train: [Epoch 12/50] train=0.029427 | val=0.044160
2025-08-12 14:21:35,699 [INFO] train: [Epoch 13/50] train=0.028944 | val=0.044570
2025-08-12 14:21:38,272 [INFO] train: [Epoch 14/50] train=0.028471 | val=0.044953
2025-08-12 14:21:40,684 [INFO] train: [Epoch 15/50] train=0.024634 | val=0.042987
2025-08-12 14:21:40,687 [INFO] train: New best val_loss: 0.042987 → checkpoint ./models/checkpoints/cae_in384_lat64_hid512_margin0.20_hn1_bs128_lr0.001_ep50.pth
2025-08-12 14:21:43,242 [INFO] train: [Epoch 16/50] train=0.022961 | val=0.043493
2025-08-12 14:21:45,798 [INFO] train: [Epoch 17/50] train=0.022639 | val=0.043507
2025-08-12 14:21:48,697 [INFO] train: [Epoch 18/50] train=0.021641 | val=0.044199
2025-08-12 14:21:51,611 [INFO] train: [Epoch 19/50] train=0.019501 | val=0.043446
2025-08-12 14:21:54,544 [INFO] train: [Epoch 20/50] train=0.018591 | val=0.043357
2025-08-12 14:21:54,545 [INFO] train: [EARLY STOP] No improvement in validation.
2025-08-12 14:21:54,545 [INFO] main: [DONE] Best val_loss = 0.042987
2025-08-12 14:21:54,545 [INFO] main: 
2025-08-13 09:16:36,040 [INFO] utils.training_utils: cuDNN benchmark mode ACTIVE (desactivated deterministic mode)
2025-08-13 09:26:40,379 [INFO] utils.training_utils: cuDNN benchmark mode ACTIVE (desactivated deterministic mode)
2025-08-13 09:33:52,824 [INFO] train: cuDNN benchmark mode ACTIVE (desactivated deterministic mode)
2025-08-13 09:33:53,047 [INFO] main: 
2025-08-13 09:33:53,047 [INFO] main: Training DAE | device=cuda
2025-08-13 09:33:56,118 [INFO] train: [Epoch 01/50] train=0.001390 | val=0.001221
2025-08-13 09:33:56,118 [INFO] train: Improved val=0.001221 (train=0.001390) pending final save
2025-08-13 09:33:58,256 [INFO] train: [Epoch 02/50] train=0.001177 | val=0.001157
2025-08-13 09:34:00,356 [INFO] train: [Epoch 03/50] train=0.001130 | val=0.001128
2025-08-13 09:34:02,548 [INFO] train: [Epoch 04/50] train=0.001105 | val=0.001109
2025-08-13 09:34:02,549 [INFO] train: Improved val=0.001109 (train=0.001105) pending final save
2025-08-13 09:34:04,942 [INFO] train: [Epoch 05/50] train=0.001089 | val=0.001097
2025-08-13 09:34:07,344 [INFO] train: [Epoch 06/50] train=0.001078 | val=0.001091
2025-08-13 09:34:10,550 [INFO] train: [Epoch 07/50] train=0.001070 | val=0.001084
2025-08-13 09:34:12,986 [INFO] train: [Epoch 08/50] train=0.001063 | val=0.001079
2025-08-13 09:34:15,427 [INFO] train: [Epoch 09/50] train=0.001058 | val=0.001074
2025-08-13 09:34:15,427 [INFO] train: [EARLY STOP] No improvement in validation.
2025-08-13 09:34:15,429 [INFO] train: Saved best checkpoint ./models/checkpoints/dae_in384_lat64_hid512_bs128_lr0.001_ep50_tr0.0011_val0.0011.pth
2025-08-13 09:34:15,429 [INFO] main: [DONE] Best val_loss = 0.001109
2025-08-13 09:34:15,429 [INFO] main: 
2025-08-13 10:09:12,075 [INFO] main: cuDNN benchmark mode ACTIVE (desactivated deterministic mode)
2025-08-13 10:09:12,446 [INFO] train: CAE | device=cuda | hard_negatives=True | margin=0.200
2025-08-13 10:09:15,701 [INFO] train: [Epoch 01/50] train=0.058703 | val=0.052021
2025-08-13 10:09:15,702 [INFO] train: Improved val=0.052021 (train=0.058703) pending final save
2025-08-13 10:09:18,015 [INFO] train: [Epoch 02/50] train=0.045776 | val=0.049932
2025-08-13 10:09:18,016 [INFO] train: Improved val=0.049932 (train=0.045776) pending final save
2025-08-13 10:09:20,198 [INFO] train: [Epoch 03/50] train=0.042671 | val=0.047904
2025-08-13 10:09:20,199 [INFO] train: Improved val=0.047904 (train=0.042671) pending final save
2025-08-13 10:09:22,583 [INFO] train: [Epoch 04/50] train=0.040678 | val=0.047025
2025-08-13 10:09:22,584 [INFO] train: Improved val=0.047025 (train=0.040678) pending final save
2025-08-13 10:09:25,843 [INFO] train: [Epoch 05/50] train=0.039313 | val=0.047323
2025-08-13 10:09:28,295 [INFO] train: [Epoch 06/50] train=0.038581 | val=0.046987
2025-08-13 10:09:30,898 [INFO] train: [Epoch 07/50] train=0.038143 | val=0.046671
2025-08-13 10:09:30,899 [INFO] train: Improved val=0.046671 (train=0.038143) pending final save
2025-08-13 10:09:33,707 [INFO] train: [Epoch 08/50] train=0.037166 | val=0.047581
2025-08-13 10:09:36,508 [INFO] train: [Epoch 09/50] train=0.036984 | val=0.047357
2025-08-13 10:09:39,336 [INFO] train: [Epoch 10/50] train=0.036352 | val=0.047664
2025-08-13 10:09:42,122 [INFO] train: [Epoch 11/50] train=0.031241 | val=0.043730
2025-08-13 10:09:42,123 [INFO] train: Improved val=0.043730 (train=0.031241) pending final save
2025-08-13 10:09:44,564 [INFO] train: [Epoch 12/50] train=0.029427 | val=0.044160
2025-08-13 10:09:46,967 [INFO] train: [Epoch 13/50] train=0.028944 | val=0.044570
2025-08-13 10:09:49,338 [INFO] train: [Epoch 14/50] train=0.028471 | val=0.044953
2025-08-13 10:09:52,161 [INFO] train: [Epoch 15/50] train=0.024634 | val=0.042987
2025-08-13 10:09:52,162 [INFO] train: Improved val=0.042987 (train=0.024634) pending final save
2025-08-13 10:09:55,010 [INFO] train: [Epoch 16/50] train=0.022961 | val=0.043493
2025-08-13 10:09:58,645 [INFO] train: [Epoch 17/50] train=0.022639 | val=0.043507
2025-08-13 10:10:01,539 [INFO] train: [Epoch 18/50] train=0.021641 | val=0.044199
2025-08-13 10:10:04,441 [INFO] train: [Epoch 19/50] train=0.019501 | val=0.043446
2025-08-13 10:10:06,985 [INFO] train: [Epoch 20/50] train=0.018591 | val=0.043357
2025-08-13 10:10:06,986 [INFO] train: [EARLY STOP] No improvement in validation.
2025-08-13 10:10:06,999 [INFO] train: Saved history CSV models/history/cae_in384_lat64_hid512_margin0.20_hn1_bs128_lr0.001_ep50_tr0.0246_val0.0430.csv
2025-08-13 10:10:06,999 [INFO] train: Saved meta JSON models/history/cae_in384_lat64_hid512_margin0.20_hn1_bs128_lr0.001_ep50_tr0.0246_val0.0430.json
2025-08-13 10:10:06,999 [INFO] main: [DONE] Best val_loss = 0.042987
2025-08-13 10:10:07,000 [INFO] main: 
2025-08-13 10:19:36,063 [INFO] train: cuDNN benchmark mode ACTIVE (desactivated deterministic mode)
2025-08-13 10:19:36,341 [INFO] main: 
2025-08-13 10:19:36,341 [INFO] main: Training DAE | device=cuda
2025-08-13 10:19:39,808 [INFO] train: [Epoch 01/10] train=0.001390 | val=0.001221
2025-08-13 10:19:39,809 [INFO] train: Improved val=0.001221 (train=0.001390) pending final save
2025-08-13 10:19:41,924 [INFO] train: [Epoch 02/10] train=0.001177 | val=0.001157
2025-08-13 10:19:43,941 [INFO] train: [Epoch 03/10] train=0.001130 | val=0.001128
2025-08-13 10:19:46,062 [INFO] train: [Epoch 04/10] train=0.001105 | val=0.001109
2025-08-13 10:19:46,063 [INFO] train: Improved val=0.001109 (train=0.001105) pending final save
2025-08-13 10:19:48,304 [INFO] train: [Epoch 05/10] train=0.001089 | val=0.001097
2025-08-13 10:19:50,549 [INFO] train: [Epoch 06/10] train=0.001078 | val=0.001091
2025-08-13 10:19:52,779 [INFO] train: [Epoch 07/10] train=0.001070 | val=0.001084
2025-08-13 10:19:56,004 [INFO] train: [Epoch 08/10] train=0.001063 | val=0.001079
2025-08-13 10:19:58,308 [INFO] train: [Epoch 09/10] train=0.001058 | val=0.001074
2025-08-13 10:19:58,308 [INFO] train: [EARLY STOP] No improvement in validation.
2025-08-13 10:19:58,319 [INFO] train: Saved history CSV models/history/dae_in384_lat64_hid512_bs128_lr0.001_ep10_tr0.0011_val0.0011.csv
2025-08-13 10:19:58,319 [INFO] train: Saved meta JSON models/history/dae_in384_lat64_hid512_bs128_lr0.001_ep10_tr0.0011_val0.0011.json
2025-08-13 10:19:58,319 [INFO] main: [DONE] Best val_loss = 0.001109
2025-08-13 10:19:58,320 [INFO] main: 
2025-08-13 10:41:23,460 [INFO] utils.training_utils: cuDNN benchmark mode ACTIVE (desactivated deterministic mode)
2025-08-13 11:20:47,070 [INFO] train: cuDNN benchmark mode ACTIVE (desactivated deterministic mode)
2025-08-13 11:20:51,554 [INFO] main: Device resolved → cuda
2025-08-13 11:20:51,831 [INFO] sentence_transformers.SentenceTransformer: Load pretrained SentenceTransformer: sentence-transformers/all-MiniLM-L6-v2
2025-08-13 11:20:53,686 [INFO] main: [Compressor] SBERT_dim=384 | latent_dim=64 | compressed=True
2025-08-13 11:20:53,686 [INFO] main: Compressor ready (AE = vae)
2025-08-13 11:20:53,710 [INFO] RAGGenerator: OpenAI API key loaded successfully.
2025-08-13 11:20:53,710 [INFO] main: Running pipeline: |queries|=2000 |corpus|=315
2025-08-13 11:20:54,281 [INFO] main: [Embeddings] corpus_dim=64 (CR=6.00× from 384)
2025-08-13 11:20:54,289 [INFO] main: Retriever backend 'faiss' initialised in 0.01 s
2025-08-13 11:20:54,289 [INFO] main: [FAISS] d=64 ntotal=315 (expect d=64, ntotal=315)
2025-08-13 11:20:54,678 [INFO] main: [Result] dim_in=384 dim_out=64 CR=6.00× n=315
2025-08-13 14:28:50,786 [INFO] train: cuDNN benchmark mode ACTIVE (desactivated deterministic mode)
2025-08-13 14:28:55,037 [INFO] main: Device resolved → cuda
2025-08-13 14:28:55,314 [INFO] sentence_transformers.SentenceTransformer: Load pretrained SentenceTransformer: sentence-transformers/all-MiniLM-L6-v2
2025-08-13 14:28:57,229 [INFO] main: [Compressor] SBERT_dim=384 | latent_dim=64 | compressed=True
2025-08-13 14:28:57,229 [INFO] main: Compressor ready (AE = vae)
2025-08-13 14:28:57,251 [INFO] RAGGenerator: OpenAI API key loaded successfully.
2025-08-13 14:28:57,251 [INFO] main: Running pipeline: |queries|=2000 |corpus|=315
2025-08-13 14:28:57,840 [INFO] main: [Embeddings] corpus_dim=64 (CR=6.00× from 384)
2025-08-13 14:28:57,849 [INFO] main: Retriever backend 'faiss' initialised in 0.01 s
2025-08-13 14:28:57,849 [INFO] main: [FAISS] d=64 ntotal=315 (expect d=64, ntotal=315)
2025-08-13 14:28:58,260 [INFO] main: [Result] dim_in=384 dim_out=64 CR=6.00× n=315
2025-08-13 14:31:47,825 [INFO] train: cuDNN benchmark mode ACTIVE (desactivated deterministic mode)
2025-08-13 14:31:51,987 [INFO] main: Device resolved → cuda
2025-08-13 14:31:52,239 [INFO] sentence_transformers.SentenceTransformer: Load pretrained SentenceTransformer: sentence-transformers/all-MiniLM-L6-v2
2025-08-13 14:31:54,043 [INFO] main: [Compressor] SBERT_dim=384 | latent_dim=64 | compressed=True
2025-08-13 14:31:54,043 [INFO] main: Compressor ready (AE = dae)
2025-08-13 14:31:54,064 [INFO] RAGGenerator: OpenAI API key loaded successfully.
2025-08-13 14:31:54,064 [INFO] main: Running pipeline: |queries|=2000 |corpus|=315
2025-08-13 14:31:54,621 [INFO] main: [Embeddings] corpus_dim=64 (CR=6.00× from 384)
2025-08-13 14:31:54,628 [INFO] main: Retriever backend 'faiss' initialised in 0.01 s
2025-08-13 14:31:54,629 [INFO] main: [FAISS] d=64 ntotal=315 (expect d=64, ntotal=315)
2025-08-13 14:31:55,024 [INFO] main: [Result] dim_in=384 dim_out=64 CR=6.00× n=315
2025-08-13 14:34:13,091 [INFO] train: cuDNN benchmark mode ACTIVE (desactivated deterministic mode)
2025-08-13 14:34:18,193 [INFO] main: Device resolved → cuda
2025-08-13 14:34:18,426 [INFO] sentence_transformers.SentenceTransformer: Load pretrained SentenceTransformer: sentence-transformers/all-MiniLM-L6-v2
2025-08-13 14:34:20,444 [INFO] main: [Compressor] SBERT_dim=384 | latent_dim=64 | compressed=True
2025-08-13 14:34:20,444 [INFO] main: Compressor ready (AE = dae)
2025-08-13 14:34:20,467 [INFO] RAGGenerator: OpenAI API key loaded successfully.
2025-08-13 14:34:20,467 [INFO] main: Running pipeline: |queries|=10570 |corpus|=2067
2025-08-13 14:34:22,725 [INFO] main: [Embeddings] corpus_dim=64 (CR=6.00× from 384)
2025-08-13 14:34:22,744 [INFO] main: Retriever backend 'faiss' initialised in 0.02 s
2025-08-13 14:34:22,744 [INFO] main: [FAISS] d=64 ntotal=2067 (expect d=64, ntotal=2067)
2025-08-13 14:34:24,370 [INFO] main: [Result] dim_in=384 dim_out=64 CR=6.00× n=2067
2025-08-13 14:35:08,481 [INFO] train: cuDNN benchmark mode ACTIVE (desactivated deterministic mode)
2025-08-13 14:35:12,592 [INFO] main: Device resolved → cuda
2025-08-13 14:35:12,851 [INFO] sentence_transformers.SentenceTransformer: Load pretrained SentenceTransformer: sentence-transformers/all-MiniLM-L6-v2
2025-08-13 14:35:15,121 [INFO] main: [Compressor] SBERT_dim=384 | latent_dim=64 | compressed=True
2025-08-13 14:35:15,121 [INFO] main: Compressor ready (AE = dae)
2025-08-13 14:35:15,143 [INFO] RAGGenerator: OpenAI API key loaded successfully.
2025-08-13 14:35:15,143 [INFO] main: Running pipeline: |queries|=10570 |corpus|=2067
2025-08-13 14:35:17,451 [INFO] main: [Embeddings] corpus_dim=64 (CR=6.00× from 384)
2025-08-13 14:35:17,473 [INFO] main: Retriever backend 'faiss' initialised in 0.02 s
2025-08-13 14:35:17,473 [INFO] main: [FAISS] d=64 ntotal=2067 (expect d=64, ntotal=2067)
2025-08-13 14:35:19,116 [INFO] main: [Result] dim_in=384 dim_out=64 CR=6.00× n=2067
2025-08-13 14:50:19,886 [INFO] train: cuDNN benchmark mode ACTIVE (desactivated deterministic mode)
2025-08-13 14:50:24,378 [INFO] main: Device resolved → cuda
2025-08-13 14:50:24,643 [INFO] sentence_transformers.SentenceTransformer: Load pretrained SentenceTransformer: sentence-transformers/all-MiniLM-L6-v2
2025-08-13 14:50:26,596 [INFO] main: [Compressor] SBERT_dim=384 | latent_dim=64 | compressed=True
2025-08-13 14:50:26,596 [INFO] main: Compressor ready (AE = dae)
2025-08-13 14:50:26,618 [INFO] RAGGenerator: OpenAI API key loaded successfully.
2025-08-13 14:50:26,618 [INFO] main: Running pipeline: |queries|=10570 |corpus|=2067
2025-08-13 14:50:28,969 [INFO] main: [Embeddings] corpus_dim=64 (CR=6.00× from 384)
2025-08-13 14:50:28,992 [INFO] main: Retriever backend 'faiss' initialised in 0.02 s
2025-08-13 14:50:28,993 [INFO] main: [FAISS] d=64 ntotal=2067 (expect d=64, ntotal=2067)
2025-08-13 14:50:30,619 [INFO] main: [Result] dim_in=384 dim_out=64 CR=6.00× n=2067
2025-08-13 14:54:00,333 [INFO] train: cuDNN benchmark mode ACTIVE (desactivated deterministic mode)
2025-08-13 14:54:04,446 [INFO] main: Device resolved → cuda
2025-08-13 14:54:04,699 [INFO] sentence_transformers.SentenceTransformer: Load pretrained SentenceTransformer: sentence-transformers/all-MiniLM-L6-v2
2025-08-13 14:54:06,721 [INFO] main: [Compressor] SBERT_dim=384 | latent_dim=64 | compressed=True
2025-08-13 14:54:06,722 [INFO] main: Compressor ready (AE = dae)
2025-08-13 14:54:06,743 [INFO] RAGGenerator: OpenAI API key loaded successfully.
2025-08-13 14:54:06,743 [INFO] main: Running pipeline: |queries|=10570 |corpus|=2067
2025-08-13 14:54:09,391 [INFO] main: [Embeddings] corpus_dim=64 (CR=6.00× from 384)
2025-08-13 14:54:09,413 [INFO] main: Retriever backend 'faiss' initialised in 0.02 s
2025-08-13 14:54:09,413 [INFO] main: [FAISS] d=64 ntotal=2067 (expect d=64, ntotal=2067)
2025-08-13 14:54:11,242 [INFO] main: [Result] dim_in=384 dim_out=64 CR=6.00× n=2067
2025-08-13 14:55:03,398 [INFO] train: cuDNN benchmark mode ACTIVE (desactivated deterministic mode)
2025-08-13 14:55:09,534 [INFO] main: Device resolved → cuda
2025-08-13 14:55:09,755 [INFO] sentence_transformers.SentenceTransformer: Load pretrained SentenceTransformer: sentence-transformers/all-MiniLM-L6-v2
2025-08-13 14:55:11,617 [INFO] main: [Compressor] SBERT_dim=384 | latent_dim=64 | compressed=True
2025-08-13 14:55:11,617 [INFO] main: Compressor ready (AE = dae)
2025-08-13 14:55:11,630 [INFO] RAGGenerator: OpenAI API key loaded successfully.
2025-08-13 14:55:11,630 [INFO] main: Running pipeline: |queries|=10570 |corpus|=2067
2025-08-13 14:55:13,875 [INFO] main: [Embeddings] corpus_dim=64 (CR=6.00× from 384)
2025-08-13 14:55:13,895 [INFO] main: Retriever backend 'faiss' initialised in 0.02 s
2025-08-13 14:55:13,895 [INFO] main: [FAISS] d=64 ntotal=2067 (expect d=64, ntotal=2067)
2025-08-13 14:55:15,644 [INFO] main: [Result] dim_in=384 dim_out=64 CR=6.00× n=2067
2025-08-13 14:57:13,415 [INFO] train: cuDNN benchmark mode ACTIVE (desactivated deterministic mode)
2025-08-13 14:57:17,605 [INFO] main: Device resolved → cuda
2025-08-13 14:57:18,902 [INFO] sentence_transformers.SentenceTransformer: Load pretrained SentenceTransformer: sentence-transformers/all-MiniLM-L6-v2
2025-08-13 14:57:20,967 [INFO] main: [Compressor] SBERT_dim=384 | latent_dim=64 | compressed=True
2025-08-13 14:57:20,967 [INFO] main: Compressor ready (AE = dae)
2025-08-13 14:57:20,980 [INFO] RAGGenerator: OpenAI API key loaded successfully.
2025-08-13 14:57:20,981 [INFO] main: Running pipeline: |queries|=10570 |corpus|=2067
2025-08-13 14:57:23,302 [INFO] main: [Embeddings] corpus_dim=64 (CR=6.00× from 384)
2025-08-13 14:57:23,320 [INFO] main: Retriever backend 'faiss' initialised in 0.02 s
2025-08-13 14:57:23,320 [INFO] main: [FAISS] d=64 ntotal=2067 (expect d=64, ntotal=2067)
2025-08-13 14:57:25,185 [INFO] main: [Result] dim_in=384 dim_out=64 CR=6.00× n=2067
2025-08-13 14:57:55,446 [INFO] train: cuDNN benchmark mode ACTIVE (desactivated deterministic mode)
2025-08-13 14:57:59,397 [INFO] main: Device resolved → cuda
2025-08-13 14:57:59,669 [INFO] sentence_transformers.SentenceTransformer: Load pretrained SentenceTransformer: sentence-transformers/all-MiniLM-L6-v2
2025-08-13 14:58:01,671 [INFO] main: [Compressor] SBERT_dim=384 | latent_dim=64 | compressed=True
2025-08-13 14:58:01,671 [INFO] main: Compressor ready (AE = dae)
2025-08-13 14:58:01,682 [INFO] RAGGenerator: OpenAI API key loaded successfully.
2025-08-13 14:58:01,682 [INFO] main: Running pipeline: |queries|=10570 |corpus|=2067
2025-08-13 14:58:03,860 [INFO] main: [Embeddings] corpus_dim=64 (CR=6.00× from 384)
2025-08-13 14:58:03,882 [INFO] main: Retriever backend 'faiss' initialised in 0.02 s
2025-08-13 14:58:03,882 [INFO] main: [FAISS] d=64 ntotal=2067 (expect d=64, ntotal=2067)
2025-08-13 14:58:05,606 [INFO] main: [Result] dim_in=384 dim_out=64 CR=6.00× n=2067
2025-08-13 15:08:19,291 [INFO] train: cuDNN benchmark mode ACTIVE (desactivated deterministic mode)
2025-08-13 15:08:24,382 [INFO] main: Device resolved → cuda
2025-08-13 15:08:24,646 [INFO] sentence_transformers.SentenceTransformer: Load pretrained SentenceTransformer: sentence-transformers/all-MiniLM-L6-v2
2025-08-13 15:08:26,935 [INFO] main: [Compressor] SBERT_dim=384 | latent_dim=64 | compressed=True
2025-08-13 15:08:26,935 [INFO] main: Compressor ready (AE = dae)
2025-08-13 15:08:26,957 [INFO] RAGGenerator: OpenAI API key loaded successfully.
2025-08-13 15:08:26,957 [INFO] main: Running pipeline: |queries|=10570 |corpus|=2067
2025-08-13 15:08:29,372 [INFO] main: [Embeddings] corpus_dim=64 (CR=6.00× from 384)
2025-08-13 15:08:29,399 [INFO] main: Retriever backend 'faiss' initialised in 0.03 s
2025-08-13 15:08:29,399 [INFO] main: [FAISS] d=64 ntotal=2067 (expect d=64, ntotal=2067)
2025-08-13 15:08:31,159 [INFO] main: [Result] dim_in=384 dim_out=64 CR=6.00× n=2067
2025-08-13 15:15:02,108 [INFO] train: cuDNN benchmark mode ACTIVE (desactivated deterministic mode)
2025-08-13 15:15:07,852 [INFO] sentence_transformers.SentenceTransformer: Load pretrained SentenceTransformer: sentence-transformers/all-MiniLM-L6-v2
2025-08-13 15:15:14,285 [INFO] main: Device resolved → cuda
2025-08-13 15:15:14,299 [INFO] sentence_transformers.SentenceTransformer: Load pretrained SentenceTransformer: sentence-transformers/all-MiniLM-L6-v2
2025-08-13 15:15:16,140 [INFO] main: [Compressor] SBERT_dim=384 | latent_dim=64 | compressed=True
2025-08-13 15:15:16,140 [INFO] main: Compressor ready (AE = dae)
2025-08-13 15:15:16,162 [INFO] RAGGenerator: OpenAI API key loaded successfully.
2025-08-13 15:15:16,162 [INFO] main: Running pipeline: |queries|=10570 |corpus|=2067
2025-08-13 15:16:21,604 [INFO] train: cuDNN benchmark mode ACTIVE (desactivated deterministic mode)
2025-08-13 15:16:25,629 [INFO] sentence_transformers.SentenceTransformer: Load pretrained SentenceTransformer: sentence-transformers/all-MiniLM-L6-v2
2025-08-13 15:16:31,456 [INFO] main: Device resolved → cuda
2025-08-13 15:16:31,465 [INFO] sentence_transformers.SentenceTransformer: Load pretrained SentenceTransformer: sentence-transformers/all-MiniLM-L6-v2
2025-08-13 15:16:32,932 [INFO] main: [Compressor] SBERT_dim=384 | latent_dim=64 | compressed=True
2025-08-13 15:16:32,932 [INFO] main: Compressor ready (AE = dae)
2025-08-13 15:16:32,944 [INFO] RAGGenerator: OpenAI API key loaded successfully.
2025-08-13 15:16:32,945 [INFO] main: Running pipeline: |queries|=10570 |corpus|=2067
2025-08-13 15:16:32,946 [INFO] main: [Embeddings] corpus_dim=64 (CR=6.00× from 384)
2025-08-13 15:16:32,973 [INFO] main: Retriever backend 'faiss' initialised in 0.03 s
2025-08-13 15:16:32,973 [INFO] main: [FAISS] d=64 ntotal=2067 (expect d=64, ntotal=2067)
2025-08-13 15:16:33,139 [INFO] main: [Result] dim_in=384 dim_out=64 CR=6.00× n=2067
2025-08-13 15:16:40,798 [INFO] train: cuDNN benchmark mode ACTIVE (desactivated deterministic mode)
2025-08-13 15:16:46,102 [INFO] sentence_transformers.SentenceTransformer: Load pretrained SentenceTransformer: sentence-transformers/all-MiniLM-L6-v2
2025-08-13 15:16:51,927 [INFO] main: Device resolved → cuda
2025-08-13 15:16:51,949 [INFO] sentence_transformers.SentenceTransformer: Load pretrained SentenceTransformer: sentence-transformers/all-MiniLM-L6-v2
2025-08-13 15:16:53,503 [INFO] main: [Compressor] SBERT_dim=384 | latent_dim=64 | compressed=True
2025-08-13 15:16:53,504 [INFO] main: Compressor ready (AE = vae)
2025-08-13 15:16:53,515 [INFO] RAGGenerator: OpenAI API key loaded successfully.
2025-08-13 15:16:53,516 [INFO] main: Running pipeline: |queries|=10570 |corpus|=2067
2025-08-13 15:16:53,517 [INFO] main: [Embeddings] corpus_dim=64 (CR=6.00× from 384)
2025-08-13 15:16:53,538 [INFO] main: Retriever backend 'faiss' initialised in 0.02 s
2025-08-13 15:16:53,538 [INFO] main: [FAISS] d=64 ntotal=2067 (expect d=64, ntotal=2067)
2025-08-13 15:16:53,714 [INFO] main: [Result] dim_in=384 dim_out=64 CR=6.00× n=2067
2025-08-13 15:17:05,375 [INFO] train: cuDNN benchmark mode ACTIVE (desactivated deterministic mode)
2025-08-13 15:17:09,630 [INFO] sentence_transformers.SentenceTransformer: Load pretrained SentenceTransformer: sentence-transformers/all-MiniLM-L6-v2
2025-08-13 15:17:17,735 [INFO] main: Device resolved → cuda
2025-08-13 15:17:17,747 [INFO] sentence_transformers.SentenceTransformer: Load pretrained SentenceTransformer: sentence-transformers/all-MiniLM-L6-v2
2025-08-13 15:17:19,223 [INFO] main: [Compressor] SBERT_dim=384 | latent_dim=64 | compressed=True
2025-08-13 15:17:19,223 [INFO] main: Compressor ready (AE = vae)
2025-08-13 15:17:19,240 [INFO] RAGGenerator: OpenAI API key loaded successfully.
2025-08-13 15:17:19,240 [INFO] main: Running pipeline: |queries|=10570 |corpus|=2067
2025-08-13 15:17:19,243 [INFO] main: [Embeddings] corpus_dim=64 (CR=6.00× from 384)
2025-08-13 15:17:19,266 [INFO] main: Retriever backend 'faiss' initialised in 0.02 s
2025-08-13 15:17:19,266 [INFO] main: [FAISS] d=64 ntotal=2067 (expect d=64, ntotal=2067)
2025-08-13 15:17:19,454 [INFO] main: [Result] dim_in=384 dim_out=64 CR=6.00× n=2067
2025-08-13 15:19:35,966 [INFO] train: cuDNN benchmark mode ACTIVE (desactivated deterministic mode)
2025-08-13 15:19:40,869 [INFO] sentence_transformers.SentenceTransformer: Load pretrained SentenceTransformer: sentence-transformers/all-MiniLM-L6-v2
2025-08-13 15:19:46,666 [INFO] main: Device resolved → cuda
2025-08-13 15:21:45,920 [INFO] train: cuDNN benchmark mode ACTIVE (desactivated deterministic mode)
2025-08-13 15:21:49,970 [INFO] sentence_transformers.SentenceTransformer: Load pretrained SentenceTransformer: sentence-transformers/all-MiniLM-L6-v2
2025-08-13 15:21:55,663 [INFO] main: Device resolved → cuda
2025-08-13 15:21:55,683 [INFO] sentence_transformers.SentenceTransformer: Load pretrained SentenceTransformer: sentence-transformers/all-MiniLM-L6-v2
2025-08-13 15:21:57,175 [INFO] main: [Compressor] SBERT_dim=384 | latent_dim=64 | compressed=True
2025-08-13 15:21:57,175 [INFO] main: Compressor ready (AE = cae)
2025-08-13 15:21:57,190 [INFO] RAGGenerator: OpenAI API key loaded successfully.
2025-08-13 15:21:57,191 [INFO] main: Running pipeline: |queries|=10570 |corpus|=2067
2025-08-13 15:21:57,192 [INFO] main: [Embeddings] corpus_dim=64 (CR=6.00× from 384)
2025-08-13 15:21:57,211 [INFO] main: Retriever backend 'faiss' initialised in 0.02 s
2025-08-13 15:21:57,211 [INFO] main: [FAISS] d=64 ntotal=2067 (expect d=64, ntotal=2067)
2025-08-13 15:21:57,383 [INFO] main: [Result] dim_in=384 dim_out=64 CR=6.00× n=2067
2025-08-13 15:46:59,228 [INFO] train: cuDNN benchmark mode ACTIVE (desactivated deterministic mode)
2025-08-13 15:47:03,928 [INFO] sentence_transformers.SentenceTransformer: Load pretrained SentenceTransformer: sentence-transformers/all-MiniLM-L6-v2
2025-08-13 15:47:09,905 [INFO] main: Device resolved → cuda
2025-08-13 15:47:09,920 [INFO] sentence_transformers.SentenceTransformer: Load pretrained SentenceTransformer: sentence-transformers/all-MiniLM-L6-v2
2025-08-13 15:47:11,436 [INFO] main: [Compressor] SBERT_dim=384 | latent_dim=64 | compressed=True
2025-08-13 15:47:11,436 [INFO] main: Compressor ready (AE = vae)
2025-08-13 15:47:11,460 [INFO] RAGGenerator: OpenAI API key loaded successfully.
2025-08-13 15:47:11,460 [INFO] main: Running pipeline: |queries|=10570 |corpus|=2067
2025-08-13 15:47:11,462 [INFO] main: [Embeddings] corpus_dim=64 (CR=6.00× from 384)
2025-08-13 15:47:11,487 [INFO] main: Retriever backend 'faiss' initialised in 0.02 s
2025-08-13 15:47:11,487 [INFO] main: [FAISS] d=64 ntotal=2067 (expect d=64, ntotal=2067)
2025-08-13 15:47:11,655 [INFO] main: [Result] dim_in=384 dim_out=64 CR=6.00× n=2067
2025-08-13 15:47:11,660 [INFO] main: Device resolved → cuda
2025-08-13 15:47:11,669 [INFO] sentence_transformers.SentenceTransformer: Load pretrained SentenceTransformer: sentence-transformers/all-MiniLM-L6-v2
2025-08-13 15:47:13,170 [INFO] main: [Compressor] SBERT_dim=384 | latent_dim=64 | compressed=True
2025-08-13 15:47:13,170 [INFO] main: Compressor ready (AE = dae)
2025-08-13 15:47:13,174 [INFO] RAGGenerator: OpenAI API key loaded successfully.
2025-08-13 15:47:13,175 [INFO] main: Running pipeline: |queries|=10570 |corpus|=2067
2025-08-13 15:47:13,177 [INFO] main: [Embeddings] corpus_dim=64 (CR=6.00× from 384)
2025-08-13 15:47:13,198 [INFO] main: Retriever backend 'faiss' initialised in 0.02 s
2025-08-13 15:47:13,199 [INFO] main: [FAISS] d=64 ntotal=2067 (expect d=64, ntotal=2067)
2025-08-13 15:47:13,365 [INFO] main: [Result] dim_in=384 dim_out=64 CR=6.00× n=2067
2025-08-13 15:47:13,368 [INFO] main: Device resolved → cuda
2025-08-13 15:47:13,377 [INFO] sentence_transformers.SentenceTransformer: Load pretrained SentenceTransformer: sentence-transformers/all-MiniLM-L6-v2
2025-08-13 15:47:14,892 [INFO] main: [Compressor] SBERT_dim=384 | latent_dim=64 | compressed=True
2025-08-13 15:47:14,892 [INFO] main: Compressor ready (AE = cae)
2025-08-13 15:47:14,897 [INFO] RAGGenerator: OpenAI API key loaded successfully.
2025-08-13 15:47:14,897 [INFO] main: Running pipeline: |queries|=10570 |corpus|=2067
2025-08-13 15:47:14,906 [INFO] main: [Embeddings] corpus_dim=64 (CR=6.00× from 384)
2025-08-13 15:47:14,927 [INFO] main: Retriever backend 'faiss' initialised in 0.02 s
2025-08-13 15:47:14,927 [INFO] main: [FAISS] d=64 ntotal=2067 (expect d=64, ntotal=2067)
2025-08-13 15:47:15,184 [INFO] main: [Result] dim_in=384 dim_out=64 CR=6.00× n=2067
2025-08-13 15:50:59,495 [INFO] train: cuDNN benchmark mode ACTIVE (desactivated deterministic mode)
2025-08-13 15:51:03,615 [INFO] sentence_transformers.SentenceTransformer: Load pretrained SentenceTransformer: sentence-transformers/all-MiniLM-L6-v2
2025-08-13 15:51:09,588 [INFO] main: Device resolved → cuda
2025-08-13 15:51:09,589 [INFO] sentence_transformers.SentenceTransformer: Load pretrained SentenceTransformer: sentence-transformers/all-MiniLM-L6-v2
2025-08-13 15:51:12,255 [INFO] main: [Compressor] SBERT_dim=384 | latent_dim=384 | compressed=False
2025-08-13 15:51:12,255 [INFO] main: Compressor ready (AE = none)
2025-08-13 15:51:12,279 [INFO] RAGGenerator: OpenAI API key loaded successfully.
2025-08-13 15:51:12,279 [INFO] main: Running pipeline: |queries|=10570 |corpus|=2067
2025-08-13 15:51:12,279 [INFO] main: [Embeddings] corpus_dim=384 (CR=1.00× from 384)
2025-08-13 15:51:12,305 [INFO] main: Retriever backend 'faiss' initialised in 0.03 s
2025-08-13 15:51:12,305 [INFO] main: [FAISS] d=384 ntotal=2067 (expect d=384, ntotal=2067)
2025-08-13 15:51:12,731 [INFO] main: [Result] dim_in=384 dim_out=384 CR=1.00× n=2067
2025-08-13 16:03:38,864 [INFO] train: cuDNN benchmark mode ACTIVE (desactivated deterministic mode)
2025-08-13 16:03:43,985 [INFO] sentence_transformers.SentenceTransformer: Load pretrained SentenceTransformer: sentence-transformers/all-MiniLM-L6-v2
2025-08-13 16:03:46,956 [INFO] main: Device resolved → cuda
2025-08-13 16:03:46,968 [INFO] sentence_transformers.SentenceTransformer: Load pretrained SentenceTransformer: sentence-transformers/all-MiniLM-L6-v2
2025-08-13 16:03:48,949 [INFO] main: [Compressor] SBERT_dim=384 | latent_dim=64 | compressed=True
2025-08-13 16:03:48,949 [INFO] main: Compressor ready (AE = vae)
2025-08-13 16:03:48,974 [INFO] RAGGenerator: OpenAI API key loaded successfully.
2025-08-13 16:03:48,975 [INFO] main: Running pipeline: |queries|=500 |corpus|=29
2025-08-13 16:03:48,976 [INFO] main: [Embeddings] corpus_dim=64 (CR=6.00× from 384)
2025-08-13 16:03:48,991 [INFO] main: Retriever backend 'faiss' initialised in 0.02 s
2025-08-13 16:03:48,991 [INFO] main: [FAISS] d=64 ntotal=29 (expect d=64, ntotal=29)
2025-08-13 16:03:49,106 [INFO] main: [Result] dim_in=384 dim_out=64 CR=6.00× n=29
2025-08-13 16:03:49,110 [INFO] main: Device resolved → cuda
2025-08-13 16:03:49,118 [INFO] sentence_transformers.SentenceTransformer: Load pretrained SentenceTransformer: sentence-transformers/all-MiniLM-L6-v2
2025-08-13 16:03:50,642 [INFO] main: [Compressor] SBERT_dim=384 | latent_dim=64 | compressed=True
2025-08-13 16:03:50,642 [INFO] main: Compressor ready (AE = dae)
2025-08-13 16:03:50,646 [INFO] RAGGenerator: OpenAI API key loaded successfully.
2025-08-13 16:03:50,647 [INFO] main: Running pipeline: |queries|=500 |corpus|=29
2025-08-13 16:03:50,648 [INFO] main: [Embeddings] corpus_dim=64 (CR=6.00× from 384)
2025-08-13 16:03:50,649 [INFO] main: Retriever backend 'faiss' initialised in 0.00 s
2025-08-13 16:03:50,649 [INFO] main: [FAISS] d=64 ntotal=29 (expect d=64, ntotal=29)
2025-08-13 16:03:50,670 [INFO] main: [Result] dim_in=384 dim_out=64 CR=6.00× n=29
2025-08-13 16:03:50,672 [INFO] main: Device resolved → cuda
2025-08-13 16:03:50,684 [INFO] sentence_transformers.SentenceTransformer: Load pretrained SentenceTransformer: sentence-transformers/all-MiniLM-L6-v2
2025-08-13 16:03:52,311 [INFO] main: [Compressor] SBERT_dim=384 | latent_dim=64 | compressed=True
2025-08-13 16:03:52,311 [INFO] main: Compressor ready (AE = cae)
2025-08-13 16:03:52,315 [INFO] RAGGenerator: OpenAI API key loaded successfully.
2025-08-13 16:03:52,316 [INFO] main: Running pipeline: |queries|=500 |corpus|=29
2025-08-13 16:03:52,317 [INFO] main: [Embeddings] corpus_dim=64 (CR=6.00× from 384)
2025-08-13 16:03:52,318 [INFO] main: Retriever backend 'faiss' initialised in 0.00 s
2025-08-13 16:03:52,318 [INFO] main: [FAISS] d=64 ntotal=29 (expect d=64, ntotal=29)
2025-08-13 16:03:52,341 [INFO] main: [Result] dim_in=384 dim_out=64 CR=6.00× n=29
2025-08-13 16:03:52,342 [WARNING] main: BM25/DPR benchmark skipped: evaluation.benchmark.run_benchmark not found.
2025-08-13 16:07:14,973 [INFO] train: cuDNN benchmark mode ACTIVE (desactivated deterministic mode)
2025-08-13 16:07:20,685 [INFO] sentence_transformers.SentenceTransformer: Load pretrained SentenceTransformer: sentence-transformers/all-MiniLM-L6-v2
2025-08-13 16:07:27,065 [INFO] main: Device resolved → cuda
2025-08-13 16:07:27,078 [INFO] sentence_transformers.SentenceTransformer: Load pretrained SentenceTransformer: sentence-transformers/all-MiniLM-L6-v2
2025-08-13 16:07:28,637 [INFO] main: [Compressor] SBERT_dim=384 | latent_dim=64 | compressed=True
2025-08-13 16:07:28,637 [INFO] main: Compressor ready (AE = vae)
2025-08-13 16:07:28,663 [INFO] RAGGenerator: OpenAI API key loaded successfully.
2025-08-13 16:07:28,663 [INFO] main: Running pipeline: |queries|=10570 |corpus|=2067
2025-08-13 16:07:28,665 [INFO] main: [Embeddings] corpus_dim=64 (CR=6.00× from 384)
2025-08-13 16:07:28,681 [INFO] main: Retriever backend 'faiss' initialised in 0.02 s
2025-08-13 16:07:28,682 [INFO] main: [FAISS] d=64 ntotal=2067 (expect d=64, ntotal=2067)
2025-08-13 16:07:28,848 [INFO] main: [Result] dim_in=384 dim_out=64 CR=6.00× n=2067
2025-08-13 16:07:28,852 [INFO] main: Device resolved → cuda
2025-08-13 16:07:28,859 [INFO] sentence_transformers.SentenceTransformer: Load pretrained SentenceTransformer: sentence-transformers/all-MiniLM-L6-v2
2025-08-13 16:07:30,627 [INFO] main: [Compressor] SBERT_dim=384 | latent_dim=64 | compressed=True
2025-08-13 16:07:30,627 [INFO] main: Compressor ready (AE = dae)
2025-08-13 16:07:30,630 [INFO] RAGGenerator: OpenAI API key loaded successfully.
2025-08-13 16:07:30,631 [INFO] main: Running pipeline: |queries|=10570 |corpus|=2067
2025-08-13 16:07:30,634 [INFO] main: [Embeddings] corpus_dim=64 (CR=6.00× from 384)
2025-08-13 16:07:30,657 [INFO] main: Retriever backend 'faiss' initialised in 0.02 s
2025-08-13 16:07:30,657 [INFO] main: [FAISS] d=64 ntotal=2067 (expect d=64, ntotal=2067)
2025-08-13 16:07:30,824 [INFO] main: [Result] dim_in=384 dim_out=64 CR=6.00× n=2067
2025-08-13 16:07:30,827 [INFO] main: Device resolved → cuda
2025-08-13 16:07:30,835 [INFO] sentence_transformers.SentenceTransformer: Load pretrained SentenceTransformer: sentence-transformers/all-MiniLM-L6-v2
2025-08-13 16:07:32,463 [INFO] main: [Compressor] SBERT_dim=384 | latent_dim=64 | compressed=True
2025-08-13 16:07:32,463 [INFO] main: Compressor ready (AE = cae)
2025-08-13 16:07:32,466 [INFO] RAGGenerator: OpenAI API key loaded successfully.
2025-08-13 16:07:32,467 [INFO] main: Running pipeline: |queries|=10570 |corpus|=2067
2025-08-13 16:07:32,471 [INFO] main: [Embeddings] corpus_dim=64 (CR=6.00× from 384)
2025-08-13 16:07:32,492 [INFO] main: Retriever backend 'faiss' initialised in 0.02 s
2025-08-13 16:07:32,492 [INFO] main: [FAISS] d=64 ntotal=2067 (expect d=64, ntotal=2067)
2025-08-13 16:07:32,762 [INFO] main: [Result] dim_in=384 dim_out=64 CR=6.00× n=2067
2025-08-13 16:07:32,763 [WARNING] main: BM25/DPR benchmark skipped: evaluation.benchmark.run_benchmark not found.
2025-08-13 16:15:19,084 [INFO] train: cuDNN benchmark mode ACTIVE (desactivated deterministic mode)
2025-08-13 16:15:23,565 [INFO] sentence_transformers.SentenceTransformer: Load pretrained SentenceTransformer: sentence-transformers/all-MiniLM-L6-v2
2025-08-13 16:15:29,691 [INFO] main: Device resolved → cuda
2025-08-13 16:15:29,704 [INFO] sentence_transformers.SentenceTransformer: Load pretrained SentenceTransformer: sentence-transformers/all-MiniLM-L6-v2
2025-08-13 16:15:31,415 [INFO] main: [Compressor] SBERT_dim=384 | latent_dim=64 | compressed=True
2025-08-13 16:15:31,415 [INFO] main: Compressor ready (AE = vae)
2025-08-13 16:15:31,440 [INFO] RAGGenerator: OpenAI API key loaded successfully.
2025-08-13 16:15:31,440 [INFO] main: Running pipeline: |queries|=10570 |corpus|=2067
2025-08-13 16:15:31,442 [INFO] main: [Embeddings] corpus_dim=64 (CR=6.00× from 384)
2025-08-13 16:15:31,465 [INFO] main: Retriever backend 'faiss' initialised in 0.02 s
2025-08-13 16:15:31,465 [INFO] main: [FAISS] d=64 ntotal=2067 (expect d=64, ntotal=2067)
2025-08-13 16:15:31,634 [INFO] main: [Result] dim_in=384 dim_out=64 CR=6.00× n=2067
2025-08-13 16:15:31,639 [INFO] main: Device resolved → cuda
2025-08-13 16:15:31,647 [INFO] sentence_transformers.SentenceTransformer: Load pretrained SentenceTransformer: sentence-transformers/all-MiniLM-L6-v2
2025-08-13 16:15:33,454 [INFO] main: [Compressor] SBERT_dim=384 | latent_dim=64 | compressed=True
2025-08-13 16:15:33,454 [INFO] main: Compressor ready (AE = dae)
2025-08-13 16:15:33,458 [INFO] RAGGenerator: OpenAI API key loaded successfully.
2025-08-13 16:15:33,458 [INFO] main: Running pipeline: |queries|=10570 |corpus|=2067
2025-08-13 16:15:33,462 [INFO] main: [Embeddings] corpus_dim=64 (CR=6.00× from 384)
2025-08-13 16:15:33,480 [INFO] main: Retriever backend 'faiss' initialised in 0.02 s
2025-08-13 16:15:33,480 [INFO] main: [FAISS] d=64 ntotal=2067 (expect d=64, ntotal=2067)
2025-08-13 16:15:33,632 [INFO] main: [Result] dim_in=384 dim_out=64 CR=6.00× n=2067
2025-08-13 16:15:33,635 [INFO] main: Device resolved → cuda
2025-08-13 16:15:33,645 [INFO] sentence_transformers.SentenceTransformer: Load pretrained SentenceTransformer: sentence-transformers/all-MiniLM-L6-v2
2025-08-13 16:15:35,349 [INFO] main: [Compressor] SBERT_dim=384 | latent_dim=64 | compressed=True
2025-08-13 16:15:35,349 [INFO] main: Compressor ready (AE = cae)
2025-08-13 16:15:35,354 [INFO] RAGGenerator: OpenAI API key loaded successfully.
2025-08-13 16:15:35,354 [INFO] main: Running pipeline: |queries|=10570 |corpus|=2067
2025-08-13 16:15:35,359 [INFO] main: [Embeddings] corpus_dim=64 (CR=6.00× from 384)
2025-08-13 16:15:35,378 [INFO] main: Retriever backend 'faiss' initialised in 0.02 s
2025-08-13 16:15:35,378 [INFO] main: [FAISS] d=64 ntotal=2067 (expect d=64, ntotal=2067)
2025-08-13 16:15:35,662 [INFO] main: [Result] dim_in=384 dim_out=64 CR=6.00× n=2067
2025-08-13 16:15:35,664 [WARNING] main: BM25/DPR benchmark skipped: evaluation.benchmark.run_benchmark not found.
2025-08-13 16:23:12,385 [INFO] train: cuDNN benchmark mode ACTIVE (desactivated deterministic mode)
2025-08-13 16:23:17,079 [INFO] sentence_transformers.SentenceTransformer: Load pretrained SentenceTransformer: sentence-transformers/all-MiniLM-L6-v2
2025-08-13 16:23:23,116 [INFO] main: Device resolved → cuda
2025-08-13 16:23:23,117 [INFO] sentence_transformers.SentenceTransformer: Load pretrained SentenceTransformer: sentence-transformers/all-MiniLM-L6-v2
2025-08-13 16:23:24,679 [INFO] main: [Compressor] SBERT_dim=384 | latent_dim=384 | compressed=False
2025-08-13 16:23:24,680 [INFO] main: Compressor ready (AE = none)
2025-08-13 16:23:24,703 [INFO] RAGGenerator: OpenAI API key loaded successfully.
2025-08-13 16:23:24,703 [INFO] main: Running pipeline: |queries|=10570 |corpus|=2067
2025-08-13 16:23:24,704 [INFO] main: [Embeddings] corpus_dim=384 (CR=1.00× from 384)
2025-08-13 16:23:24,729 [INFO] main: Retriever backend 'faiss' initialised in 0.03 s
2025-08-13 16:23:24,729 [INFO] main: [FAISS] d=384 ntotal=2067 (expect d=384, ntotal=2067)
2025-08-13 16:23:25,151 [INFO] main: [Result] dim_in=384 dim_out=384 CR=1.00× n=2067
2025-08-13 16:23:25,157 [WARNING] main: BM25/DPR benchmark skipped: evaluation.benchmark.run_benchmark not found.
2025-08-13 16:24:18,889 [INFO] train: cuDNN benchmark mode ACTIVE (desactivated deterministic mode)
2025-08-13 16:24:23,380 [INFO] sentence_transformers.SentenceTransformer: Load pretrained SentenceTransformer: sentence-transformers/all-MiniLM-L6-v2
2025-08-13 16:24:30,046 [INFO] main: Device resolved → cuda
2025-08-13 16:24:30,047 [INFO] sentence_transformers.SentenceTransformer: Load pretrained SentenceTransformer: sentence-transformers/all-MiniLM-L6-v2
2025-08-13 16:24:31,620 [INFO] main: [Compressor] SBERT_dim=384 | latent_dim=384 | compressed=False
2025-08-13 16:24:31,620 [INFO] main: Compressor ready (AE = none)
2025-08-13 16:24:31,642 [INFO] RAGGenerator: OpenAI API key loaded successfully.
2025-08-13 16:24:31,642 [INFO] main: Running pipeline: |queries|=10570 |corpus|=2067
2025-08-13 16:24:31,642 [INFO] main: [Embeddings] corpus_dim=384 (CR=1.00× from 384)
2025-08-13 16:24:31,677 [INFO] main: Retriever backend 'faiss' initialised in 0.03 s
2025-08-13 16:24:31,677 [INFO] main: [FAISS] d=384 ntotal=2067 (expect d=384, ntotal=2067)
2025-08-13 16:24:32,102 [INFO] main: [Result] dim_in=384 dim_out=384 CR=1.00× n=2067
2025-08-13 16:24:32,105 [WARNING] main: BM25/DPR benchmark skipped: evaluation.benchmark.run_benchmark not found.
2025-08-13 16:39:16,746 [INFO] train: cuDNN benchmark mode ACTIVE (desactivated deterministic mode)
2025-08-13 16:39:21,120 [INFO] sentence_transformers.SentenceTransformer: Load pretrained SentenceTransformer: sentence-transformers/all-MiniLM-L6-v2
2025-08-13 16:39:27,221 [INFO] main: Device resolved → cuda
2025-08-13 16:39:27,222 [INFO] sentence_transformers.SentenceTransformer: Load pretrained SentenceTransformer: sentence-transformers/all-MiniLM-L6-v2
2025-08-13 16:39:28,799 [INFO] main: [Compressor] SBERT_dim=384 | latent_dim=384 | compressed=False
2025-08-13 16:39:28,799 [INFO] main: Compressor ready (AE = none)
2025-08-13 16:39:28,824 [INFO] RAGGenerator: OpenAI API key loaded successfully.
2025-08-13 16:39:28,824 [INFO] main: Running pipeline: |queries|=10570 |corpus|=2067
2025-08-13 16:39:28,824 [INFO] main: [Embeddings] corpus_dim=384 (CR=1.00× from 384)
2025-08-13 16:39:28,854 [INFO] main: Retriever backend 'faiss' initialised in 0.03 s
2025-08-13 16:39:28,854 [INFO] main: [FAISS] d=384 ntotal=2067 (expect d=384, ntotal=2067)
2025-08-13 16:39:29,285 [INFO] main: [Result] dim_in=384 dim_out=384 CR=1.00× n=2067
2025-08-13 16:42:54,782 [INFO] train: cuDNN benchmark mode ACTIVE (desactivated deterministic mode)
2025-08-13 16:43:00,721 [INFO] sentence_transformers.SentenceTransformer: Load pretrained SentenceTransformer: sentence-transformers/all-MiniLM-L6-v2
2025-08-13 16:43:06,997 [INFO] main: Device resolved → cuda
2025-08-13 16:43:06,998 [INFO] sentence_transformers.SentenceTransformer: Load pretrained SentenceTransformer: sentence-transformers/all-MiniLM-L6-v2
2025-08-13 16:43:08,524 [INFO] main: [Compressor] SBERT_dim=384 | latent_dim=384 | compressed=False
2025-08-13 16:43:08,525 [INFO] main: Compressor ready (AE = none)
2025-08-13 16:43:08,548 [INFO] RAGGenerator: OpenAI API key loaded successfully.
2025-08-13 16:43:08,548 [INFO] main: Running pipeline: |queries|=10570 |corpus|=2067
2025-08-13 16:43:08,548 [INFO] main: [Embeddings] corpus_dim=384 (CR=1.00× from 384)
2025-08-13 16:43:08,582 [INFO] main: Retriever backend 'faiss' initialised in 0.03 s
2025-08-13 16:43:08,582 [INFO] main: [FAISS] d=384 ntotal=2067 (expect d=384, ntotal=2067)
2025-08-13 16:43:09,013 [INFO] main: [Result] dim_in=384 dim_out=384 CR=1.00× n=2067
2025-08-13 16:45:58,457 [INFO] train: cuDNN benchmark mode ACTIVE (desactivated deterministic mode)
2025-08-13 16:46:03,040 [INFO] sentence_transformers.SentenceTransformer: Load pretrained SentenceTransformer: sentence-transformers/all-MiniLM-L6-v2
2025-08-13 16:46:08,848 [INFO] main: Device resolved → cuda
2025-08-13 16:46:08,849 [INFO] sentence_transformers.SentenceTransformer: Load pretrained SentenceTransformer: sentence-transformers/all-MiniLM-L6-v2
2025-08-13 16:46:10,395 [INFO] main: [Compressor] SBERT_dim=384 | latent_dim=384 | compressed=False
2025-08-13 16:46:10,395 [INFO] main: Compressor ready (AE = none)
2025-08-13 16:46:10,407 [INFO] RAGGenerator: OpenAI API key loaded successfully.
2025-08-13 16:46:10,407 [INFO] main: Running pipeline: |queries|=10570 |corpus|=2067
2025-08-13 16:46:10,408 [INFO] main: [Embeddings] corpus_dim=384 (CR=1.00× from 384)
2025-08-13 16:46:10,433 [INFO] main: Retriever backend 'faiss' initialised in 0.03 s
2025-08-13 16:46:10,433 [INFO] main: [FAISS] d=384 ntotal=2067 (expect d=384, ntotal=2067)
2025-08-13 16:46:10,850 [INFO] main: [Result] dim_in=384 dim_out=384 CR=1.00× n=2067
2025-08-13 16:46:33,033 [INFO] sentence_transformers.SentenceTransformer: Use pytorch device_name: cuda:0
2025-08-13 16:46:33,033 [INFO] sentence_transformers.SentenceTransformer: Load pretrained SentenceTransformer: facebook-dpr-question_encoder-single-nq-base
2025-08-13 16:46:35,963 [WARNING] huggingface_hub.file_download: Xet Storage is enabled for this repo, but the 'hf_xet' package is not installed. Falling back to regular HTTP download. For better performance, install the package with: `pip install huggingface_hub[hf_xet]` or `pip install hf_xet`
2025-08-13 16:47:18,807 [INFO] sentence_transformers.SentenceTransformer: Use pytorch device_name: cuda:0
2025-08-13 16:47:18,807 [INFO] sentence_transformers.SentenceTransformer: Load pretrained SentenceTransformer: facebook-dpr-ctx_encoder-single-nq-base
2025-08-13 16:47:21,586 [WARNING] huggingface_hub.file_download: Xet Storage is enabled for this repo, but the 'hf_xet' package is not installed. Falling back to regular HTTP download. For better performance, install the package with: `pip install huggingface_hub[hf_xet]` or `pip install hf_xet`
2025-08-18 09:37:15,432 [INFO] utils.training_utils: cuDNN benchmark mode ACTIVE (desactivated deterministic mode)
2025-08-18 09:37:24,322 [INFO] utils.training_utils: cuDNN benchmark mode ACTIVE (desactivated deterministic mode)
2025-08-18 19:12:20,392 [INFO] utils.training_utils: cuDNN benchmark mode ACTIVE (desactivated deterministic mode)
2025-08-18 19:16:45,300 [INFO] utils.training_utils: cuDNN benchmark mode ACTIVE (desactivated deterministic mode)
2025-08-18 19:42:13,406 [INFO] main: cuDNN benchmark mode ACTIVE (desactivated deterministic mode)
2025-08-18 19:50:07,771 [INFO] main: cuDNN benchmark mode ACTIVE (desactivated deterministic mode)
2025-08-18 19:52:28,030 [INFO] main: cuDNN benchmark mode ACTIVE (desactivated deterministic mode)
2025-08-18 19:52:28,762 [ERROR] main: Trial 0 failed: train_cae() got an unexpected keyword argument 'dataset_file'
2025-08-18 19:52:29,000 [ERROR] main: Trial 1 failed: train_cae() got an unexpected keyword argument 'dataset_file'
2025-08-18 19:52:29,237 [ERROR] main: Trial 2 failed: train_cae() got an unexpected keyword argument 'dataset_file'
2025-08-18 19:52:29,477 [ERROR] main: Trial 3 failed: train_cae() got an unexpected keyword argument 'dataset_file'
2025-08-18 19:52:29,719 [ERROR] main: Trial 4 failed: train_cae() got an unexpected keyword argument 'dataset_file'
2025-08-18 19:52:29,951 [ERROR] main: Trial 5 failed: train_cae() got an unexpected keyword argument 'dataset_file'
2025-08-18 19:52:30,184 [ERROR] main: Trial 6 failed: train_cae() got an unexpected keyword argument 'dataset_file'
2025-08-18 19:52:30,417 [ERROR] main: Trial 7 failed: train_cae() got an unexpected keyword argument 'dataset_file'
2025-08-18 19:52:30,657 [ERROR] main: Trial 8 failed: train_cae() got an unexpected keyword argument 'dataset_file'
2025-08-18 19:52:30,894 [ERROR] main: Trial 9 failed: train_cae() got an unexpected keyword argument 'dataset_file'
2025-08-18 19:52:31,128 [ERROR] main: Trial 10 failed: train_cae() got an unexpected keyword argument 'dataset_file'
2025-08-18 19:52:31,362 [ERROR] main: Trial 11 failed: train_cae() got an unexpected keyword argument 'dataset_file'
2025-08-18 19:52:31,598 [ERROR] main: Trial 12 failed: train_cae() got an unexpected keyword argument 'dataset_file'
2025-08-18 19:52:31,835 [ERROR] main: Trial 13 failed: train_cae() got an unexpected keyword argument 'dataset_file'
2025-08-18 19:52:32,057 [ERROR] main: Trial 14 failed: train_cae() got an unexpected keyword argument 'dataset_file'
2025-08-18 19:52:32,297 [ERROR] main: Trial 15 failed: train_cae() got an unexpected keyword argument 'dataset_file'
2025-08-18 19:52:32,532 [ERROR] main: Trial 16 failed: train_cae() got an unexpected keyword argument 'dataset_file'
2025-08-18 19:52:32,776 [ERROR] main: Trial 17 failed: train_cae() got an unexpected keyword argument 'dataset_file'
2025-08-18 19:52:33,018 [ERROR] main: Trial 18 failed: train_cae() got an unexpected keyword argument 'dataset_file'
2025-08-18 19:52:33,263 [ERROR] main: Trial 19 failed: train_cae() got an unexpected keyword argument 'dataset_file'
2025-08-18 19:58:51,676 [INFO] main: cuDNN benchmark mode ACTIVE (desactivated deterministic mode)
2025-08-18 19:58:52,448 [INFO] main: cuDNN benchmark mode ACTIVE (desactivated deterministic mode)
2025-08-18 19:58:52,449 [INFO] train: CAE | device=cuda:0 | hard_negatives=True | margin=0.440 | wd=1.5e-06 | b1=0.90 b2=0.900
2025-08-18 19:58:57,185 [INFO] train: [Epoch 01/50] train=0.195759 | val=0.184308 | lr=0.000945
2025-08-18 19:58:57,187 [INFO] train:   -> Improved val=0.184308 (train=0.195759)
2025-08-18 19:58:59,792 [INFO] train: [Epoch 02/50] train=0.166757 | val=0.173433 | lr=0.000945
2025-08-18 19:58:59,794 [INFO] train:   -> Improved val=0.173433 (train=0.166757)
2025-08-18 19:59:02,327 [INFO] train: [Epoch 03/50] train=0.153102 | val=0.169151 | lr=0.000945
2025-08-18 19:59:02,328 [INFO] train:   -> Improved val=0.169151 (train=0.153102)
2025-08-18 19:59:04,822 [INFO] train: [Epoch 04/50] train=0.143232 | val=0.168353 | lr=0.000945
2025-08-18 19:59:07,372 [INFO] train: [Epoch 05/50] train=0.136616 | val=0.166340 | lr=0.000945
2025-08-18 19:59:07,373 [INFO] train:   -> Improved val=0.166340 (train=0.136616)
2025-08-18 19:59:10,012 [INFO] train: [Epoch 06/50] train=0.129309 | val=0.165237 | lr=0.000945
2025-08-18 19:59:12,637 [INFO] train: [Epoch 07/50] train=0.123642 | val=0.164702 | lr=0.000945
2025-08-18 19:59:12,638 [INFO] train:   -> Improved val=0.164702 (train=0.123642)
2025-08-18 19:59:15,281 [INFO] train: [Epoch 08/50] train=0.118918 | val=0.164975 | lr=0.000945
2025-08-18 19:59:17,954 [INFO] train: [Epoch 09/50] train=0.113796 | val=0.165564 | lr=0.000945
2025-08-18 19:59:20,745 [INFO] train: [Epoch 10/50] train=0.104070 | val=0.163391 | lr=0.000511
2025-08-18 19:59:23,443 [INFO] train: [Epoch 11/50] train=0.099060 | val=0.164171 | lr=0.000511
2025-08-18 19:59:26,157 [INFO] train: [Epoch 12/50] train=0.096419 | val=0.164600 | lr=0.000511
2025-08-18 19:59:29,989 [INFO] train: [Epoch 13/50] train=0.090060 | val=0.164615 | lr=0.000276
2025-08-18 19:59:32,782 [INFO] train: [Epoch 14/50] train=0.087337 | val=0.165320 | lr=0.000276
2025-08-18 19:59:35,479 [INFO] train: [Epoch 15/50] train=0.083519 | val=0.165424 | lr=0.000149
2025-08-18 19:59:35,479 [INFO] train: [EARLY STOP] No improvement in validation.
2025-08-18 19:59:35,494 [INFO] train: Saved history CSV models/history/cae_trial_cae_20250818_195851_t0_tr0.1236_val0.1647.csv
2025-08-18 19:59:35,494 [INFO] train: Saved meta JSON models/history/cae_trial_cae_20250818_195851_t0_tr0.1236_val0.1647.json
2025-08-18 19:59:35,494 [INFO] train: [DONE] Best val_loss = 0.164702
2025-08-18 19:59:35,781 [INFO] main: cuDNN benchmark mode ACTIVE (desactivated deterministic mode)
2025-08-18 19:59:35,781 [INFO] train: CAE | device=cuda:0 | hard_negatives=True | margin=0.181 | wd=2.6e-06 | b1=0.90 b2=0.900
2025-08-18 19:59:37,265 [INFO] train: [Epoch 01/50] train=0.094860 | val=0.081015 | lr=0.000261
2025-08-18 19:59:37,266 [INFO] train:   -> Improved val=0.081015 (train=0.094860)
2025-08-18 19:59:38,593 [INFO] train: [Epoch 02/50] train=0.072379 | val=0.074777 | lr=0.000261
2025-08-18 19:59:38,595 [INFO] train:   -> Improved val=0.074777 (train=0.072379)
2025-08-18 19:59:39,852 [INFO] train: [Epoch 03/50] train=0.066021 | val=0.072243 | lr=0.000261
2025-08-18 19:59:39,854 [INFO] train:   -> Improved val=0.072243 (train=0.066021)
2025-08-18 19:59:41,160 [INFO] train: [Epoch 04/50] train=0.061880 | val=0.071387 | lr=0.000261
2025-08-18 19:59:41,161 [INFO] train:   -> Improved val=0.071387 (train=0.061880)
2025-08-18 19:59:42,541 [INFO] train: [Epoch 05/50] train=0.058835 | val=0.070530 | lr=0.000261
2025-08-18 19:59:42,543 [INFO] train:   -> Improved val=0.070530 (train=0.058835)
2025-08-18 19:59:43,812 [INFO] train: [Epoch 06/50] train=0.056575 | val=0.070257 | lr=0.000261
2025-08-18 19:59:45,062 [INFO] train: [Epoch 07/50] train=0.054892 | val=0.069817 | lr=0.000261
2025-08-18 19:59:45,063 [INFO] train:   -> Improved val=0.069817 (train=0.054892)
2025-08-18 19:59:46,421 [INFO] train: [Epoch 08/50] train=0.052974 | val=0.069779 | lr=0.000261
2025-08-18 19:59:47,717 [INFO] train: [Epoch 09/50] train=0.051400 | val=0.069517 | lr=0.000261
2025-08-18 19:59:49,011 [INFO] train: [Epoch 10/50] train=0.049695 | val=0.069384 | lr=0.000261
2025-08-18 19:59:49,012 [INFO] train:   -> Improved val=0.069384 (train=0.049695)
2025-08-18 19:59:50,392 [INFO] train: [Epoch 11/50] train=0.048894 | val=0.069549 | lr=0.000261
2025-08-18 19:59:51,766 [INFO] train: [Epoch 12/50] train=0.047494 | val=0.069200 | lr=0.000261
2025-08-18 19:59:53,190 [INFO] train: [Epoch 13/50] train=0.046092 | val=0.069399 | lr=0.000261
2025-08-18 19:59:54,484 [INFO] train: [Epoch 14/50] train=0.045636 | val=0.069709 | lr=0.000261
2025-08-18 19:59:55,838 [INFO] train: [Epoch 15/50] train=0.044180 | val=0.069997 | lr=0.000261
2025-08-18 19:59:57,167 [INFO] train: [Epoch 16/50] train=0.043638 | val=0.070094 | lr=0.000261
2025-08-18 19:59:57,167 [INFO] train: [EARLY STOP] No improvement in validation.
2025-08-18 19:59:57,169 [INFO] train: Saved history CSV models/history/cae_trial_cae_20250818_195851_t1_tr0.0497_val0.0694.csv
2025-08-18 19:59:57,169 [INFO] train: Saved meta JSON models/history/cae_trial_cae_20250818_195851_t1_tr0.0497_val0.0694.json
2025-08-18 19:59:57,169 [INFO] train: [DONE] Best val_loss = 0.069384
2025-08-18 19:59:57,442 [INFO] main: cuDNN benchmark mode ACTIVE (desactivated deterministic mode)
2025-08-18 19:59:57,442 [INFO] train: CAE | device=cuda:0 | hard_negatives=True | margin=0.094 | wd=8.2e-06 | b1=0.90 b2=0.900
2025-08-18 19:59:59,572 [INFO] train: [Epoch 01/50] train=0.050618 | val=0.043619 | lr=1.5e-05
2025-08-18 19:59:59,573 [INFO] train:   -> Improved val=0.043619 (train=0.050618)
2025-08-18 20:00:02,692 [INFO] train: [Epoch 02/50] train=0.038265 | val=0.034984 | lr=1.5e-05
2025-08-18 20:00:02,693 [INFO] train:   -> Improved val=0.034984 (train=0.038265)
2025-08-18 20:00:04,631 [INFO] train: [Epoch 03/50] train=0.032147 | val=0.031217 | lr=1.5e-05
2025-08-18 20:00:04,632 [INFO] train:   -> Improved val=0.031217 (train=0.032147)
2025-08-18 20:00:06,668 [INFO] train: [Epoch 04/50] train=0.029362 | val=0.029434 | lr=1.5e-05
2025-08-18 20:00:06,669 [INFO] train:   -> Improved val=0.029434 (train=0.029362)
2025-08-18 20:00:08,720 [INFO] train: [Epoch 05/50] train=0.027751 | val=0.028352 | lr=1.5e-05
2025-08-18 20:00:08,721 [INFO] train:   -> Improved val=0.028352 (train=0.027751)
2025-08-18 20:00:10,913 [INFO] train: [Epoch 06/50] train=0.026564 | val=0.027493 | lr=1.5e-05
2025-08-18 20:00:10,914 [INFO] train:   -> Improved val=0.027493 (train=0.026564)
2025-08-18 20:00:12,794 [INFO] train: [Epoch 07/50] train=0.025464 | val=0.026804 | lr=1.5e-05
2025-08-18 20:00:12,795 [INFO] train:   -> Improved val=0.026804 (train=0.025464)
2025-08-18 20:00:14,903 [INFO] train: [Epoch 08/50] train=0.024580 | val=0.026215 | lr=1.5e-05
2025-08-18 20:00:14,904 [INFO] train:   -> Improved val=0.026215 (train=0.024580)
2025-08-18 20:00:17,057 [INFO] train: [Epoch 09/50] train=0.023680 | val=0.025695 | lr=1.5e-05
2025-08-18 20:00:17,058 [INFO] train:   -> Improved val=0.025695 (train=0.023680)
2025-08-18 20:00:19,206 [INFO] train: [Epoch 10/50] train=0.022856 | val=0.025247 | lr=1.5e-05
2025-08-18 20:00:19,207 [INFO] train:   -> Improved val=0.025247 (train=0.022856)
2025-08-18 20:00:21,346 [INFO] train: [Epoch 11/50] train=0.022558 | val=0.024859 | lr=1.5e-05
2025-08-18 20:00:21,346 [INFO] train:   -> Improved val=0.024859 (train=0.022558)
2025-08-18 20:00:23,627 [INFO] train: [Epoch 12/50] train=0.022098 | val=0.024466 | lr=1.5e-05
2025-08-18 20:00:23,628 [INFO] train:   -> Improved val=0.024466 (train=0.022098)
2025-08-18 20:00:25,861 [INFO] train: [Epoch 13/50] train=0.021514 | val=0.024202 | lr=1.5e-05
2025-08-18 20:00:25,862 [INFO] train:   -> Improved val=0.024202 (train=0.021514)
2025-08-18 20:00:28,128 [INFO] train: [Epoch 14/50] train=0.021105 | val=0.023858 | lr=1.5e-05
2025-08-18 20:00:28,129 [INFO] train:   -> Improved val=0.023858 (train=0.021105)
2025-08-18 20:00:30,338 [INFO] train: [Epoch 15/50] train=0.020613 | val=0.023622 | lr=1.5e-05
2025-08-18 20:00:30,339 [INFO] train:   -> Improved val=0.023622 (train=0.020613)
2025-08-18 20:00:32,534 [INFO] train: [Epoch 16/50] train=0.020159 | val=0.023310 | lr=1.5e-05
2025-08-18 20:00:32,535 [INFO] train:   -> Improved val=0.023310 (train=0.020159)
2025-08-18 20:00:35,988 [INFO] train: [Epoch 17/50] train=0.019872 | val=0.023069 | lr=1.5e-05
2025-08-18 20:00:35,989 [INFO] train:   -> Improved val=0.023069 (train=0.019872)
2025-08-18 20:00:38,262 [INFO] train: [Epoch 18/50] train=0.019462 | val=0.022884 | lr=1.5e-05
2025-08-18 20:00:38,263 [INFO] train:   -> Improved val=0.022884 (train=0.019462)
2025-08-18 20:00:40,514 [INFO] train: [Epoch 19/50] train=0.019041 | val=0.022638 | lr=1.5e-05
2025-08-18 20:00:40,515 [INFO] train:   -> Improved val=0.022638 (train=0.019041)
2025-08-18 20:00:42,718 [INFO] train: [Epoch 20/50] train=0.018909 | val=0.022428 | lr=1.5e-05
2025-08-18 20:00:42,719 [INFO] train:   -> Improved val=0.022428 (train=0.018909)
2025-08-18 20:00:44,973 [INFO] train: [Epoch 21/50] train=0.018572 | val=0.022278 | lr=1.5e-05
2025-08-18 20:00:44,974 [INFO] train:   -> Improved val=0.022278 (train=0.018572)
2025-08-18 20:00:47,204 [INFO] train: [Epoch 22/50] train=0.018135 | val=0.022118 | lr=1.5e-05
2025-08-18 20:00:47,205 [INFO] train:   -> Improved val=0.022118 (train=0.018135)
2025-08-18 20:00:49,480 [INFO] train: [Epoch 23/50] train=0.017865 | val=0.021952 | lr=1.5e-05
2025-08-18 20:00:49,481 [INFO] train:   -> Improved val=0.021952 (train=0.017865)
2025-08-18 20:00:51,736 [INFO] train: [Epoch 24/50] train=0.017718 | val=0.021808 | lr=1.5e-05
2025-08-18 20:00:51,737 [INFO] train:   -> Improved val=0.021808 (train=0.017718)
2025-08-18 20:00:53,963 [INFO] train: [Epoch 25/50] train=0.017597 | val=0.021666 | lr=1.5e-05
2025-08-18 20:00:53,964 [INFO] train:   -> Improved val=0.021666 (train=0.017597)
2025-08-18 20:00:56,135 [INFO] train: [Epoch 26/50] train=0.017406 | val=0.021530 | lr=1.5e-05
2025-08-18 20:00:56,136 [INFO] train:   -> Improved val=0.021530 (train=0.017406)
2025-08-18 20:00:58,176 [INFO] train: [Epoch 27/50] train=0.016965 | val=0.021359 | lr=1.5e-05
2025-08-18 20:00:58,177 [INFO] train:   -> Improved val=0.021359 (train=0.016965)
2025-08-18 20:01:00,197 [INFO] train: [Epoch 28/50] train=0.016755 | val=0.021254 | lr=1.5e-05
2025-08-18 20:01:00,198 [INFO] train:   -> Improved val=0.021254 (train=0.016755)
2025-08-18 20:01:02,515 [INFO] train: [Epoch 29/50] train=0.016651 | val=0.021121 | lr=1.5e-05
2025-08-18 20:01:02,516 [INFO] train:   -> Improved val=0.021121 (train=0.016651)
2025-08-18 20:01:04,789 [INFO] train: [Epoch 30/50] train=0.016461 | val=0.021002 | lr=1.5e-05
2025-08-18 20:01:04,790 [INFO] train:   -> Improved val=0.021002 (train=0.016461)
2025-08-18 20:01:08,339 [INFO] train: [Epoch 31/50] train=0.016256 | val=0.020863 | lr=1.5e-05
2025-08-18 20:01:08,341 [INFO] train:   -> Improved val=0.020863 (train=0.016256)
2025-08-18 20:01:10,711 [INFO] train: [Epoch 32/50] train=0.016131 | val=0.020789 | lr=1.5e-05
2025-08-18 20:01:10,713 [INFO] train:   -> Improved val=0.020789 (train=0.016131)
2025-08-18 20:01:13,024 [INFO] train: [Epoch 33/50] train=0.015795 | val=0.020645 | lr=1.5e-05
2025-08-18 20:01:13,025 [INFO] train:   -> Improved val=0.020645 (train=0.015795)
2025-08-18 20:01:15,426 [INFO] train: [Epoch 34/50] train=0.015740 | val=0.020601 | lr=1.5e-05
2025-08-18 20:01:15,428 [INFO] train:   -> Improved val=0.020601 (train=0.015740)
2025-08-18 20:01:17,725 [INFO] train: [Epoch 35/50] train=0.015671 | val=0.020461 | lr=1.5e-05
2025-08-18 20:01:17,726 [INFO] train:   -> Improved val=0.020461 (train=0.015671)
2025-08-18 20:01:20,025 [INFO] train: [Epoch 36/50] train=0.015554 | val=0.020380 | lr=1.5e-05
2025-08-18 20:01:20,026 [INFO] train:   -> Improved val=0.020380 (train=0.015554)
2025-08-18 20:01:22,441 [INFO] train: [Epoch 37/50] train=0.015161 | val=0.020300 | lr=1.5e-05
2025-08-18 20:01:22,442 [INFO] train:   -> Improved val=0.020300 (train=0.015161)
2025-08-18 20:01:24,725 [INFO] train: [Epoch 38/50] train=0.015107 | val=0.020211 | lr=1.5e-05
2025-08-18 20:01:24,726 [INFO] train:   -> Improved val=0.020211 (train=0.015107)
2025-08-18 20:01:26,960 [INFO] train: [Epoch 39/50] train=0.014981 | val=0.020135 | lr=1.5e-05
2025-08-18 20:01:26,961 [INFO] train:   -> Improved val=0.020135 (train=0.014981)
2025-08-18 20:01:29,378 [INFO] train: [Epoch 40/50] train=0.015088 | val=0.020066 | lr=1.5e-05
2025-08-18 20:01:29,379 [INFO] train:   -> Improved val=0.020066 (train=0.015088)
2025-08-18 20:01:31,610 [INFO] train: [Epoch 41/50] train=0.014603 | val=0.019984 | lr=1.5e-05
2025-08-18 20:01:31,611 [INFO] train:   -> Improved val=0.019984 (train=0.014603)
2025-08-18 20:01:33,736 [INFO] train: [Epoch 42/50] train=0.014689 | val=0.019955 | lr=1.5e-05
2025-08-18 20:01:33,737 [INFO] train:   -> Improved val=0.019955 (train=0.014689)
2025-08-18 20:01:35,810 [INFO] train: [Epoch 43/50] train=0.014539 | val=0.019908 | lr=1.5e-05
2025-08-18 20:01:35,811 [INFO] train:   -> Improved val=0.019908 (train=0.014539)
2025-08-18 20:01:37,931 [INFO] train: [Epoch 44/50] train=0.014497 | val=0.019850 | lr=1.5e-05
2025-08-18 20:01:37,932 [INFO] train:   -> Improved val=0.019850 (train=0.014497)
2025-08-18 20:01:41,245 [INFO] train: [Epoch 45/50] train=0.014462 | val=0.019782 | lr=1.5e-05
2025-08-18 20:01:41,246 [INFO] train:   -> Improved val=0.019782 (train=0.014462)
2025-08-18 20:01:43,713 [INFO] train: [Epoch 46/50] train=0.014128 | val=0.019803 | lr=1.5e-05
2025-08-18 20:01:45,845 [INFO] train: [Epoch 47/50] train=0.014069 | val=0.019689 | lr=1.5e-05
2025-08-18 20:01:45,846 [INFO] train:   -> Improved val=0.019689 (train=0.014069)
2025-08-18 20:01:47,964 [INFO] train: [Epoch 48/50] train=0.013874 | val=0.019599 | lr=1.5e-05
2025-08-18 20:01:47,965 [INFO] train:   -> Improved val=0.019599 (train=0.013874)
2025-08-18 20:01:50,109 [INFO] train: [Epoch 49/50] train=0.013772 | val=0.019528 | lr=1.5e-05
2025-08-18 20:01:50,110 [INFO] train:   -> Improved val=0.019528 (train=0.013772)
2025-08-18 20:01:52,259 [INFO] train: [Epoch 50/50] train=0.013809 | val=0.019490 | lr=1.5e-05
2025-08-18 20:01:52,260 [INFO] train:   -> Improved val=0.019490 (train=0.013809)
2025-08-18 20:01:52,282 [INFO] train: Saved history CSV models/history/cae_trial_cae_20250818_195851_t2_tr0.0138_val0.0195.csv
2025-08-18 20:01:52,282 [INFO] train: Saved meta JSON models/history/cae_trial_cae_20250818_195851_t2_tr0.0138_val0.0195.json
2025-08-18 20:01:52,282 [INFO] train: [DONE] Best val_loss = 0.019490
2025-08-18 20:01:52,559 [INFO] main: cuDNN benchmark mode ACTIVE (desactivated deterministic mode)
2025-08-18 20:01:52,559 [INFO] train: CAE | device=cuda:0 | hard_negatives=False | margin=0.473 | wd=2.1e-04 | b1=0.90 b2=0.900
2025-08-18 20:01:54,070 [INFO] train: [Epoch 01/50] train=0.046560 | val=0.027530 | lr=0.000253
2025-08-18 20:01:54,072 [INFO] train:   -> Improved val=0.027530 (train=0.046560)
2025-08-18 20:01:55,393 [INFO] train: [Epoch 02/50] train=0.021977 | val=0.025382 | lr=0.000253
2025-08-18 20:01:55,395 [INFO] train:   -> Improved val=0.025382 (train=0.021977)
2025-08-18 20:01:56,755 [INFO] train: [Epoch 03/50] train=0.018103 | val=0.024540 | lr=0.000253
2025-08-18 20:01:56,756 [INFO] train:   -> Improved val=0.024540 (train=0.018103)
2025-08-18 20:01:58,201 [INFO] train: [Epoch 04/50] train=0.015556 | val=0.024693 | lr=0.000253
2025-08-18 20:01:59,552 [INFO] train: [Epoch 05/50] train=0.013569 | val=0.024349 | lr=0.000253
2025-08-18 20:01:59,553 [INFO] train:   -> Improved val=0.024349 (train=0.013569)
2025-08-18 20:02:00,911 [INFO] train: [Epoch 06/50] train=0.011934 | val=0.024505 | lr=0.000253
2025-08-18 20:02:02,263 [INFO] train: [Epoch 07/50] train=0.010364 | val=0.024708 | lr=0.000253
2025-08-18 20:02:03,739 [INFO] train: [Epoch 08/50] train=0.008952 | val=0.024943 | lr=0.000253
2025-08-18 20:02:05,115 [INFO] train: [Epoch 09/50] train=0.007768 | val=0.024882 | lr=0.000253
2025-08-18 20:02:06,508 [INFO] train: [Epoch 10/50] train=0.006619 | val=0.025583 | lr=0.000253
2025-08-18 20:02:07,885 [INFO] train: [Epoch 11/50] train=0.005754 | val=0.026142 | lr=0.000253
2025-08-18 20:02:09,316 [INFO] train: [Epoch 12/50] train=0.003993 | val=0.025832 | lr=0.000167
2025-08-18 20:02:09,316 [INFO] train: [EARLY STOP] No improvement in validation.
2025-08-18 20:02:09,321 [INFO] train: Saved history CSV models/history/cae_trial_cae_20250818_195851_t3_tr0.0136_val0.0243.csv
2025-08-18 20:02:09,321 [INFO] train: Saved meta JSON models/history/cae_trial_cae_20250818_195851_t3_tr0.0136_val0.0243.json
2025-08-18 20:02:09,321 [INFO] train: [DONE] Best val_loss = 0.024349
2025-08-18 20:02:09,602 [INFO] main: cuDNN benchmark mode ACTIVE (desactivated deterministic mode)
2025-08-18 20:02:09,603 [INFO] train: CAE | device=cuda:0 | hard_negatives=True | margin=0.411 | wd=2.6e-06 | b1=0.90 b2=0.900
2025-08-18 20:02:11,093 [INFO] train: [Epoch 01/50] train=0.245134 | val=0.233394 | lr=0.00172
2025-08-18 20:02:11,094 [INFO] train:   -> Improved val=0.233394 (train=0.245134)
2025-08-18 20:02:12,530 [INFO] train: [Epoch 02/50] train=0.217575 | val=0.224101 | lr=0.00172
2025-08-18 20:02:12,531 [INFO] train:   -> Improved val=0.224101 (train=0.217575)
2025-08-18 20:02:15,083 [INFO] train: [Epoch 03/50] train=0.207333 | val=0.221342 | lr=0.00172
2025-08-18 20:02:15,085 [INFO] train:   -> Improved val=0.221342 (train=0.207333)
2025-08-18 20:02:15,112 [WARNING] train: report_cb failed: 
2025-08-18 20:02:16,453 [INFO] train: [Epoch 04/50] train=0.200788 | val=0.219328 | lr=0.00172
2025-08-18 20:02:16,454 [INFO] train:   -> Improved val=0.219328 (train=0.200788)
2025-08-18 20:02:17,974 [INFO] train: [Epoch 05/50] train=0.195448 | val=0.217280 | lr=0.00172
2025-08-18 20:02:17,976 [INFO] train:   -> Improved val=0.217280 (train=0.195448)
2025-08-18 20:02:19,343 [INFO] train: [Epoch 06/50] train=0.191028 | val=0.217139 | lr=0.00172
2025-08-18 20:02:20,713 [INFO] train: [Epoch 07/50] train=0.186926 | val=0.217562 | lr=0.00172
2025-08-18 20:02:22,124 [INFO] train: [Epoch 08/50] train=0.183532 | val=0.216763 | lr=0.00172
2025-08-18 20:02:22,125 [INFO] train:   -> Improved val=0.216763 (train=0.183532)
2025-08-18 20:02:23,409 [INFO] train: [Epoch 09/50] train=0.180245 | val=0.216768 | lr=0.00172
2025-08-18 20:02:23,434 [WARNING] train: report_cb failed: 
2025-08-18 20:02:24,783 [INFO] train: [Epoch 10/50] train=0.177141 | val=0.216530 | lr=0.00172
2025-08-18 20:02:24,784 [INFO] train:   -> Improved val=0.216530 (train=0.177141)
2025-08-18 20:02:26,193 [INFO] train: [Epoch 11/50] train=0.175161 | val=0.216803 | lr=0.00172
2025-08-18 20:02:27,596 [INFO] train: [Epoch 12/50] train=0.171995 | val=0.216755 | lr=0.00172
2025-08-18 20:02:29,075 [INFO] train: [Epoch 13/50] train=0.170358 | val=0.216469 | lr=0.00172
2025-08-18 20:02:30,529 [INFO] train: [Epoch 14/50] train=0.169064 | val=0.216450 | lr=0.00172
2025-08-18 20:02:31,967 [INFO] train: [Epoch 15/50] train=0.166809 | val=0.216708 | lr=0.00172
2025-08-18 20:02:33,388 [INFO] train: [Epoch 16/50] train=0.164977 | val=0.217282 | lr=0.00172
2025-08-18 20:02:34,841 [INFO] train: [Epoch 17/50] train=0.163728 | val=0.217420 | lr=0.00172
2025-08-18 20:02:36,358 [INFO] train: [Epoch 18/50] train=0.161667 | val=0.217682 | lr=0.00172
2025-08-18 20:02:37,771 [INFO] train: [Epoch 19/50] train=0.153749 | val=0.215479 | lr=0.000569
2025-08-18 20:02:37,772 [INFO] train:   -> Improved val=0.215479 (train=0.153749)
2025-08-18 20:02:39,229 [INFO] train: [Epoch 20/50] train=0.150829 | val=0.215385 | lr=0.000569
2025-08-18 20:02:40,723 [INFO] train: [Epoch 21/50] train=0.149464 | val=0.215813 | lr=0.000569
2025-08-18 20:02:42,186 [INFO] train: [Epoch 22/50] train=0.148695 | val=0.216468 | lr=0.000569
2025-08-18 20:02:43,641 [INFO] train: [Epoch 23/50] train=0.147969 | val=0.216772 | lr=0.000569
2025-08-18 20:02:45,250 [INFO] train: [Epoch 24/50] train=0.146685 | val=0.216998 | lr=0.000569
2025-08-18 20:02:46,653 [INFO] train: [Epoch 25/50] train=0.146798 | val=0.217242 | lr=0.000569
2025-08-18 20:02:49,285 [INFO] train: [Epoch 26/50] train=0.144093 | val=0.216858 | lr=0.000188
2025-08-18 20:02:50,729 [INFO] train: [Epoch 27/50] train=0.142316 | val=0.216947 | lr=0.000188
2025-08-18 20:02:50,765 [WARNING] train: report_cb failed: 
2025-08-18 20:02:52,243 [INFO] train: [Epoch 28/50] train=0.142558 | val=0.216843 | lr=0.000188
2025-08-18 20:02:53,582 [INFO] train: [Epoch 29/50] train=0.141241 | val=0.217027 | lr=0.000188
2025-08-18 20:02:53,582 [INFO] train: [EARLY STOP] No improvement in validation.
2025-08-18 20:02:53,584 [INFO] train: Saved history CSV models/history/cae_trial_cae_20250818_195851_t4_tr0.1537_val0.2155.csv
2025-08-18 20:02:53,584 [INFO] train: Saved meta JSON models/history/cae_trial_cae_20250818_195851_t4_tr0.1537_val0.2155.json
2025-08-18 20:02:53,584 [INFO] train: [DONE] Best val_loss = 0.215479
2025-08-18 20:02:53,851 [INFO] main: cuDNN benchmark mode ACTIVE (desactivated deterministic mode)
2025-08-18 20:02:53,851 [INFO] train: CAE | device=cuda:0 | hard_negatives=True | margin=0.199 | wd=7.4e-05 | b1=0.90 b2=0.900
2025-08-18 20:02:55,294 [INFO] train: [Epoch 01/50] train=0.107793 | val=0.084194 | lr=1.58e-05
2025-08-18 20:02:55,295 [INFO] train:   -> Improved val=0.084194 (train=0.107793)
2025-08-18 20:02:56,498 [INFO] train: [Epoch 02/50] train=0.079993 | val=0.078899 | lr=1.58e-05
2025-08-18 20:02:56,500 [INFO] train:   -> Improved val=0.078899 (train=0.079993)
2025-08-18 20:02:57,776 [INFO] train: [Epoch 03/50] train=0.076034 | val=0.076381 | lr=1.58e-05
2025-08-18 20:02:57,777 [INFO] train:   -> Improved val=0.076381 (train=0.076034)
2025-08-18 20:02:57,813 [WARNING] train: report_cb failed: 
2025-08-18 20:02:58,950 [INFO] train: [Epoch 04/50] train=0.073275 | val=0.074531 | lr=1.58e-05
2025-08-18 20:02:58,951 [INFO] train:   -> Improved val=0.074531 (train=0.073275)
2025-08-18 20:03:00,059 [INFO] train: [Epoch 05/50] train=0.071163 | val=0.073154 | lr=1.58e-05
2025-08-18 20:03:00,060 [INFO] train:   -> Improved val=0.073154 (train=0.071163)
2025-08-18 20:03:01,180 [INFO] train: [Epoch 06/50] train=0.068969 | val=0.072064 | lr=1.58e-05
2025-08-18 20:03:01,181 [INFO] train:   -> Improved val=0.072064 (train=0.068969)
2025-08-18 20:03:02,467 [INFO] train: [Epoch 07/50] train=0.067583 | val=0.071120 | lr=1.58e-05
2025-08-18 20:03:02,468 [INFO] train:   -> Improved val=0.071120 (train=0.067583)
2025-08-18 20:03:03,666 [INFO] train: [Epoch 08/50] train=0.066309 | val=0.070334 | lr=1.58e-05
2025-08-18 20:03:03,668 [INFO] train:   -> Improved val=0.070334 (train=0.066309)
2025-08-18 20:03:05,004 [INFO] train: [Epoch 09/50] train=0.064980 | val=0.069566 | lr=1.58e-05
2025-08-18 20:03:05,005 [INFO] train:   -> Improved val=0.069566 (train=0.064980)
2025-08-18 20:03:05,032 [WARNING] train: report_cb failed: 
2025-08-18 20:03:06,525 [INFO] train: [Epoch 10/50] train=0.063391 | val=0.068947 | lr=1.58e-05
2025-08-18 20:03:06,528 [INFO] train:   -> Improved val=0.068947 (train=0.063391)
2025-08-18 20:03:07,971 [INFO] train: [Epoch 11/50] train=0.062771 | val=0.068422 | lr=1.58e-05
2025-08-18 20:03:07,972 [INFO] train:   -> Improved val=0.068422 (train=0.062771)
2025-08-18 20:03:09,303 [INFO] train: [Epoch 12/50] train=0.061423 | val=0.067948 | lr=1.58e-05
2025-08-18 20:03:09,304 [INFO] train:   -> Improved val=0.067948 (train=0.061423)
2025-08-18 20:03:10,661 [INFO] train: [Epoch 13/50] train=0.060739 | val=0.067487 | lr=1.58e-05
2025-08-18 20:03:10,662 [INFO] train:   -> Improved val=0.067487 (train=0.060739)
2025-08-18 20:03:12,027 [INFO] train: [Epoch 14/50] train=0.060286 | val=0.067038 | lr=1.58e-05
2025-08-18 20:03:13,410 [INFO] train: [Epoch 15/50] train=0.059492 | val=0.066736 | lr=1.58e-05
2025-08-18 20:03:13,412 [INFO] train:   -> Improved val=0.066736 (train=0.059492)
2025-08-18 20:03:14,866 [INFO] train: [Epoch 16/50] train=0.058450 | val=0.066457 | lr=1.58e-05
2025-08-18 20:03:16,207 [INFO] train: [Epoch 17/50] train=0.057973 | val=0.066037 | lr=1.58e-05
2025-08-18 20:03:16,209 [INFO] train:   -> Improved val=0.066037 (train=0.057973)
2025-08-18 20:03:17,581 [INFO] train: [Epoch 18/50] train=0.057070 | val=0.065796 | lr=1.58e-05
2025-08-18 20:03:19,014 [INFO] train: [Epoch 19/50] train=0.056973 | val=0.065501 | lr=1.58e-05
2025-08-18 20:03:19,016 [INFO] train:   -> Improved val=0.065501 (train=0.056973)
2025-08-18 20:03:21,602 [INFO] train: [Epoch 20/50] train=0.055828 | val=0.065260 | lr=1.58e-05
2025-08-18 20:03:23,044 [INFO] train: [Epoch 21/50] train=0.055754 | val=0.064910 | lr=1.58e-05
2025-08-18 20:03:23,046 [INFO] train:   -> Improved val=0.064910 (train=0.055754)
2025-08-18 20:03:24,446 [INFO] train: [Epoch 22/50] train=0.055337 | val=0.064670 | lr=1.58e-05
2025-08-18 20:03:25,862 [INFO] train: [Epoch 23/50] train=0.054729 | val=0.064415 | lr=1.58e-05
2025-08-18 20:03:25,865 [INFO] train:   -> Improved val=0.064415 (train=0.054729)
2025-08-18 20:03:27,232 [INFO] train: [Epoch 24/50] train=0.054414 | val=0.064264 | lr=1.58e-05
2025-08-18 20:03:28,577 [INFO] train: [Epoch 25/50] train=0.053604 | val=0.064057 | lr=1.58e-05
2025-08-18 20:03:29,925 [INFO] train: [Epoch 26/50] train=0.053124 | val=0.063893 | lr=1.58e-05
2025-08-18 20:03:29,927 [INFO] train:   -> Improved val=0.063893 (train=0.053124)
2025-08-18 20:03:31,378 [INFO] train: [Epoch 27/50] train=0.052696 | val=0.063755 | lr=1.58e-05
2025-08-18 20:03:31,412 [WARNING] train: report_cb failed: 
2025-08-18 20:03:32,679 [INFO] train: [Epoch 28/50] train=0.052190 | val=0.063634 | lr=1.58e-05
2025-08-18 20:03:33,948 [INFO] train: [Epoch 29/50] train=0.051798 | val=0.063522 | lr=1.58e-05
2025-08-18 20:03:35,383 [INFO] train: [Epoch 30/50] train=0.051493 | val=0.063388 | lr=1.58e-05
2025-08-18 20:03:35,385 [INFO] train:   -> Improved val=0.063388 (train=0.051493)
2025-08-18 20:03:36,715 [INFO] train: [Epoch 31/50] train=0.051344 | val=0.063205 | lr=1.58e-05
2025-08-18 20:03:38,046 [INFO] train: [Epoch 32/50] train=0.050427 | val=0.063064 | lr=1.58e-05
2025-08-18 20:03:39,432 [INFO] train: [Epoch 33/50] train=0.050342 | val=0.062989 | lr=1.58e-05
2025-08-18 20:03:40,746 [INFO] train: [Epoch 34/50] train=0.050303 | val=0.062912 | lr=1.58e-05
2025-08-18 20:03:40,748 [INFO] train:   -> Improved val=0.062912 (train=0.050303)
2025-08-18 20:03:42,103 [INFO] train: [Epoch 35/50] train=0.049816 | val=0.062734 | lr=1.58e-05
2025-08-18 20:03:43,560 [INFO] train: [Epoch 36/50] train=0.049380 | val=0.062672 | lr=1.58e-05
2025-08-18 20:03:44,888 [INFO] train: [Epoch 37/50] train=0.049097 | val=0.062536 | lr=1.58e-05
2025-08-18 20:03:46,248 [INFO] train: [Epoch 38/50] train=0.048603 | val=0.062492 | lr=1.58e-05
2025-08-18 20:03:47,747 [INFO] train: [Epoch 39/50] train=0.048577 | val=0.062415 | lr=1.58e-05
2025-08-18 20:03:47,751 [INFO] train:   -> Improved val=0.062415 (train=0.048577)
2025-08-18 20:03:49,130 [INFO] train: [Epoch 40/50] train=0.048192 | val=0.062348 | lr=1.58e-05
2025-08-18 20:03:50,405 [INFO] train: [Epoch 41/50] train=0.048118 | val=0.062280 | lr=1.58e-05
2025-08-18 20:03:51,742 [INFO] train: [Epoch 42/50] train=0.047641 | val=0.062189 | lr=1.58e-05
2025-08-18 20:03:53,109 [INFO] train: [Epoch 43/50] train=0.047308 | val=0.062091 | lr=1.58e-05
2025-08-18 20:03:55,732 [INFO] train: [Epoch 44/50] train=0.047186 | val=0.062089 | lr=1.58e-05
2025-08-18 20:03:55,732 [INFO] train: [EARLY STOP] No improvement in validation.
2025-08-18 20:03:55,736 [INFO] train: Saved history CSV models/history/cae_trial_cae_20250818_195851_t5_tr0.0486_val0.0624.csv
2025-08-18 20:03:55,736 [INFO] train: Saved meta JSON models/history/cae_trial_cae_20250818_195851_t5_tr0.0486_val0.0624.json
2025-08-18 20:03:55,736 [INFO] train: [DONE] Best val_loss = 0.062415
2025-08-18 20:03:56,025 [INFO] main: cuDNN benchmark mode ACTIVE (desactivated deterministic mode)
2025-08-18 20:03:56,025 [INFO] train: CAE | device=cuda:0 | hard_negatives=False | margin=0.242 | wd=3.7e-05 | b1=0.90 b2=0.900
2025-08-18 20:03:58,116 [INFO] train: [Epoch 01/50] train=0.008752 | val=0.007014 | lr=0.00113
2025-08-18 20:03:58,117 [INFO] train:   -> Improved val=0.007014 (train=0.008752)
2025-08-18 20:04:00,063 [INFO] train: [Epoch 02/50] train=0.004570 | val=0.006283 | lr=0.00113
2025-08-18 20:04:00,064 [INFO] train:   -> Improved val=0.006283 (train=0.004570)
2025-08-18 20:04:01,988 [INFO] train: [Epoch 03/50] train=0.003169 | val=0.006330 | lr=0.00113
2025-08-18 20:04:03,930 [INFO] train: [Epoch 04/50] train=0.002565 | val=0.006423 | lr=0.00113
2025-08-18 20:04:05,875 [INFO] train: [Epoch 05/50] train=0.001067 | val=0.005361 | lr=0.000351
2025-08-18 20:04:05,877 [INFO] train:   -> Improved val=0.005361 (train=0.001067)
2025-08-18 20:04:07,913 [INFO] train: [Epoch 06/50] train=0.000385 | val=0.005477 | lr=0.000351
2025-08-18 20:04:09,814 [INFO] train: [Epoch 07/50] train=0.000302 | val=0.005385 | lr=0.000351
2025-08-18 20:04:11,621 [INFO] train: [Epoch 08/50] train=0.000103 | val=0.005270 | lr=0.000109
2025-08-18 20:04:11,623 [INFO] train:   -> Improved val=0.005270 (train=0.000103)
2025-08-18 20:04:13,511 [INFO] train: [Epoch 09/50] train=0.000038 | val=0.005276 | lr=0.000109
2025-08-18 20:04:15,364 [INFO] train: [Epoch 10/50] train=0.000031 | val=0.005393 | lr=0.000109
2025-08-18 20:04:17,277 [INFO] train: [Epoch 11/50] train=0.000014 | val=0.005260 | lr=3.37e-05
2025-08-18 20:04:17,277 [INFO] train: [EARLY STOP] No improvement in validation.
2025-08-18 20:04:17,279 [INFO] train: Saved history CSV models/history/cae_trial_cae_20250818_195851_t6_tr0.0001_val0.0053.csv
2025-08-18 20:04:17,279 [INFO] train: Saved meta JSON models/history/cae_trial_cae_20250818_195851_t6_tr0.0001_val0.0053.json
2025-08-18 20:04:17,279 [INFO] train: [DONE] Best val_loss = 0.005270
2025-08-18 20:04:17,562 [INFO] main: cuDNN benchmark mode ACTIVE (desactivated deterministic mode)
2025-08-18 20:04:17,562 [INFO] train: CAE | device=cuda:0 | hard_negatives=True | margin=0.468 | wd=3.0e-06 | b1=0.90 b2=0.900
2025-08-18 20:04:19,130 [INFO] train: [Epoch 01/50] train=0.311956 | val=0.295187 | lr=0.00109
2025-08-18 20:04:19,131 [INFO] train:   -> Improved val=0.295187 (train=0.311956)
2025-08-18 20:04:20,532 [INFO] train: [Epoch 02/50] train=0.279712 | val=0.288967 | lr=0.00109
2025-08-18 20:04:20,533 [INFO] train:   -> Improved val=0.288967 (train=0.279712)
2025-08-18 20:04:21,946 [INFO] train: [Epoch 03/50] train=0.269924 | val=0.285858 | lr=0.00109
2025-08-18 20:04:21,948 [INFO] train:   -> Improved val=0.285858 (train=0.269924)
2025-08-18 20:04:21,973 [WARNING] train: report_cb failed: 
2025-08-18 20:04:23,289 [INFO] train: [Epoch 04/50] train=0.262621 | val=0.283400 | lr=0.00109
2025-08-18 20:04:23,290 [INFO] train:   -> Improved val=0.283400 (train=0.262621)
2025-08-18 20:04:24,734 [INFO] train: [Epoch 05/50] train=0.256348 | val=0.281736 | lr=0.00109
2025-08-18 20:04:24,735 [INFO] train:   -> Improved val=0.281736 (train=0.256348)
2025-08-18 20:04:26,100 [INFO] train: [Epoch 06/50] train=0.251278 | val=0.280874 | lr=0.00109
2025-08-18 20:04:26,101 [INFO] train:   -> Improved val=0.280874 (train=0.251278)
2025-08-18 20:04:28,673 [INFO] train: [Epoch 07/50] train=0.247891 | val=0.279792 | lr=0.00109
2025-08-18 20:04:28,675 [INFO] train:   -> Improved val=0.279792 (train=0.247891)
2025-08-18 20:04:30,173 [INFO] train: [Epoch 08/50] train=0.243236 | val=0.280048 | lr=0.00109
2025-08-18 20:04:31,519 [INFO] train: [Epoch 09/50] train=0.239822 | val=0.279639 | lr=0.00109
2025-08-18 20:04:31,555 [WARNING] train: report_cb failed: 
2025-08-18 20:04:32,943 [INFO] train: [Epoch 10/50] train=0.236016 | val=0.279203 | lr=0.00109
2025-08-18 20:04:34,281 [INFO] train: [Epoch 11/50] train=0.233877 | val=0.279539 | lr=0.00109
2025-08-18 20:04:35,672 [INFO] train: [Epoch 12/50] train=0.230415 | val=0.279749 | lr=0.00109
2025-08-18 20:04:36,981 [INFO] train: [Epoch 13/50] train=0.228535 | val=0.279820 | lr=0.00109
2025-08-18 20:04:38,309 [INFO] train: [Epoch 14/50] train=0.226529 | val=0.279858 | lr=0.00109
2025-08-18 20:04:39,702 [INFO] train: [Epoch 15/50] train=0.223365 | val=0.280754 | lr=0.00109
2025-08-18 20:04:39,702 [INFO] train: [EARLY STOP] No improvement in validation.
2025-08-18 20:04:39,704 [INFO] train: Saved history CSV models/history/cae_trial_cae_20250818_195851_t7_tr0.2479_val0.2798.csv
2025-08-18 20:04:39,705 [INFO] train: Saved meta JSON models/history/cae_trial_cae_20250818_195851_t7_tr0.2479_val0.2798.json
2025-08-18 20:04:39,705 [INFO] train: [DONE] Best val_loss = 0.279792
2025-08-18 20:04:39,982 [INFO] main: cuDNN benchmark mode ACTIVE (desactivated deterministic mode)
2025-08-18 20:04:39,982 [INFO] train: CAE | device=cuda:0 | hard_negatives=False | margin=0.437 | wd=2.8e-04 | b1=0.90 b2=0.900
2025-08-18 20:04:41,319 [INFO] train: [Epoch 01/50] train=0.044565 | val=0.025373 | lr=7.22e-05
2025-08-18 20:04:41,320 [INFO] train:   -> Improved val=0.025373 (train=0.044565)
2025-08-18 20:04:42,418 [INFO] train: [Epoch 02/50] train=0.020592 | val=0.022546 | lr=7.22e-05
2025-08-18 20:04:42,419 [INFO] train:   -> Improved val=0.022546 (train=0.020592)
2025-08-18 20:04:43,507 [INFO] train: [Epoch 03/50] train=0.016824 | val=0.021529 | lr=7.22e-05
2025-08-18 20:04:43,508 [INFO] train:   -> Improved val=0.021529 (train=0.016824)
2025-08-18 20:04:44,574 [INFO] train: [Epoch 04/50] train=0.014517 | val=0.020766 | lr=7.22e-05
2025-08-18 20:04:44,576 [INFO] train:   -> Improved val=0.020766 (train=0.014517)
2025-08-18 20:04:45,752 [INFO] train: [Epoch 05/50] train=0.012785 | val=0.020547 | lr=7.22e-05
2025-08-18 20:04:45,753 [INFO] train:   -> Improved val=0.020547 (train=0.012785)
2025-08-18 20:04:46,871 [INFO] train: [Epoch 06/50] train=0.011422 | val=0.020380 | lr=7.22e-05
2025-08-18 20:04:46,872 [INFO] train:   -> Improved val=0.020380 (train=0.011422)
2025-08-18 20:04:48,001 [INFO] train: [Epoch 07/50] train=0.010271 | val=0.020207 | lr=7.22e-05
2025-08-18 20:04:48,002 [INFO] train:   -> Improved val=0.020207 (train=0.010271)
2025-08-18 20:04:49,233 [INFO] train: [Epoch 08/50] train=0.009283 | val=0.020257 | lr=7.22e-05
2025-08-18 20:04:50,382 [INFO] train: [Epoch 09/50] train=0.008420 | val=0.020347 | lr=7.22e-05
2025-08-18 20:04:51,585 [INFO] train: [Epoch 10/50] train=0.007606 | val=0.020237 | lr=7.22e-05
2025-08-18 20:04:52,743 [INFO] train: [Epoch 11/50] train=0.006836 | val=0.020404 | lr=7.22e-05
2025-08-18 20:04:53,931 [INFO] train: [Epoch 12/50] train=0.005497 | val=0.020176 | lr=2.18e-05
2025-08-18 20:04:55,157 [INFO] train: [Epoch 13/50] train=0.005109 | val=0.020340 | lr=2.18e-05
2025-08-18 20:04:56,299 [INFO] train: [Epoch 14/50] train=0.004810 | val=0.020349 | lr=2.18e-05
2025-08-18 20:04:56,299 [INFO] train: [EARLY STOP] No improvement in validation.
2025-08-18 20:04:56,303 [INFO] train: Saved history CSV models/history/cae_trial_cae_20250818_195851_t8_tr0.0103_val0.0202.csv
2025-08-18 20:04:56,303 [INFO] train: Saved meta JSON models/history/cae_trial_cae_20250818_195851_t8_tr0.0103_val0.0202.json
2025-08-18 20:04:56,303 [INFO] train: [DONE] Best val_loss = 0.020207
2025-08-18 20:04:56,583 [INFO] main: cuDNN benchmark mode ACTIVE (desactivated deterministic mode)
2025-08-18 20:04:56,583 [INFO] train: CAE | device=cuda:0 | hard_negatives=False | margin=0.274 | wd=5.7e-06 | b1=0.90 b2=0.900
2025-08-18 20:04:58,512 [INFO] train: [Epoch 01/50] train=0.009134 | val=0.008663 | lr=0.00079
2025-08-18 20:04:58,514 [INFO] train:   -> Improved val=0.008663 (train=0.009134)
2025-08-18 20:05:00,437 [INFO] train: [Epoch 02/50] train=0.004360 | val=0.006822 | lr=0.00079
2025-08-18 20:05:00,438 [INFO] train:   -> Improved val=0.006822 (train=0.004360)
2025-08-18 20:05:03,558 [INFO] train: [Epoch 03/50] train=0.002644 | val=0.006812 | lr=0.00079
2025-08-18 20:05:05,492 [INFO] train: [Epoch 04/50] train=0.001758 | val=0.006983 | lr=0.00079
2025-08-18 20:05:07,395 [INFO] train: [Epoch 05/50] train=0.001346 | val=0.006826 | lr=0.00079
2025-08-18 20:05:09,351 [INFO] train: [Epoch 06/50] train=0.000489 | val=0.006162 | lr=0.000332
2025-08-18 20:05:09,353 [INFO] train:   -> Improved val=0.006162 (train=0.000489)
2025-08-18 20:05:11,128 [INFO] train: [Epoch 07/50] train=0.000200 | val=0.006370 | lr=0.000332
2025-08-18 20:05:12,898 [INFO] train: [Epoch 08/50] train=0.000164 | val=0.006389 | lr=0.000332
2025-08-18 20:05:14,707 [INFO] train: [Epoch 09/50] train=0.000068 | val=0.006073 | lr=0.00014
2025-08-18 20:05:14,708 [INFO] train:   -> Improved val=0.006073 (train=0.000068)
2025-08-18 20:05:16,543 [INFO] train: [Epoch 10/50] train=0.000024 | val=0.006268 | lr=0.00014
2025-08-18 20:05:18,324 [INFO] train: [Epoch 11/50] train=0.000028 | val=0.006016 | lr=0.00014
2025-08-18 20:05:18,325 [INFO] train:   -> Improved val=0.006016 (train=0.000028)
2025-08-18 20:05:20,246 [INFO] train: [Epoch 12/50] train=0.000022 | val=0.006100 | lr=0.00014
2025-08-18 20:05:22,077 [INFO] train: [Epoch 13/50] train=0.000023 | val=0.005769 | lr=0.00014
2025-08-18 20:05:22,079 [INFO] train:   -> Improved val=0.005769 (train=0.000023)
2025-08-18 20:05:23,868 [INFO] train: [Epoch 14/50] train=0.000026 | val=0.005949 | lr=0.00014
2025-08-18 20:05:25,688 [INFO] train: [Epoch 15/50] train=0.000030 | val=0.005942 | lr=0.00014
2025-08-18 20:05:27,471 [INFO] train: [Epoch 16/50] train=0.000011 | val=0.005899 | lr=5.86e-05
2025-08-18 20:05:29,303 [INFO] train: [Epoch 17/50] train=0.000005 | val=0.005853 | lr=5.86e-05
2025-08-18 20:05:31,295 [INFO] train: [Epoch 18/50] train=0.000002 | val=0.005914 | lr=2.47e-05
2025-08-18 20:05:31,295 [INFO] train: [EARLY STOP] No improvement in validation.
2025-08-18 20:05:31,297 [INFO] train: Saved history CSV models/history/cae_trial_cae_20250818_195851_t9_tr0.0000_val0.0058.csv
2025-08-18 20:05:31,297 [INFO] train: Saved meta JSON models/history/cae_trial_cae_20250818_195851_t9_tr0.0000_val0.0058.json
2025-08-18 20:05:31,297 [INFO] train: [DONE] Best val_loss = 0.005769
2025-08-18 20:05:31,586 [INFO] main: cuDNN benchmark mode ACTIVE (desactivated deterministic mode)
2025-08-18 20:05:31,586 [INFO] train: CAE | device=cuda:0 | hard_negatives=False | margin=0.257 | wd=2.0e-04 | b1=0.90 b2=0.900
2025-08-18 20:05:33,682 [INFO] train: [Epoch 01/50] train=0.039761 | val=0.014432 | lr=3.74e-05
2025-08-18 20:05:33,683 [INFO] train:   -> Improved val=0.014432 (train=0.039761)
2025-08-18 20:05:36,835 [INFO] train: [Epoch 02/50] train=0.011263 | val=0.011473 | lr=3.74e-05
2025-08-18 20:05:36,836 [INFO] train:   -> Improved val=0.011473 (train=0.011263)
2025-08-18 20:05:38,720 [INFO] train: [Epoch 03/50] train=0.008359 | val=0.010268 | lr=3.74e-05
2025-08-18 20:05:38,720 [INFO] train:   -> Improved val=0.010268 (train=0.008359)
2025-08-18 20:05:40,607 [INFO] train: [Epoch 04/50] train=0.006671 | val=0.009609 | lr=3.74e-05
2025-08-18 20:05:40,608 [INFO] train:   -> Improved val=0.009609 (train=0.006671)
2025-08-18 20:05:42,392 [INFO] train: [Epoch 05/50] train=0.005459 | val=0.009128 | lr=3.74e-05
2025-08-18 20:05:42,393 [INFO] train:   -> Improved val=0.009128 (train=0.005459)
2025-08-18 20:05:44,164 [INFO] train: [Epoch 06/50] train=0.004539 | val=0.008774 | lr=3.74e-05
2025-08-18 20:05:44,165 [INFO] train:   -> Improved val=0.008774 (train=0.004539)
2025-08-18 20:05:45,842 [INFO] train: [Epoch 07/50] train=0.003816 | val=0.008574 | lr=3.74e-05
2025-08-18 20:05:45,843 [INFO] train:   -> Improved val=0.008574 (train=0.003816)
2025-08-18 20:05:47,515 [INFO] train: [Epoch 08/50] train=0.003218 | val=0.008315 | lr=3.74e-05
2025-08-18 20:05:47,516 [INFO] train:   -> Improved val=0.008315 (train=0.003218)
2025-08-18 20:05:49,222 [INFO] train: [Epoch 09/50] train=0.002717 | val=0.008202 | lr=3.74e-05
2025-08-18 20:05:49,223 [INFO] train:   -> Improved val=0.008202 (train=0.002717)
2025-08-18 20:05:50,951 [INFO] train: [Epoch 10/50] train=0.002289 | val=0.007999 | lr=3.74e-05
2025-08-18 20:05:50,952 [INFO] train:   -> Improved val=0.007999 (train=0.002289)
2025-08-18 20:05:52,705 [INFO] train: [Epoch 11/50] train=0.001939 | val=0.007909 | lr=3.74e-05
2025-08-18 20:05:52,706 [INFO] train:   -> Improved val=0.007909 (train=0.001939)
2025-08-18 20:05:54,546 [INFO] train: [Epoch 12/50] train=0.001630 | val=0.007876 | lr=3.74e-05
2025-08-18 20:05:56,350 [INFO] train: [Epoch 13/50] train=0.001382 | val=0.007794 | lr=3.74e-05
2025-08-18 20:05:56,351 [INFO] train:   -> Improved val=0.007794 (train=0.001382)
2025-08-18 20:05:58,147 [INFO] train: [Epoch 14/50] train=0.001154 | val=0.007814 | lr=3.74e-05
2025-08-18 20:05:59,962 [INFO] train: [Epoch 15/50] train=0.000961 | val=0.007711 | lr=3.74e-05
2025-08-18 20:05:59,963 [INFO] train:   -> Improved val=0.007711 (train=0.000961)
2025-08-18 20:06:01,854 [INFO] train: [Epoch 16/50] train=0.000797 | val=0.007676 | lr=3.74e-05
2025-08-18 20:06:03,691 [INFO] train: [Epoch 17/50] train=0.000664 | val=0.007633 | lr=3.74e-05
2025-08-18 20:06:03,691 [INFO] train:   -> Improved val=0.007633 (train=0.000664)
2025-08-18 20:06:05,665 [INFO] train: [Epoch 18/50] train=0.000550 | val=0.007597 | lr=3.74e-05
2025-08-18 20:06:07,594 [INFO] train: [Epoch 19/50] train=0.000453 | val=0.007573 | lr=3.74e-05
2025-08-18 20:06:07,595 [INFO] train:   -> Improved val=0.007573 (train=0.000453)
2025-08-18 20:06:10,716 [INFO] train: [Epoch 20/50] train=0.000376 | val=0.007546 | lr=3.74e-05
2025-08-18 20:06:12,652 [INFO] train: [Epoch 21/50] train=0.000312 | val=0.007502 | lr=3.74e-05
2025-08-18 20:06:12,653 [INFO] train:   -> Improved val=0.007502 (train=0.000312)
2025-08-18 20:06:14,591 [INFO] train: [Epoch 22/50] train=0.000256 | val=0.007440 | lr=3.74e-05
2025-08-18 20:06:14,592 [INFO] train:   -> Improved val=0.007440 (train=0.000256)
2025-08-18 20:06:16,572 [INFO] train: [Epoch 23/50] train=0.000207 | val=0.007452 | lr=3.74e-05
2025-08-18 20:06:18,467 [INFO] train: [Epoch 24/50] train=0.000183 | val=0.007450 | lr=3.74e-05
2025-08-18 20:06:20,315 [INFO] train: [Epoch 25/50] train=0.000103 | val=0.007447 | lr=1.13e-05
2025-08-18 20:06:22,257 [INFO] train: [Epoch 26/50] train=0.000070 | val=0.007393 | lr=1.13e-05
2025-08-18 20:06:22,257 [INFO] train:   -> Improved val=0.007393 (train=0.000070)
2025-08-18 20:06:24,143 [INFO] train: [Epoch 27/50] train=0.000057 | val=0.007416 | lr=1.13e-05
2025-08-18 20:06:26,029 [INFO] train: [Epoch 28/50] train=0.000050 | val=0.007412 | lr=1.13e-05
2025-08-18 20:06:28,015 [INFO] train: [Epoch 29/50] train=0.000036 | val=0.007407 | lr=3.43e-06
2025-08-18 20:06:29,849 [INFO] train: [Epoch 30/50] train=0.000029 | val=0.007407 | lr=3.43e-06
2025-08-18 20:06:31,703 [INFO] train: [Epoch 31/50] train=0.000025 | val=0.007401 | lr=1.04e-06
2025-08-18 20:06:31,703 [INFO] train: [EARLY STOP] No improvement in validation.
2025-08-18 20:06:31,705 [INFO] train: Saved history CSV models/history/cae_trial_cae_20250818_195851_t10_tr0.0001_val0.0074.csv
2025-08-18 20:06:31,705 [INFO] train: Saved meta JSON models/history/cae_trial_cae_20250818_195851_t10_tr0.0001_val0.0074.json
2025-08-18 20:06:31,705 [INFO] train: [DONE] Best val_loss = 0.007393
2025-08-18 20:06:31,990 [INFO] main: cuDNN benchmark mode ACTIVE (desactivated deterministic mode)
2025-08-18 20:06:31,990 [INFO] train: CAE | device=cuda:0 | hard_negatives=False | margin=0.186 | wd=2.0e-05 | b1=0.90 b2=0.900
2025-08-18 20:06:34,147 [INFO] train: [Epoch 01/50] train=0.006104 | val=0.005346 | lr=0.00107
2025-08-18 20:06:34,149 [INFO] train:   -> Improved val=0.005346 (train=0.006104)
2025-08-18 20:06:36,075 [INFO] train: [Epoch 02/50] train=0.002904 | val=0.004272 | lr=0.00107
2025-08-18 20:06:36,077 [INFO] train:   -> Improved val=0.004272 (train=0.002904)
2025-08-18 20:06:38,000 [INFO] train: [Epoch 03/50] train=0.001796 | val=0.004708 | lr=0.00107
2025-08-18 20:06:39,936 [INFO] train: [Epoch 04/50] train=0.001579 | val=0.004026 | lr=0.00107
2025-08-18 20:06:39,938 [INFO] train:   -> Improved val=0.004026 (train=0.001579)
2025-08-18 20:06:43,104 [INFO] train: [Epoch 05/50] train=0.001313 | val=0.003869 | lr=0.00107
2025-08-18 20:06:43,105 [INFO] train:   -> Improved val=0.003869 (train=0.001313)
2025-08-18 20:06:45,114 [INFO] train: [Epoch 06/50] train=0.001172 | val=0.004264 | lr=0.00107
2025-08-18 20:06:47,156 [INFO] train: [Epoch 07/50] train=0.001084 | val=0.003992 | lr=0.00107
2025-08-18 20:06:49,132 [INFO] train: [Epoch 08/50] train=0.000445 | val=0.003421 | lr=0.000419
2025-08-18 20:06:49,134 [INFO] train:   -> Improved val=0.003421 (train=0.000445)
2025-08-18 20:06:51,003 [INFO] train: [Epoch 09/50] train=0.000197 | val=0.003634 | lr=0.000419
2025-08-18 20:06:52,927 [INFO] train: [Epoch 10/50] train=0.000178 | val=0.003821 | lr=0.000419
2025-08-18 20:06:54,805 [INFO] train: [Epoch 11/50] train=0.000078 | val=0.003454 | lr=0.000164
2025-08-18 20:06:56,815 [INFO] train: [Epoch 12/50] train=0.000026 | val=0.003557 | lr=0.000164
2025-08-18 20:06:58,618 [INFO] train: [Epoch 13/50] train=0.000021 | val=0.003359 | lr=6.45e-05
2025-08-18 20:06:58,619 [INFO] train:   -> Improved val=0.003359 (train=0.000021)
2025-08-18 20:07:00,451 [INFO] train: [Epoch 14/50] train=0.000005 | val=0.003346 | lr=6.45e-05
2025-08-18 20:07:00,452 [INFO] train:   -> Improved val=0.003346 (train=0.000005)
2025-08-18 20:07:02,291 [INFO] train: [Epoch 15/50] train=0.000010 | val=0.003356 | lr=6.45e-05
2025-08-18 20:07:04,139 [INFO] train: [Epoch 16/50] train=0.000008 | val=0.003332 | lr=6.45e-05
2025-08-18 20:07:04,140 [INFO] train:   -> Improved val=0.003332 (train=0.000008)
2025-08-18 20:07:06,034 [INFO] train: [Epoch 17/50] train=0.000010 | val=0.003344 | lr=6.45e-05
2025-08-18 20:07:08,067 [INFO] train: [Epoch 18/50] train=0.000008 | val=0.003289 | lr=6.45e-05
2025-08-18 20:07:08,068 [INFO] train:   -> Improved val=0.003289 (train=0.000008)
2025-08-18 20:07:09,955 [INFO] train: [Epoch 19/50] train=0.000009 | val=0.003307 | lr=6.45e-05
2025-08-18 20:07:11,829 [INFO] train: [Epoch 20/50] train=0.000010 | val=0.003389 | lr=6.45e-05
2025-08-18 20:07:13,744 [INFO] train: [Epoch 21/50] train=0.000005 | val=0.003385 | lr=2.53e-05
2025-08-18 20:07:17,023 [INFO] train: [Epoch 22/50] train=0.000003 | val=0.003375 | lr=2.53e-05
2025-08-18 20:07:18,974 [INFO] train: [Epoch 23/50] train=0.000001 | val=0.003372 | lr=9.93e-06
2025-08-18 20:07:20,834 [INFO] train: [Epoch 24/50] train=0.000000 | val=0.003408 | lr=9.93e-06
2025-08-18 20:07:22,677 [INFO] train: [Epoch 25/50] train=0.000001 | val=0.003410 | lr=3.9e-06
2025-08-18 20:07:22,677 [INFO] train: [EARLY STOP] No improvement in validation.
2025-08-18 20:07:22,681 [INFO] train: Saved history CSV models/history/cae_trial_cae_20250818_195851_t11_tr0.0000_val0.0033.csv
2025-08-18 20:07:22,681 [INFO] train: Saved meta JSON models/history/cae_trial_cae_20250818_195851_t11_tr0.0000_val0.0033.json
2025-08-18 20:07:22,682 [INFO] train: [DONE] Best val_loss = 0.003289
2025-08-18 20:07:22,973 [INFO] main: cuDNN benchmark mode ACTIVE (desactivated deterministic mode)
2025-08-18 20:07:22,974 [INFO] train: CAE | device=cuda:0 | hard_negatives=True | margin=0.268 | wd=2.6e-04 | b1=0.90 b2=0.900
2025-08-18 20:07:25,247 [INFO] train: [Epoch 01/50] train=0.141608 | val=0.131247 | lr=0.00167
2025-08-18 20:07:25,248 [INFO] train:   -> Improved val=0.131247 (train=0.141608)
2025-08-18 20:07:27,227 [INFO] train: [Epoch 02/50] train=0.123853 | val=0.125979 | lr=0.00167
2025-08-18 20:07:27,228 [INFO] train:   -> Improved val=0.125979 (train=0.123853)
2025-08-18 20:07:29,194 [INFO] train: [Epoch 03/50] train=0.118510 | val=0.126324 | lr=0.00167
2025-08-18 20:07:29,228 [WARNING] train: report_cb failed: 
2025-08-18 20:07:31,251 [INFO] train: [Epoch 04/50] train=0.116295 | val=0.125304 | lr=0.00167
2025-08-18 20:07:31,253 [INFO] train:   -> Improved val=0.125304 (train=0.116295)
2025-08-18 20:07:33,210 [INFO] train: [Epoch 05/50] train=0.114182 | val=0.124496 | lr=0.00167
2025-08-18 20:07:33,212 [INFO] train:   -> Improved val=0.124496 (train=0.114182)
2025-08-18 20:07:35,298 [INFO] train: [Epoch 06/50] train=0.111866 | val=0.123267 | lr=0.00167
2025-08-18 20:07:35,300 [INFO] train:   -> Improved val=0.123267 (train=0.111866)
2025-08-18 20:07:37,276 [INFO] train: [Epoch 07/50] train=0.111153 | val=0.122802 | lr=0.00167
2025-08-18 20:07:37,277 [INFO] train:   -> Improved val=0.122802 (train=0.111153)
2025-08-18 20:07:39,280 [INFO] train: [Epoch 08/50] train=0.109531 | val=0.124317 | lr=0.00167
2025-08-18 20:07:41,240 [INFO] train: [Epoch 09/50] train=0.108827 | val=0.123292 | lr=0.00167
2025-08-18 20:07:41,267 [WARNING] train: report_cb failed: 
2025-08-18 20:07:43,234 [INFO] train: [Epoch 10/50] train=0.096897 | val=0.115945 | lr=0.000505
2025-08-18 20:07:43,235 [INFO] train:   -> Improved val=0.115945 (train=0.096897)
2025-08-18 20:07:45,236 [INFO] train: [Epoch 11/50] train=0.091904 | val=0.115897 | lr=0.000505
2025-08-18 20:07:47,379 [INFO] train: [Epoch 12/50] train=0.088886 | val=0.116509 | lr=0.000505
2025-08-18 20:07:50,627 [INFO] train: [Epoch 13/50] train=0.086750 | val=0.116541 | lr=0.000505
2025-08-18 20:07:50,627 [INFO] train: [EARLY STOP] No improvement in validation.
2025-08-18 20:07:50,629 [INFO] train: Saved history CSV models/history/cae_trial_cae_20250818_195851_t12_tr0.0969_val0.1159.csv
2025-08-18 20:07:50,629 [INFO] train: Saved meta JSON models/history/cae_trial_cae_20250818_195851_t12_tr0.0969_val0.1159.json
2025-08-18 20:07:50,629 [INFO] train: [DONE] Best val_loss = 0.115945
2025-08-18 20:07:50,904 [INFO] main: cuDNN benchmark mode ACTIVE (desactivated deterministic mode)
2025-08-18 20:07:50,904 [INFO] train: CAE | device=cuda:0 | hard_negatives=False | margin=0.113 | wd=5.9e-06 | b1=0.90 b2=0.900
2025-08-18 20:07:53,974 [INFO] train: [Epoch 01/50] train=0.005078 | val=0.003564 | lr=0.00299
2025-08-18 20:07:53,977 [INFO] train:   -> Improved val=0.003564 (train=0.005078)
2025-08-18 20:07:56,819 [INFO] train: [Epoch 02/50] train=0.003073 | val=0.003639 | lr=0.00299
2025-08-18 20:07:59,725 [INFO] train: [Epoch 03/50] train=0.002475 | val=0.003624 | lr=0.00299
2025-08-18 20:08:02,486 [INFO] train: [Epoch 04/50] train=0.001240 | val=0.002351 | lr=0.00126
2025-08-18 20:08:02,488 [INFO] train:   -> Improved val=0.002351 (train=0.001240)
2025-08-18 20:08:05,372 [INFO] train: [Epoch 05/50] train=0.000771 | val=0.002408 | lr=0.00126
2025-08-18 20:08:08,241 [INFO] train: [Epoch 06/50] train=0.000684 | val=0.002566 | lr=0.00126
2025-08-18 20:08:10,791 [INFO] train: [Epoch 07/50] train=0.000333 | val=0.002354 | lr=0.000528
2025-08-18 20:08:13,323 [INFO] train: [Epoch 08/50] train=0.000155 | val=0.002257 | lr=0.000528
2025-08-18 20:08:13,325 [INFO] train:   -> Improved val=0.002257 (train=0.000155)
2025-08-18 20:08:15,899 [INFO] train: [Epoch 09/50] train=0.000161 | val=0.002388 | lr=0.000528
2025-08-18 20:08:18,646 [INFO] train: [Epoch 10/50] train=0.000185 | val=0.002649 | lr=0.000528
2025-08-18 20:08:21,475 [INFO] train: [Epoch 11/50] train=0.000089 | val=0.002178 | lr=0.000222
2025-08-18 20:08:21,478 [INFO] train:   -> Improved val=0.002178 (train=0.000089)
2025-08-18 20:08:25,527 [INFO] train: [Epoch 12/50] train=0.000032 | val=0.002205 | lr=0.000222
2025-08-18 20:08:28,226 [INFO] train: [Epoch 13/50] train=0.000032 | val=0.002096 | lr=0.000222
2025-08-18 20:08:28,227 [INFO] train:   -> Improved val=0.002096 (train=0.000032)
2025-08-18 20:08:30,992 [INFO] train: [Epoch 14/50] train=0.000038 | val=0.002301 | lr=0.000222
2025-08-18 20:08:33,777 [INFO] train: [Epoch 15/50] train=0.000046 | val=0.002409 | lr=0.000222
2025-08-18 20:08:36,631 [INFO] train: [Epoch 16/50] train=0.000028 | val=0.002281 | lr=9.33e-05
2025-08-18 20:08:39,630 [INFO] train: [Epoch 17/50] train=0.000008 | val=0.002287 | lr=9.33e-05
2025-08-18 20:08:42,685 [INFO] train: [Epoch 18/50] train=0.000006 | val=0.002231 | lr=3.92e-05
2025-08-18 20:08:42,685 [INFO] train: [EARLY STOP] No improvement in validation.
2025-08-18 20:08:42,688 [INFO] train: Saved history CSV models/history/cae_trial_cae_20250818_195851_t13_tr0.0000_val0.0021.csv
2025-08-18 20:08:42,688 [INFO] train: Saved meta JSON models/history/cae_trial_cae_20250818_195851_t13_tr0.0000_val0.0021.json
2025-08-18 20:08:42,688 [INFO] train: [DONE] Best val_loss = 0.002096
2025-08-18 20:08:42,970 [INFO] main: cuDNN benchmark mode ACTIVE (desactivated deterministic mode)
2025-08-18 20:08:42,970 [INFO] train: CAE | device=cuda:0 | hard_negatives=False | margin=0.057 | wd=2.8e-06 | b1=0.90 b2=0.900
2025-08-18 20:08:46,110 [INFO] train: [Epoch 01/50] train=0.001807 | val=0.001401 | lr=0.000304
2025-08-18 20:08:46,112 [INFO] train:   -> Improved val=0.001401 (train=0.001807)
2025-08-18 20:08:48,986 [INFO] train: [Epoch 02/50] train=0.000622 | val=0.001232 | lr=0.000304
2025-08-18 20:08:48,988 [INFO] train:   -> Improved val=0.001232 (train=0.000622)
2025-08-18 20:08:52,267 [INFO] train: [Epoch 03/50] train=0.000390 | val=0.001191 | lr=0.000304
2025-08-18 20:08:52,269 [INFO] train:   -> Improved val=0.001191 (train=0.000390)
2025-08-18 20:08:56,855 [INFO] train: [Epoch 04/50] train=0.000261 | val=0.001141 | lr=0.000304
2025-08-18 20:08:56,857 [INFO] train:   -> Improved val=0.001141 (train=0.000261)
2025-08-18 20:09:00,469 [INFO] train: [Epoch 05/50] train=0.000199 | val=0.001062 | lr=0.000304
2025-08-18 20:09:00,472 [INFO] train:   -> Improved val=0.001062 (train=0.000199)
2025-08-18 20:09:03,886 [INFO] train: [Epoch 06/50] train=0.000188 | val=0.001140 | lr=0.000304
2025-08-18 20:09:07,187 [INFO] train: [Epoch 07/50] train=0.000164 | val=0.001248 | lr=0.000304
2025-08-18 20:09:10,560 [INFO] train: [Epoch 08/50] train=0.000128 | val=0.001215 | lr=0.000304
2025-08-18 20:09:10,560 [INFO] train: [EARLY STOP] No improvement in validation.
2025-08-18 20:09:10,563 [INFO] train: Saved history CSV models/history/cae_trial_cae_20250818_195851_t14_tr0.0002_val0.0011.csv
2025-08-18 20:09:10,563 [INFO] train: Saved meta JSON models/history/cae_trial_cae_20250818_195851_t14_tr0.0002_val0.0011.json
2025-08-18 20:09:10,563 [INFO] train: [DONE] Best val_loss = 0.001062
2025-08-18 20:09:10,842 [INFO] main: cuDNN benchmark mode ACTIVE (desactivated deterministic mode)
2025-08-18 20:09:10,842 [INFO] train: CAE | device=cuda:0 | hard_negatives=False | margin=0.089 | wd=1.8e-06 | b1=0.90 b2=0.900
2025-08-18 20:09:14,086 [INFO] train: [Epoch 01/50] train=0.002065 | val=0.001534 | lr=4.52e-05
2025-08-18 20:09:14,089 [INFO] train:   -> Improved val=0.001534 (train=0.002065)
2025-08-18 20:09:17,174 [INFO] train: [Epoch 02/50] train=0.000509 | val=0.001382 | lr=4.52e-05
2025-08-18 20:09:17,177 [INFO] train:   -> Improved val=0.001382 (train=0.000509)
2025-08-18 20:09:20,353 [INFO] train: [Epoch 03/50] train=0.000157 | val=0.001351 | lr=4.52e-05
2025-08-18 20:09:20,355 [INFO] train:   -> Improved val=0.001351 (train=0.000157)
2025-08-18 20:09:23,691 [INFO] train: [Epoch 04/50] train=0.000077 | val=0.001290 | lr=4.52e-05
2025-08-18 20:09:23,694 [INFO] train:   -> Improved val=0.001290 (train=0.000077)
2025-08-18 20:09:26,984 [INFO] train: [Epoch 05/50] train=0.000053 | val=0.001412 | lr=4.52e-05
2025-08-18 20:09:31,310 [INFO] train: [Epoch 06/50] train=0.000050 | val=0.001328 | lr=4.52e-05
2025-08-18 20:09:34,335 [INFO] train: [Epoch 07/50] train=0.000043 | val=0.001242 | lr=4.52e-05
2025-08-18 20:09:34,337 [INFO] train:   -> Improved val=0.001242 (train=0.000043)
2025-08-18 20:09:37,438 [INFO] train: [Epoch 08/50] train=0.000030 | val=0.001391 | lr=4.52e-05
2025-08-18 20:09:40,441 [INFO] train: [Epoch 09/50] train=0.000027 | val=0.001229 | lr=4.52e-05
2025-08-18 20:09:40,442 [INFO] train:   -> Improved val=0.001229 (train=0.000027)
2025-08-18 20:09:43,600 [INFO] train: [Epoch 10/50] train=0.000031 | val=0.001358 | lr=4.52e-05
2025-08-18 20:09:46,963 [INFO] train: [Epoch 11/50] train=0.000029 | val=0.001252 | lr=4.52e-05
2025-08-18 20:09:50,033 [INFO] train: [Epoch 12/50] train=0.000029 | val=0.001278 | lr=4.52e-05
2025-08-18 20:09:50,033 [INFO] train: [EARLY STOP] No improvement in validation.
2025-08-18 20:09:50,036 [INFO] train: Saved history CSV models/history/cae_trial_cae_20250818_195851_t15_tr0.0000_val0.0012.csv
2025-08-18 20:09:50,036 [INFO] train: Saved meta JSON models/history/cae_trial_cae_20250818_195851_t15_tr0.0000_val0.0012.json
2025-08-18 20:09:50,036 [INFO] train: [DONE] Best val_loss = 0.001229
2025-08-18 20:09:50,323 [INFO] main: cuDNN benchmark mode ACTIVE (desactivated deterministic mode)
2025-08-18 20:09:50,323 [INFO] train: CAE | device=cuda:0 | hard_negatives=False | margin=0.219 | wd=1.1e-06 | b1=0.90 b2=0.900
2025-08-18 20:09:53,939 [INFO] train: [Epoch 01/50] train=0.007278 | val=0.004857 | lr=2.52e-05
2025-08-18 20:09:53,941 [INFO] train:   -> Improved val=0.004857 (train=0.007278)
2025-08-18 20:09:57,397 [INFO] train: [Epoch 02/50] train=0.003193 | val=0.004228 | lr=2.52e-05
2025-08-18 20:09:57,400 [INFO] train:   -> Improved val=0.004228 (train=0.003193)
2025-08-18 20:10:00,799 [INFO] train: [Epoch 03/50] train=0.001914 | val=0.004077 | lr=2.52e-05
2025-08-18 20:10:00,801 [INFO] train:   -> Improved val=0.004077 (train=0.001914)
2025-08-18 20:10:05,522 [INFO] train: [Epoch 04/50] train=0.001157 | val=0.004017 | lr=2.52e-05
2025-08-18 20:10:05,523 [INFO] train:   -> Improved val=0.004017 (train=0.001157)
2025-08-18 20:10:08,843 [INFO] train: [Epoch 05/50] train=0.000666 | val=0.003897 | lr=2.52e-05
2025-08-18 20:10:08,845 [INFO] train:   -> Improved val=0.003897 (train=0.000666)
2025-08-18 20:10:12,102 [INFO] train: [Epoch 06/50] train=0.000372 | val=0.003946 | lr=2.52e-05
2025-08-18 20:10:15,332 [INFO] train: [Epoch 07/50] train=0.000191 | val=0.003944 | lr=2.52e-05
2025-08-18 20:10:18,157 [INFO] train: [Epoch 08/50] train=0.000120 | val=0.003925 | lr=2.52e-05
2025-08-18 20:10:18,157 [INFO] train: [EARLY STOP] No improvement in validation.
2025-08-18 20:10:18,163 [INFO] train: Saved history CSV models/history/cae_trial_cae_20250818_195851_t16_tr0.0007_val0.0039.csv
2025-08-18 20:10:18,163 [INFO] train: Saved meta JSON models/history/cae_trial_cae_20250818_195851_t16_tr0.0007_val0.0039.json
2025-08-18 20:10:18,163 [INFO] train: [DONE] Best val_loss = 0.003897
2025-08-18 20:10:18,452 [INFO] main: cuDNN benchmark mode ACTIVE (desactivated deterministic mode)
2025-08-18 20:10:18,452 [INFO] train: CAE | device=cuda:0 | hard_negatives=True | margin=0.127 | wd=2.1e-05 | b1=0.90 b2=0.900
2025-08-18 20:10:22,408 [INFO] train: [Epoch 01/50] train=0.039801 | val=0.030887 | lr=4.07e-05
2025-08-18 20:10:22,411 [INFO] train:   -> Improved val=0.030887 (train=0.039801)
2025-08-18 20:10:26,258 [INFO] train: [Epoch 02/50] train=0.027092 | val=0.027532 | lr=4.07e-05
2025-08-18 20:10:26,259 [INFO] train:   -> Improved val=0.027532 (train=0.027092)
2025-08-18 20:10:30,235 [INFO] train: [Epoch 03/50] train=0.023508 | val=0.025717 | lr=4.07e-05
2025-08-18 20:10:30,237 [INFO] train:   -> Improved val=0.025717 (train=0.023508)
2025-08-18 20:10:30,265 [WARNING] train: report_cb failed: 
2025-08-18 20:10:34,308 [INFO] train: [Epoch 04/50] train=0.021328 | val=0.024554 | lr=4.07e-05
2025-08-18 20:10:34,309 [INFO] train:   -> Improved val=0.024554 (train=0.021328)
2025-08-18 20:10:40,194 [INFO] train: [Epoch 05/50] train=0.019710 | val=0.023747 | lr=4.07e-05
2025-08-18 20:10:40,195 [INFO] train:   -> Improved val=0.023747 (train=0.019710)
2025-08-18 20:10:45,018 [INFO] train: [Epoch 06/50] train=0.018259 | val=0.023045 | lr=4.07e-05
2025-08-18 20:10:45,019 [INFO] train:   -> Improved val=0.023045 (train=0.018259)
2025-08-18 20:10:48,982 [INFO] train: [Epoch 07/50] train=0.017136 | val=0.022271 | lr=4.07e-05
2025-08-18 20:10:48,983 [INFO] train:   -> Improved val=0.022271 (train=0.017136)
2025-08-18 20:10:53,194 [INFO] train: [Epoch 08/50] train=0.016480 | val=0.022163 | lr=4.07e-05
2025-08-18 20:10:53,195 [INFO] train:   -> Improved val=0.022163 (train=0.016480)
2025-08-18 20:10:57,424 [INFO] train: [Epoch 09/50] train=0.015638 | val=0.021776 | lr=4.07e-05
2025-08-18 20:10:57,425 [INFO] train:   -> Improved val=0.021776 (train=0.015638)
2025-08-18 20:10:57,461 [WARNING] train: report_cb failed: 
2025-08-18 20:11:01,559 [INFO] train: [Epoch 10/50] train=0.015268 | val=0.021540 | lr=4.07e-05
2025-08-18 20:11:01,560 [INFO] train:   -> Improved val=0.021540 (train=0.015268)
2025-08-18 20:11:05,631 [INFO] train: [Epoch 11/50] train=0.014679 | val=0.021480 | lr=4.07e-05
2025-08-18 20:11:10,436 [INFO] train: [Epoch 12/50] train=0.014268 | val=0.021130 | lr=4.07e-05
2025-08-18 20:11:10,436 [INFO] train:   -> Improved val=0.021130 (train=0.014268)
2025-08-18 20:11:14,552 [INFO] train: [Epoch 13/50] train=0.013579 | val=0.021214 | lr=4.07e-05
2025-08-18 20:11:18,621 [INFO] train: [Epoch 14/50] train=0.013246 | val=0.020990 | lr=4.07e-05
2025-08-18 20:11:18,622 [INFO] train:   -> Improved val=0.020990 (train=0.013246)
2025-08-18 20:11:22,602 [INFO] train: [Epoch 15/50] train=0.012620 | val=0.020921 | lr=4.07e-05
2025-08-18 20:11:26,603 [INFO] train: [Epoch 16/50] train=0.012318 | val=0.020798 | lr=4.07e-05
2025-08-18 20:11:26,604 [INFO] train:   -> Improved val=0.020798 (train=0.012318)
2025-08-18 20:11:30,669 [INFO] train: [Epoch 17/50] train=0.011941 | val=0.020633 | lr=4.07e-05
2025-08-18 20:11:30,670 [INFO] train:   -> Improved val=0.020633 (train=0.011941)
2025-08-18 20:11:35,029 [INFO] train: [Epoch 18/50] train=0.011625 | val=0.020672 | lr=4.07e-05
2025-08-18 20:11:39,184 [INFO] train: [Epoch 19/50] train=0.011270 | val=0.020709 | lr=4.07e-05
2025-08-18 20:11:44,746 [INFO] train: [Epoch 20/50] train=0.011159 | val=0.020763 | lr=4.07e-05
2025-08-18 20:11:49,075 [INFO] train: [Epoch 21/50] train=0.010841 | val=0.020870 | lr=4.07e-05
2025-08-18 20:11:49,075 [INFO] train: [EARLY STOP] No improvement in validation.
2025-08-18 20:11:49,077 [INFO] train: Saved history CSV models/history/cae_trial_cae_20250818_195851_t17_tr0.0119_val0.0206.csv
2025-08-18 20:11:49,077 [INFO] train: Saved meta JSON models/history/cae_trial_cae_20250818_195851_t17_tr0.0119_val0.0206.json
2025-08-18 20:11:49,077 [INFO] train: [DONE] Best val_loss = 0.020633
2025-08-18 20:11:49,383 [INFO] main: cuDNN benchmark mode ACTIVE (desactivated deterministic mode)
2025-08-18 20:11:49,383 [INFO] train: CAE | device=cuda:0 | hard_negatives=False | margin=0.175 | wd=1.7e-06 | b1=0.90 b2=0.900
2025-08-18 20:11:53,654 [INFO] train: [Epoch 01/50] train=0.004199 | val=0.002916 | lr=0.000103
2025-08-18 20:11:53,657 [INFO] train:   -> Improved val=0.002916 (train=0.004199)
2025-08-18 20:11:57,604 [INFO] train: [Epoch 02/50] train=0.001199 | val=0.002557 | lr=0.000103
2025-08-18 20:11:57,607 [INFO] train:   -> Improved val=0.002557 (train=0.001199)
2025-08-18 20:12:01,519 [INFO] train: [Epoch 03/50] train=0.000545 | val=0.002893 | lr=0.000103
2025-08-18 20:12:05,581 [INFO] train: [Epoch 04/50] train=0.000332 | val=0.002547 | lr=0.000103
2025-08-18 20:12:09,780 [INFO] train: [Epoch 05/50] train=0.000223 | val=0.002552 | lr=0.000103
2025-08-18 20:12:09,780 [INFO] train: [EARLY STOP] No improvement in validation.
2025-08-18 20:12:09,784 [INFO] train: Saved history CSV models/history/cae_trial_cae_20250818_195851_t18_tr0.0012_val0.0026.csv
2025-08-18 20:12:09,784 [INFO] train: Saved meta JSON models/history/cae_trial_cae_20250818_195851_t18_tr0.0012_val0.0026.json
2025-08-18 20:12:09,784 [INFO] train: [DONE] Best val_loss = 0.002557
2025-08-18 20:12:10,083 [INFO] main: cuDNN benchmark mode ACTIVE (desactivated deterministic mode)
2025-08-18 20:12:10,083 [INFO] train: CAE | device=cuda:0 | hard_negatives=False | margin=0.130 | wd=1.3e-06 | b1=0.90 b2=0.900
2025-08-18 20:12:11,795 [INFO] train: [Epoch 01/50] train=0.005840 | val=0.003563 | lr=0.000145
2025-08-18 20:12:11,796 [INFO] train:   -> Improved val=0.003563 (train=0.005840)
2025-08-18 20:12:13,361 [INFO] train: [Epoch 02/50] train=0.001518 | val=0.003040 | lr=0.000145
2025-08-18 20:12:13,362 [INFO] train:   -> Improved val=0.003040 (train=0.001518)
2025-08-18 20:12:14,903 [INFO] train: [Epoch 03/50] train=0.000610 | val=0.003102 | lr=0.000145
2025-08-18 20:12:17,672 [INFO] train: [Epoch 04/50] train=0.000310 | val=0.002738 | lr=0.000145
2025-08-18 20:12:17,674 [INFO] train:   -> Improved val=0.002738 (train=0.000310)
2025-08-18 20:12:19,306 [INFO] train: [Epoch 05/50] train=0.000167 | val=0.002900 | lr=0.000145
2025-08-18 20:12:20,858 [INFO] train: [Epoch 06/50] train=0.000116 | val=0.002848 | lr=0.000145
2025-08-18 20:12:22,408 [INFO] train: [Epoch 07/50] train=0.000104 | val=0.002718 | lr=0.000145
2025-08-18 20:12:22,409 [INFO] train:   -> Improved val=0.002718 (train=0.000104)
2025-08-18 20:12:24,016 [INFO] train: [Epoch 08/50] train=0.000094 | val=0.002830 | lr=0.000145
2025-08-18 20:12:25,479 [INFO] train: [Epoch 09/50] train=0.000078 | val=0.002678 | lr=0.000145
2025-08-18 20:12:25,481 [INFO] train:   -> Improved val=0.002678 (train=0.000078)
2025-08-18 20:12:26,987 [INFO] train: [Epoch 10/50] train=0.000071 | val=0.002625 | lr=0.000145
2025-08-18 20:12:26,988 [INFO] train:   -> Improved val=0.002625 (train=0.000071)
2025-08-18 20:12:28,575 [INFO] train: [Epoch 11/50] train=0.000059 | val=0.002492 | lr=0.000145
2025-08-18 20:12:28,576 [INFO] train:   -> Improved val=0.002492 (train=0.000059)
2025-08-18 20:12:30,135 [INFO] train: [Epoch 12/50] train=0.000059 | val=0.002415 | lr=0.000145
2025-08-18 20:12:30,136 [INFO] train:   -> Improved val=0.002415 (train=0.000059)
2025-08-18 20:12:31,909 [INFO] train: [Epoch 13/50] train=0.000047 | val=0.002403 | lr=0.000145
2025-08-18 20:12:31,910 [INFO] train:   -> Improved val=0.002403 (train=0.000047)
2025-08-18 20:12:33,621 [INFO] train: [Epoch 14/50] train=0.000051 | val=0.002560 | lr=0.000145
2025-08-18 20:12:35,140 [INFO] train: [Epoch 15/50] train=0.000048 | val=0.002609 | lr=0.000145
2025-08-18 20:12:36,823 [INFO] train: [Epoch 16/50] train=0.000056 | val=0.002414 | lr=0.000145
2025-08-18 20:12:38,341 [INFO] train: [Epoch 17/50] train=0.000050 | val=0.002440 | lr=0.000145
2025-08-18 20:12:39,969 [INFO] train: [Epoch 18/50] train=0.000037 | val=0.002431 | lr=0.000145
2025-08-18 20:12:39,970 [INFO] train: [EARLY STOP] No improvement in validation.
2025-08-18 20:12:39,972 [INFO] train: Saved history CSV models/history/cae_trial_cae_20250818_195851_t19_tr0.0000_val0.0024.csv
2025-08-18 20:12:39,972 [INFO] train: Saved meta JSON models/history/cae_trial_cae_20250818_195851_t19_tr0.0000_val0.0024.json
2025-08-18 20:12:39,972 [INFO] train: [DONE] Best val_loss = 0.002403
2025-08-18 22:03:29,984 [INFO] main: cuDNN benchmark mode ACTIVE (desactivated deterministic mode)
2025-08-18 22:03:30,779 [INFO] main: cuDNN benchmark mode ACTIVE (desactivated deterministic mode)
2025-08-18 22:03:30,780 [INFO] train: CAE | device=cuda:0 | hard_negatives=True | margin=0.440 | wd=1.5e-06 | b1=0.90 b2=0.900
2025-08-18 22:03:34,416 [INFO] train: [Epoch 01/50] train=0.195759 | val=0.184308 | lr=0.000945
2025-08-18 22:03:34,441 [INFO] train:   -> Improved val=0.184308 (train=0.195759)
2025-08-18 22:03:37,540 [INFO] train: [Epoch 02/50] train=0.166757 | val=0.173433 | lr=0.000945
2025-08-18 22:03:37,558 [INFO] train:   -> Improved val=0.173433 (train=0.166757)
2025-08-18 22:03:41,117 [INFO] train: [Epoch 03/50] train=0.153102 | val=0.169151 | lr=0.000945
2025-08-18 22:03:41,152 [INFO] train:   -> Improved val=0.169151 (train=0.153102)
2025-08-18 22:03:45,208 [INFO] train: [Epoch 04/50] train=0.143232 | val=0.168353 | lr=0.000945
2025-08-18 22:03:47,948 [INFO] train: [Epoch 05/50] train=0.136616 | val=0.166340 | lr=0.000945
2025-08-18 22:03:47,963 [INFO] train:   -> Improved val=0.166340 (train=0.136616)
2025-08-18 22:03:50,872 [INFO] train: [Epoch 06/50] train=0.129309 | val=0.165237 | lr=0.000945
2025-08-18 22:03:53,498 [INFO] train: [Epoch 07/50] train=0.123642 | val=0.164702 | lr=0.000945
2025-08-18 22:03:53,522 [INFO] train:   -> Improved val=0.164702 (train=0.123642)
2025-08-18 22:03:56,288 [INFO] train: [Epoch 08/50] train=0.118918 | val=0.164975 | lr=0.000945
2025-08-18 22:03:59,183 [INFO] train: [Epoch 09/50] train=0.113796 | val=0.165564 | lr=0.000945
2025-08-18 22:04:01,940 [INFO] train: [Epoch 10/50] train=0.104070 | val=0.163391 | lr=0.000511
2025-08-18 22:04:04,795 [INFO] train: [Epoch 11/50] train=0.099060 | val=0.164171 | lr=0.000511
2025-08-18 22:04:07,695 [INFO] train: [Epoch 12/50] train=0.096419 | val=0.164600 | lr=0.000511
2025-08-18 22:04:10,613 [INFO] train: [Epoch 13/50] train=0.090060 | val=0.164615 | lr=0.000276
2025-08-18 22:04:13,962 [INFO] train: [Epoch 14/50] train=0.087337 | val=0.165320 | lr=0.000276
2025-08-18 22:04:18,453 [INFO] train: [Epoch 15/50] train=0.083519 | val=0.165424 | lr=0.000149
2025-08-18 22:04:18,467 [INFO] train: [EARLY STOP] No improvement in validation.
2025-08-18 22:04:18,470 [INFO] train: Saved history CSV models/history/cae_cae_20250818_220330_t0_lat96_hid1024_lr0.000945431_bs128_m0.44_tr0.1236_val0.1647.csv
2025-08-18 22:04:18,470 [INFO] train: Saved meta JSON models/history/cae_cae_20250818_220330_t0_lat96_hid1024_lr0.000945431_bs128_m0.44_tr0.1236_val0.1647.json
2025-08-18 22:04:18,470 [INFO] train: [DONE] Best val_loss = 0.164702
2025-08-18 22:04:18,745 [INFO] main: cuDNN benchmark mode ACTIVE (desactivated deterministic mode)
2025-08-18 22:04:18,746 [INFO] train: CAE | device=cuda:0 | hard_negatives=True | margin=0.181 | wd=2.6e-06 | b1=0.90 b2=0.900
2025-08-18 22:04:20,478 [INFO] train: [Epoch 01/50] train=0.094860 | val=0.081015 | lr=0.000261
2025-08-18 22:04:20,502 [INFO] train:   -> Improved val=0.081015 (train=0.094860)
2025-08-18 22:04:22,053 [INFO] train: [Epoch 02/50] train=0.072379 | val=0.074777 | lr=0.000261
2025-08-18 22:04:22,077 [INFO] train:   -> Improved val=0.074777 (train=0.072379)
2025-08-18 22:04:23,675 [INFO] train: [Epoch 03/50] train=0.066021 | val=0.072243 | lr=0.000261
2025-08-18 22:04:23,712 [INFO] train:   -> Improved val=0.072243 (train=0.066021)
2025-08-18 22:04:25,285 [INFO] train: [Epoch 04/50] train=0.061880 | val=0.071387 | lr=0.000261
2025-08-18 22:04:25,309 [INFO] train:   -> Improved val=0.071387 (train=0.061880)
2025-08-18 22:04:26,883 [INFO] train: [Epoch 05/50] train=0.058835 | val=0.070530 | lr=0.000261
2025-08-18 22:04:26,899 [INFO] train:   -> Improved val=0.070530 (train=0.058835)
2025-08-18 22:04:28,424 [INFO] train: [Epoch 06/50] train=0.056575 | val=0.070257 | lr=0.000261
2025-08-18 22:04:29,975 [INFO] train: [Epoch 07/50] train=0.054892 | val=0.069817 | lr=0.000261
2025-08-18 22:04:30,002 [INFO] train:   -> Improved val=0.069817 (train=0.054892)
2025-08-18 22:04:31,407 [INFO] train: [Epoch 08/50] train=0.052974 | val=0.069779 | lr=0.000261
2025-08-18 22:04:32,950 [INFO] train: [Epoch 09/50] train=0.051400 | val=0.069517 | lr=0.000261
2025-08-18 22:04:34,450 [INFO] train: [Epoch 10/50] train=0.049695 | val=0.069384 | lr=0.000261
2025-08-18 22:04:34,465 [INFO] train:   -> Improved val=0.069384 (train=0.049695)
2025-08-18 22:04:35,994 [INFO] train: [Epoch 11/50] train=0.048894 | val=0.069549 | lr=0.000261
2025-08-18 22:04:37,468 [INFO] train: [Epoch 12/50] train=0.047494 | val=0.069200 | lr=0.000261
2025-08-18 22:04:39,185 [INFO] train: [Epoch 13/50] train=0.046092 | val=0.069399 | lr=0.000261
2025-08-18 22:04:40,463 [INFO] train: [Epoch 14/50] train=0.045636 | val=0.069709 | lr=0.000261
2025-08-18 22:04:41,915 [INFO] train: [Epoch 15/50] train=0.044180 | val=0.069997 | lr=0.000261
2025-08-18 22:04:43,456 [INFO] train: [Epoch 16/50] train=0.043638 | val=0.070094 | lr=0.000261
2025-08-18 22:04:43,478 [INFO] train: [EARLY STOP] No improvement in validation.
2025-08-18 22:04:43,480 [INFO] train: Saved history CSV models/history/cae_cae_20250818_220330_t1_lat64_hid512_lr0.000260797_bs512_m0.18_tr0.0497_val0.0694.csv
2025-08-18 22:04:43,480 [INFO] train: Saved meta JSON models/history/cae_cae_20250818_220330_t1_lat64_hid512_lr0.000260797_bs512_m0.18_tr0.0497_val0.0694.json
2025-08-18 22:04:43,480 [INFO] train: [DONE] Best val_loss = 0.069384
2025-08-18 22:15:27,587 [INFO] main: cuDNN benchmark mode ACTIVE (desactivated deterministic mode)
2025-08-18 22:15:28,274 [INFO] main: cuDNN benchmark mode ACTIVE (desactivated deterministic mode)
2025-08-18 22:15:28,275 [INFO] train: CAE | device=cuda:0 | hard_negatives=True | margin=0.440 | wd=1.5e-06 | b1=0.90 b2=0.900
2025-08-18 22:15:31,730 [INFO] train: [Epoch 01/50] train=0.195759 | val=0.184308 | lr=0.000945
2025-08-18 22:15:31,746 [INFO] train:   -> Improved val=0.184308 (train=0.195759)
2025-08-18 22:15:34,499 [INFO] train: [Epoch 02/50] train=0.166757 | val=0.173433 | lr=0.000945
2025-08-18 22:15:34,524 [INFO] train:   -> Improved val=0.173433 (train=0.166757)
2025-08-18 22:15:37,121 [INFO] train: [Epoch 03/50] train=0.153102 | val=0.169151 | lr=0.000945
2025-08-18 22:15:37,156 [INFO] train:   -> Improved val=0.169151 (train=0.153102)
2025-08-18 22:15:39,841 [INFO] train: [Epoch 04/50] train=0.143232 | val=0.168353 | lr=0.000945
2025-08-18 22:15:42,570 [INFO] train: [Epoch 05/50] train=0.136616 | val=0.166340 | lr=0.000945
2025-08-18 22:15:42,595 [INFO] train:   -> Improved val=0.166340 (train=0.136616)
2025-08-18 22:15:45,344 [INFO] train: [Epoch 06/50] train=0.129309 | val=0.165237 | lr=0.000945
2025-08-18 22:15:48,044 [INFO] train: [Epoch 07/50] train=0.123642 | val=0.164702 | lr=0.000945
2025-08-18 22:15:48,068 [INFO] train:   -> Improved val=0.164702 (train=0.123642)
2025-08-18 22:15:50,707 [INFO] train: [Epoch 08/50] train=0.118918 | val=0.164975 | lr=0.000945
2025-08-18 22:15:53,585 [INFO] train: [Epoch 09/50] train=0.113796 | val=0.165564 | lr=0.000945
2025-08-18 22:15:56,401 [INFO] train: [Epoch 10/50] train=0.104070 | val=0.163391 | lr=0.000511
2025-08-18 22:15:59,183 [INFO] train: [Epoch 11/50] train=0.099060 | val=0.164171 | lr=0.000511
2025-08-18 22:16:03,479 [INFO] train: [Epoch 12/50] train=0.096419 | val=0.164600 | lr=0.000511
2025-08-18 22:16:06,313 [INFO] train: [Epoch 13/50] train=0.090060 | val=0.164615 | lr=0.000276
2025-08-18 22:16:09,253 [INFO] train: [Epoch 14/50] train=0.087337 | val=0.165320 | lr=0.000276
2025-08-18 22:16:12,175 [INFO] train: [Epoch 15/50] train=0.083519 | val=0.165424 | lr=0.000149
2025-08-18 22:16:12,197 [INFO] train: [EARLY STOP] No improvement in validation.
2025-08-18 22:16:12,200 [INFO] train: Saved history CSV models/history/cae_cae_20250818_221527_t0_lat96_hid1024_lr0.000945431_bs128_m0.44_tr0.1236_val0.1647.csv
2025-08-18 22:16:12,201 [INFO] train: Saved meta JSON models/history/cae_cae_20250818_221527_t0_lat96_hid1024_lr0.000945431_bs128_m0.44_tr0.1236_val0.1647.json
2025-08-18 22:16:12,201 [INFO] train: [DONE] Best val_loss = 0.164702
2025-08-18 22:16:12,487 [INFO] main: cuDNN benchmark mode ACTIVE (desactivated deterministic mode)
2025-08-18 22:16:12,487 [INFO] train: CAE | device=cuda:0 | hard_negatives=True | margin=0.181 | wd=2.6e-06 | b1=0.90 b2=0.900
2025-08-18 22:16:13,874 [INFO] train: [Epoch 01/50] train=0.094860 | val=0.081015 | lr=0.000261
2025-08-18 22:16:13,897 [INFO] train:   -> Improved val=0.081015 (train=0.094860)
2025-08-18 22:16:14,998 [INFO] train: [Epoch 02/50] train=0.072379 | val=0.074777 | lr=0.000261
2025-08-18 22:16:15,019 [INFO] train:   -> Improved val=0.074777 (train=0.072379)
2025-08-18 22:16:16,273 [INFO] train: [Epoch 03/50] train=0.066021 | val=0.072243 | lr=0.000261
2025-08-18 22:16:16,300 [INFO] train:   -> Improved val=0.072243 (train=0.066021)
2025-08-18 22:16:17,646 [INFO] train: [Epoch 04/50] train=0.061880 | val=0.071387 | lr=0.000261
2025-08-18 22:16:17,669 [INFO] train:   -> Improved val=0.071387 (train=0.061880)
2025-08-18 22:16:19,075 [INFO] train: [Epoch 05/50] train=0.058835 | val=0.070530 | lr=0.000261
2025-08-18 22:16:19,098 [INFO] train:   -> Improved val=0.070530 (train=0.058835)
2025-08-18 22:16:20,464 [INFO] train: [Epoch 06/50] train=0.056575 | val=0.070257 | lr=0.000261
2025-08-18 22:16:21,847 [INFO] train: [Epoch 07/50] train=0.054892 | val=0.069817 | lr=0.000261
2025-08-18 22:16:21,870 [INFO] train:   -> Improved val=0.069817 (train=0.054892)
2025-08-18 22:16:23,302 [INFO] train: [Epoch 08/50] train=0.052974 | val=0.069779 | lr=0.000261
2025-08-18 22:16:24,674 [INFO] train: [Epoch 09/50] train=0.051400 | val=0.069517 | lr=0.000261
2025-08-18 22:16:26,081 [INFO] train: [Epoch 10/50] train=0.049695 | val=0.069384 | lr=0.000261
2025-08-18 22:16:26,104 [INFO] train:   -> Improved val=0.069384 (train=0.049695)
2025-08-18 22:16:27,456 [INFO] train: [Epoch 11/50] train=0.048894 | val=0.069549 | lr=0.000261
2025-08-18 22:16:28,809 [INFO] train: [Epoch 12/50] train=0.047494 | val=0.069200 | lr=0.000261
2025-08-18 22:16:30,277 [INFO] train: [Epoch 13/50] train=0.046092 | val=0.069399 | lr=0.000261
2025-08-18 22:16:31,656 [INFO] train: [Epoch 14/50] train=0.045636 | val=0.069709 | lr=0.000261
2025-08-18 22:16:33,061 [INFO] train: [Epoch 15/50] train=0.044180 | val=0.069997 | lr=0.000261
2025-08-18 22:16:35,862 [INFO] train: [Epoch 16/50] train=0.043638 | val=0.070094 | lr=0.000261
2025-08-18 22:16:35,877 [INFO] train: [EARLY STOP] No improvement in validation.
2025-08-18 22:16:35,880 [INFO] train: Saved history CSV models/history/cae_cae_20250818_221527_t1_lat64_hid512_lr0.000260797_bs512_m0.18_tr0.0497_val0.0694.csv
2025-08-18 22:16:35,880 [INFO] train: Saved meta JSON models/history/cae_cae_20250818_221527_t1_lat64_hid512_lr0.000260797_bs512_m0.18_tr0.0497_val0.0694.json
2025-08-18 22:16:35,880 [INFO] train: [DONE] Best val_loss = 0.069384
2025-08-18 22:16:36,167 [INFO] main: cuDNN benchmark mode ACTIVE (desactivated deterministic mode)
2025-08-18 22:16:36,167 [INFO] train: CAE | device=cuda:0 | hard_negatives=True | margin=0.094 | wd=8.2e-06 | b1=0.90 b2=0.900
2025-08-18 22:16:38,680 [INFO] train: [Epoch 01/50] train=0.050618 | val=0.043619 | lr=1.5e-05
2025-08-18 22:16:38,702 [INFO] train:   -> Improved val=0.043619 (train=0.050618)
2025-08-18 22:16:40,746 [INFO] train: [Epoch 02/50] train=0.038265 | val=0.034984 | lr=1.5e-05
2025-08-18 22:16:40,769 [INFO] train:   -> Improved val=0.034984 (train=0.038265)
2025-08-18 22:16:42,813 [INFO] train: [Epoch 03/50] train=0.032147 | val=0.031217 | lr=1.5e-05
2025-08-18 22:16:42,849 [INFO] train:   -> Improved val=0.031217 (train=0.032147)
2025-08-18 22:16:44,920 [INFO] train: [Epoch 04/50] train=0.029362 | val=0.029434 | lr=1.5e-05
2025-08-18 22:16:44,943 [INFO] train:   -> Improved val=0.029434 (train=0.029362)
2025-08-18 22:16:46,976 [INFO] train: [Epoch 05/50] train=0.027751 | val=0.028352 | lr=1.5e-05
2025-08-18 22:16:46,999 [INFO] train:   -> Improved val=0.028352 (train=0.027751)
2025-08-18 22:16:49,109 [INFO] train: [Epoch 06/50] train=0.026564 | val=0.027493 | lr=1.5e-05
2025-08-18 22:16:49,132 [INFO] train:   -> Improved val=0.027493 (train=0.026564)
2025-08-18 22:16:51,141 [INFO] train: [Epoch 07/50] train=0.025464 | val=0.026804 | lr=1.5e-05
2025-08-18 22:16:51,164 [INFO] train:   -> Improved val=0.026804 (train=0.025464)
2025-08-18 22:16:53,195 [INFO] train: [Epoch 08/50] train=0.024580 | val=0.026215 | lr=1.5e-05
2025-08-18 22:16:53,218 [INFO] train:   -> Improved val=0.026215 (train=0.024580)
2025-08-18 22:16:55,261 [INFO] train: [Epoch 09/50] train=0.023680 | val=0.025695 | lr=1.5e-05
2025-08-18 22:16:55,297 [INFO] train:   -> Improved val=0.025695 (train=0.023680)
2025-08-18 22:16:57,368 [INFO] train: [Epoch 10/50] train=0.022856 | val=0.025247 | lr=1.5e-05
2025-08-18 22:16:57,392 [INFO] train:   -> Improved val=0.025247 (train=0.022856)
2025-08-18 22:16:59,615 [INFO] train: [Epoch 11/50] train=0.022558 | val=0.024859 | lr=1.5e-05
2025-08-18 22:16:59,639 [INFO] train:   -> Improved val=0.024859 (train=0.022558)
2025-08-18 22:17:01,851 [INFO] train: [Epoch 12/50] train=0.022098 | val=0.024466 | lr=1.5e-05
2025-08-18 22:17:01,875 [INFO] train:   -> Improved val=0.024466 (train=0.022098)
2025-08-18 22:17:04,034 [INFO] train: [Epoch 13/50] train=0.021514 | val=0.024202 | lr=1.5e-05
2025-08-18 22:17:04,057 [INFO] train:   -> Improved val=0.024202 (train=0.021514)
2025-08-18 22:17:06,230 [INFO] train: [Epoch 14/50] train=0.021105 | val=0.023858 | lr=1.5e-05
2025-08-18 22:17:06,246 [INFO] train:   -> Improved val=0.023858 (train=0.021105)
2025-08-18 22:17:09,846 [INFO] train: [Epoch 15/50] train=0.020613 | val=0.023622 | lr=1.5e-05
2025-08-18 22:17:09,871 [INFO] train:   -> Improved val=0.023622 (train=0.020613)
2025-08-18 22:17:12,068 [INFO] train: [Epoch 16/50] train=0.020159 | val=0.023310 | lr=1.5e-05
2025-08-18 22:17:12,083 [INFO] train:   -> Improved val=0.023310 (train=0.020159)
2025-08-18 22:17:14,323 [INFO] train: [Epoch 17/50] train=0.019872 | val=0.023069 | lr=1.5e-05
2025-08-18 22:17:14,348 [INFO] train:   -> Improved val=0.023069 (train=0.019872)
2025-08-18 22:17:16,465 [INFO] train: [Epoch 18/50] train=0.019462 | val=0.022884 | lr=1.5e-05
2025-08-18 22:17:16,489 [INFO] train:   -> Improved val=0.022884 (train=0.019462)
2025-08-18 22:17:18,532 [INFO] train: [Epoch 19/50] train=0.019041 | val=0.022638 | lr=1.5e-05
2025-08-18 22:17:18,556 [INFO] train:   -> Improved val=0.022638 (train=0.019041)
2025-08-18 22:17:20,525 [INFO] train: [Epoch 20/50] train=0.018909 | val=0.022428 | lr=1.5e-05
2025-08-18 22:17:20,547 [INFO] train:   -> Improved val=0.022428 (train=0.018909)
2025-08-18 22:17:22,523 [INFO] train: [Epoch 21/50] train=0.018572 | val=0.022278 | lr=1.5e-05
2025-08-18 22:17:22,547 [INFO] train:   -> Improved val=0.022278 (train=0.018572)
2025-08-18 22:17:24,521 [INFO] train: [Epoch 22/50] train=0.018135 | val=0.022118 | lr=1.5e-05
2025-08-18 22:17:24,545 [INFO] train:   -> Improved val=0.022118 (train=0.018135)
2025-08-18 22:17:26,642 [INFO] train: [Epoch 23/50] train=0.017865 | val=0.021952 | lr=1.5e-05
2025-08-18 22:17:26,665 [INFO] train:   -> Improved val=0.021952 (train=0.017865)
2025-08-18 22:17:28,632 [INFO] train: [Epoch 24/50] train=0.017718 | val=0.021808 | lr=1.5e-05
2025-08-18 22:17:28,654 [INFO] train:   -> Improved val=0.021808 (train=0.017718)
2025-08-18 22:17:30,558 [INFO] train: [Epoch 25/50] train=0.017597 | val=0.021666 | lr=1.5e-05
2025-08-18 22:17:30,584 [INFO] train:   -> Improved val=0.021666 (train=0.017597)
2025-08-18 22:17:32,605 [INFO] train: [Epoch 26/50] train=0.017406 | val=0.021530 | lr=1.5e-05
2025-08-18 22:17:32,628 [INFO] train:   -> Improved val=0.021530 (train=0.017406)
2025-08-18 22:17:34,595 [INFO] train: [Epoch 27/50] train=0.016965 | val=0.021359 | lr=1.5e-05
2025-08-18 22:17:34,632 [INFO] train:   -> Improved val=0.021359 (train=0.016965)
2025-08-18 22:17:36,628 [INFO] train: [Epoch 28/50] train=0.016755 | val=0.021254 | lr=1.5e-05
2025-08-18 22:17:36,652 [INFO] train:   -> Improved val=0.021254 (train=0.016755)
2025-08-18 22:17:38,765 [INFO] train: [Epoch 29/50] train=0.016651 | val=0.021121 | lr=1.5e-05
2025-08-18 22:17:38,779 [INFO] train:   -> Improved val=0.021121 (train=0.016651)
2025-08-18 22:17:42,256 [INFO] train: [Epoch 30/50] train=0.016461 | val=0.021002 | lr=1.5e-05
2025-08-18 22:17:42,272 [INFO] train:   -> Improved val=0.021002 (train=0.016461)
2025-08-18 22:17:44,441 [INFO] train: [Epoch 31/50] train=0.016256 | val=0.020863 | lr=1.5e-05
2025-08-18 22:17:44,465 [INFO] train:   -> Improved val=0.020863 (train=0.016256)
2025-08-18 22:17:46,606 [INFO] train: [Epoch 32/50] train=0.016131 | val=0.020789 | lr=1.5e-05
2025-08-18 22:17:46,630 [INFO] train:   -> Improved val=0.020789 (train=0.016131)
2025-08-18 22:17:48,679 [INFO] train: [Epoch 33/50] train=0.015795 | val=0.020645 | lr=1.5e-05
2025-08-18 22:17:48,695 [INFO] train:   -> Improved val=0.020645 (train=0.015795)
2025-08-18 22:17:50,809 [INFO] train: [Epoch 34/50] train=0.015740 | val=0.020601 | lr=1.5e-05
2025-08-18 22:17:50,834 [INFO] train:   -> Improved val=0.020601 (train=0.015740)
2025-08-18 22:17:52,898 [INFO] train: [Epoch 35/50] train=0.015671 | val=0.020461 | lr=1.5e-05
2025-08-18 22:17:52,921 [INFO] train:   -> Improved val=0.020461 (train=0.015671)
2025-08-18 22:17:54,862 [INFO] train: [Epoch 36/50] train=0.015554 | val=0.020380 | lr=1.5e-05
2025-08-18 22:17:54,885 [INFO] train:   -> Improved val=0.020380 (train=0.015554)
2025-08-18 22:17:56,965 [INFO] train: [Epoch 37/50] train=0.015161 | val=0.020300 | lr=1.5e-05
2025-08-18 22:17:56,987 [INFO] train:   -> Improved val=0.020300 (train=0.015161)
2025-08-18 22:17:59,035 [INFO] train: [Epoch 38/50] train=0.015107 | val=0.020211 | lr=1.5e-05
2025-08-18 22:17:59,058 [INFO] train:   -> Improved val=0.020211 (train=0.015107)
2025-08-18 22:18:01,184 [INFO] train: [Epoch 39/50] train=0.014981 | val=0.020135 | lr=1.5e-05
2025-08-18 22:18:01,212 [INFO] train:   -> Improved val=0.020135 (train=0.014981)
2025-08-18 22:18:03,425 [INFO] train: [Epoch 40/50] train=0.015088 | val=0.020066 | lr=1.5e-05
2025-08-18 22:18:03,449 [INFO] train:   -> Improved val=0.020066 (train=0.015088)
2025-08-18 22:18:05,555 [INFO] train: [Epoch 41/50] train=0.014603 | val=0.019984 | lr=1.5e-05
2025-08-18 22:18:05,579 [INFO] train:   -> Improved val=0.019984 (train=0.014603)
2025-08-18 22:18:07,739 [INFO] train: [Epoch 42/50] train=0.014689 | val=0.019955 | lr=1.5e-05
2025-08-18 22:18:07,754 [INFO] train:   -> Improved val=0.019955 (train=0.014689)
2025-08-18 22:18:09,915 [INFO] train: [Epoch 43/50] train=0.014539 | val=0.019908 | lr=1.5e-05
2025-08-18 22:18:09,938 [INFO] train:   -> Improved val=0.019908 (train=0.014539)
2025-08-18 22:18:12,056 [INFO] train: [Epoch 44/50] train=0.014497 | val=0.019850 | lr=1.5e-05
2025-08-18 22:18:12,080 [INFO] train:   -> Improved val=0.019850 (train=0.014497)
2025-08-18 22:18:15,552 [INFO] train: [Epoch 45/50] train=0.014462 | val=0.019782 | lr=1.5e-05
2025-08-18 22:18:15,567 [INFO] train:   -> Improved val=0.019782 (train=0.014462)
2025-08-18 22:18:17,889 [INFO] train: [Epoch 46/50] train=0.014128 | val=0.019803 | lr=1.5e-05
2025-08-18 22:18:19,968 [INFO] train: [Epoch 47/50] train=0.014069 | val=0.019689 | lr=1.5e-05
2025-08-18 22:18:19,991 [INFO] train:   -> Improved val=0.019689 (train=0.014069)
2025-08-18 22:18:22,163 [INFO] train: [Epoch 48/50] train=0.013874 | val=0.019599 | lr=1.5e-05
2025-08-18 22:18:22,191 [INFO] train:   -> Improved val=0.019599 (train=0.013874)
2025-08-18 22:18:24,309 [INFO] train: [Epoch 49/50] train=0.013772 | val=0.019528 | lr=1.5e-05
2025-08-18 22:18:24,324 [INFO] train:   -> Improved val=0.019528 (train=0.013772)
2025-08-18 22:18:26,369 [INFO] train: [Epoch 50/50] train=0.013809 | val=0.019490 | lr=1.5e-05
2025-08-18 22:18:26,392 [INFO] train:   -> Improved val=0.019490 (train=0.013809)
2025-08-18 22:18:26,393 [INFO] train: Saved history CSV models/history/cae_cae_20250818_221527_t2_lat160_hid256_lr1.49821e-05_bs256_m0.09_tr0.0138_val0.0195.csv
2025-08-18 22:18:26,393 [INFO] train: Saved meta JSON models/history/cae_cae_20250818_221527_t2_lat160_hid256_lr1.49821e-05_bs256_m0.09_tr0.0138_val0.0195.json
2025-08-18 22:18:26,393 [INFO] train: [DONE] Best val_loss = 0.019490
2025-08-18 22:18:26,658 [INFO] main: cuDNN benchmark mode ACTIVE (desactivated deterministic mode)
2025-08-18 22:18:26,658 [INFO] train: CAE | device=cuda:0 | hard_negatives=False | margin=0.473 | wd=2.1e-04 | b1=0.90 b2=0.900
2025-08-18 22:18:28,197 [INFO] train: [Epoch 01/50] train=0.046560 | val=0.027530 | lr=0.000253
2025-08-18 22:18:28,220 [INFO] train:   -> Improved val=0.027530 (train=0.046560)
2025-08-18 22:18:29,341 [INFO] train: [Epoch 02/50] train=0.021977 | val=0.025382 | lr=0.000253
2025-08-18 22:18:29,363 [INFO] train:   -> Improved val=0.025382 (train=0.021977)
2025-08-18 22:18:30,633 [INFO] train: [Epoch 03/50] train=0.018103 | val=0.024540 | lr=0.000253
2025-08-18 22:18:30,669 [INFO] train:   -> Improved val=0.024540 (train=0.018103)
2025-08-18 22:18:32,116 [INFO] train: [Epoch 04/50] train=0.015556 | val=0.024693 | lr=0.000253
2025-08-18 22:18:33,455 [INFO] train: [Epoch 05/50] train=0.013569 | val=0.024349 | lr=0.000253
2025-08-18 22:18:33,479 [INFO] train:   -> Improved val=0.024349 (train=0.013569)
2025-08-18 22:18:34,797 [INFO] train: [Epoch 06/50] train=0.011934 | val=0.024505 | lr=0.000253
2025-08-18 22:18:36,166 [INFO] train: [Epoch 07/50] train=0.010364 | val=0.024708 | lr=0.000253
2025-08-18 22:18:37,593 [INFO] train: [Epoch 08/50] train=0.008952 | val=0.024943 | lr=0.000253
2025-08-18 22:18:38,948 [INFO] train: [Epoch 09/50] train=0.007768 | val=0.024882 | lr=0.000253
2025-08-18 22:18:40,320 [INFO] train: [Epoch 10/50] train=0.006619 | val=0.025583 | lr=0.000253
2025-08-18 22:18:41,700 [INFO] train: [Epoch 11/50] train=0.005754 | val=0.026142 | lr=0.000253
2025-08-18 22:18:43,101 [INFO] train: [Epoch 12/50] train=0.003993 | val=0.025832 | lr=0.000167
2025-08-18 22:18:43,122 [INFO] train: [EARLY STOP] No improvement in validation.
2025-08-18 22:18:43,124 [INFO] train: Saved history CSV models/history/cae_cae_20250818_221527_t3_lat192_hid512_lr0.000253307_bs512_m0.47_tr0.0136_val0.0243.csv
2025-08-18 22:18:43,124 [INFO] train: Saved meta JSON models/history/cae_cae_20250818_221527_t3_lat192_hid512_lr0.000253307_bs512_m0.47_tr0.0136_val0.0243.json
2025-08-18 22:18:43,124 [INFO] train: [DONE] Best val_loss = 0.024349
2025-08-18 22:18:43,403 [INFO] main: cuDNN benchmark mode ACTIVE (desactivated deterministic mode)
2025-08-18 22:18:43,403 [INFO] train: CAE | device=cuda:0 | hard_negatives=True | margin=0.411 | wd=2.6e-06 | b1=0.90 b2=0.900
2025-08-18 22:18:45,072 [INFO] train: [Epoch 01/50] train=0.245134 | val=0.233394 | lr=0.00172
2025-08-18 22:18:45,095 [INFO] train:   -> Improved val=0.233394 (train=0.245134)
2025-08-18 22:18:46,271 [INFO] train: [Epoch 02/50] train=0.217575 | val=0.224101 | lr=0.00172
2025-08-18 22:18:46,285 [INFO] train:   -> Improved val=0.224101 (train=0.217575)
2025-08-18 22:18:48,888 [INFO] train: [Epoch 03/50] train=0.207333 | val=0.221342 | lr=0.00172
2025-08-18 22:18:48,924 [WARNING] train: report_cb failed: 
2025-08-18 22:18:48,926 [INFO] train:   -> Improved val=0.221342 (train=0.207333)
2025-08-18 22:18:50,373 [INFO] train: [Epoch 04/50] train=0.200788 | val=0.219328 | lr=0.00172
2025-08-18 22:18:50,398 [INFO] train:   -> Improved val=0.219328 (train=0.200788)
2025-08-18 22:18:51,907 [INFO] train: [Epoch 05/50] train=0.195448 | val=0.217280 | lr=0.00172
2025-08-18 22:18:51,922 [INFO] train:   -> Improved val=0.217280 (train=0.195448)
2025-08-18 22:18:53,233 [INFO] train: [Epoch 06/50] train=0.191028 | val=0.217139 | lr=0.00172
2025-08-18 22:18:54,665 [INFO] train: [Epoch 07/50] train=0.186926 | val=0.217562 | lr=0.00172
2025-08-18 22:18:56,173 [INFO] train: [Epoch 08/50] train=0.183532 | val=0.216763 | lr=0.00172
2025-08-18 22:18:56,196 [INFO] train:   -> Improved val=0.216763 (train=0.183532)
2025-08-18 22:18:57,554 [INFO] train: [Epoch 09/50] train=0.180245 | val=0.216768 | lr=0.00172
2025-08-18 22:18:57,588 [WARNING] train: report_cb failed: 
2025-08-18 22:18:58,941 [INFO] train: [Epoch 10/50] train=0.177141 | val=0.216530 | lr=0.00172
2025-08-18 22:18:58,963 [INFO] train:   -> Improved val=0.216530 (train=0.177141)
2025-08-18 22:19:00,333 [INFO] train: [Epoch 11/50] train=0.175161 | val=0.216803 | lr=0.00172
2025-08-18 22:19:01,713 [INFO] train: [Epoch 12/50] train=0.171995 | val=0.216755 | lr=0.00172
2025-08-18 22:19:03,183 [INFO] train: [Epoch 13/50] train=0.170358 | val=0.216469 | lr=0.00172
2025-08-18 22:19:04,595 [INFO] train: [Epoch 14/50] train=0.169064 | val=0.216450 | lr=0.00172
2025-08-18 22:19:05,967 [INFO] train: [Epoch 15/50] train=0.166809 | val=0.216708 | lr=0.00172
2025-08-18 22:19:07,493 [INFO] train: [Epoch 16/50] train=0.164977 | val=0.217282 | lr=0.00172
2025-08-18 22:19:08,887 [INFO] train: [Epoch 17/50] train=0.163728 | val=0.217420 | lr=0.00172
2025-08-18 22:19:10,293 [INFO] train: [Epoch 18/50] train=0.161667 | val=0.217682 | lr=0.00172
2025-08-18 22:19:11,794 [INFO] train: [Epoch 19/50] train=0.153749 | val=0.215479 | lr=0.000569
2025-08-18 22:19:11,818 [INFO] train:   -> Improved val=0.215479 (train=0.153749)
2025-08-18 22:19:13,233 [INFO] train: [Epoch 20/50] train=0.150829 | val=0.215385 | lr=0.000569
2025-08-18 22:19:14,618 [INFO] train: [Epoch 21/50] train=0.149464 | val=0.215813 | lr=0.000569
2025-08-18 22:19:16,044 [INFO] train: [Epoch 22/50] train=0.148695 | val=0.216468 | lr=0.000569
2025-08-18 22:19:17,395 [INFO] train: [Epoch 23/50] train=0.147969 | val=0.216772 | lr=0.000569
2025-08-18 22:19:18,754 [INFO] train: [Epoch 24/50] train=0.146685 | val=0.216998 | lr=0.000569
2025-08-18 22:19:20,327 [INFO] train: [Epoch 25/50] train=0.146798 | val=0.217242 | lr=0.000569
2025-08-18 22:19:23,153 [INFO] train: [Epoch 26/50] train=0.144093 | val=0.216858 | lr=0.000188
2025-08-18 22:19:24,673 [INFO] train: [Epoch 27/50] train=0.142316 | val=0.216947 | lr=0.000188
2025-08-18 22:19:24,700 [WARNING] train: report_cb failed: 
2025-08-18 22:19:26,163 [INFO] train: [Epoch 28/50] train=0.142558 | val=0.216843 | lr=0.000188
2025-08-18 22:19:27,679 [INFO] train: [Epoch 29/50] train=0.141241 | val=0.217027 | lr=0.000188
2025-08-18 22:19:27,701 [INFO] train: [EARLY STOP] No improvement in validation.
2025-08-18 22:19:27,703 [INFO] train: Saved history CSV models/history/cae_cae_20250818_221527_t4_lat128_hid512_lr0.0017248_bs512_m0.41_tr0.1537_val0.2155.csv
2025-08-18 22:19:27,703 [INFO] train: Saved meta JSON models/history/cae_cae_20250818_221527_t4_lat128_hid512_lr0.0017248_bs512_m0.41_tr0.1537_val0.2155.json
2025-08-18 22:19:27,703 [INFO] train: [DONE] Best val_loss = 0.215479
2025-08-18 22:19:27,976 [INFO] main: cuDNN benchmark mode ACTIVE (desactivated deterministic mode)
2025-08-18 22:19:27,976 [INFO] train: CAE | device=cuda:0 | hard_negatives=True | margin=0.199 | wd=7.4e-05 | b1=0.90 b2=0.900
2025-08-18 22:19:29,518 [INFO] train: [Epoch 01/50] train=0.107793 | val=0.084194 | lr=1.58e-05
2025-08-18 22:19:29,540 [INFO] train:   -> Improved val=0.084194 (train=0.107793)
2025-08-18 22:19:30,761 [INFO] train: [Epoch 02/50] train=0.079993 | val=0.078899 | lr=1.58e-05
2025-08-18 22:19:30,784 [INFO] train:   -> Improved val=0.078899 (train=0.079993)
2025-08-18 22:19:32,033 [INFO] train: [Epoch 03/50] train=0.076034 | val=0.076381 | lr=1.58e-05
2025-08-18 22:19:32,066 [WARNING] train: report_cb failed: 
2025-08-18 22:19:32,068 [INFO] train:   -> Improved val=0.076381 (train=0.076034)
2025-08-18 22:19:33,358 [INFO] train: [Epoch 04/50] train=0.073275 | val=0.074531 | lr=1.58e-05
2025-08-18 22:19:33,382 [INFO] train:   -> Improved val=0.074531 (train=0.073275)
2025-08-18 22:19:34,792 [INFO] train: [Epoch 05/50] train=0.071163 | val=0.073154 | lr=1.58e-05
2025-08-18 22:19:34,815 [INFO] train:   -> Improved val=0.073154 (train=0.071163)
2025-08-18 22:19:36,077 [INFO] train: [Epoch 06/50] train=0.068969 | val=0.072064 | lr=1.58e-05
2025-08-18 22:19:36,094 [INFO] train:   -> Improved val=0.072064 (train=0.068969)
2025-08-18 22:19:37,415 [INFO] train: [Epoch 07/50] train=0.067583 | val=0.071120 | lr=1.58e-05
2025-08-18 22:19:37,434 [INFO] train:   -> Improved val=0.071120 (train=0.067583)
2025-08-18 22:19:38,841 [INFO] train: [Epoch 08/50] train=0.066309 | val=0.070334 | lr=1.58e-05
2025-08-18 22:19:38,865 [INFO] train:   -> Improved val=0.070334 (train=0.066309)
2025-08-18 22:19:40,139 [INFO] train: [Epoch 09/50] train=0.064980 | val=0.069566 | lr=1.58e-05
2025-08-18 22:19:40,174 [WARNING] train: report_cb failed: 
2025-08-18 22:19:40,175 [INFO] train:   -> Improved val=0.069566 (train=0.064980)
2025-08-18 22:19:41,441 [INFO] train: [Epoch 10/50] train=0.063391 | val=0.068947 | lr=1.58e-05
2025-08-18 22:19:41,464 [INFO] train:   -> Improved val=0.068947 (train=0.063391)
2025-08-18 22:19:42,785 [INFO] train: [Epoch 11/50] train=0.062771 | val=0.068422 | lr=1.58e-05
2025-08-18 22:19:42,809 [INFO] train:   -> Improved val=0.068422 (train=0.062771)
2025-08-18 22:19:44,143 [INFO] train: [Epoch 12/50] train=0.061423 | val=0.067948 | lr=1.58e-05
2025-08-18 22:19:44,167 [INFO] train:   -> Improved val=0.067948 (train=0.061423)
2025-08-18 22:19:45,599 [INFO] train: [Epoch 13/50] train=0.060739 | val=0.067487 | lr=1.58e-05
2025-08-18 22:19:45,623 [INFO] train:   -> Improved val=0.067487 (train=0.060739)
2025-08-18 22:19:46,905 [INFO] train: [Epoch 14/50] train=0.060286 | val=0.067038 | lr=1.58e-05
2025-08-18 22:19:48,184 [INFO] train: [Epoch 15/50] train=0.059492 | val=0.066736 | lr=1.58e-05
2025-08-18 22:19:48,200 [INFO] train:   -> Improved val=0.066736 (train=0.059492)
2025-08-18 22:19:49,517 [INFO] train: [Epoch 16/50] train=0.058450 | val=0.066457 | lr=1.58e-05
2025-08-18 22:19:50,752 [INFO] train: [Epoch 17/50] train=0.057973 | val=0.066037 | lr=1.58e-05
2025-08-18 22:19:50,776 [INFO] train:   -> Improved val=0.066037 (train=0.057973)
2025-08-18 22:19:52,089 [INFO] train: [Epoch 18/50] train=0.057070 | val=0.065796 | lr=1.58e-05
2025-08-18 22:19:53,345 [INFO] train: [Epoch 19/50] train=0.056973 | val=0.065501 | lr=1.58e-05
2025-08-18 22:19:53,361 [INFO] train:   -> Improved val=0.065501 (train=0.056973)
2025-08-18 22:19:54,595 [INFO] train: [Epoch 20/50] train=0.055828 | val=0.065260 | lr=1.58e-05
2025-08-18 22:19:57,247 [INFO] train: [Epoch 21/50] train=0.055754 | val=0.064910 | lr=1.58e-05
2025-08-18 22:19:57,273 [INFO] train:   -> Improved val=0.064910 (train=0.055754)
2025-08-18 22:19:58,664 [INFO] train: [Epoch 22/50] train=0.055337 | val=0.064670 | lr=1.58e-05
2025-08-18 22:20:00,094 [INFO] train: [Epoch 23/50] train=0.054729 | val=0.064415 | lr=1.58e-05
2025-08-18 22:20:00,120 [INFO] train:   -> Improved val=0.064415 (train=0.054729)
2025-08-18 22:20:01,540 [INFO] train: [Epoch 24/50] train=0.054414 | val=0.064264 | lr=1.58e-05
2025-08-18 22:20:02,910 [INFO] train: [Epoch 25/50] train=0.053604 | val=0.064057 | lr=1.58e-05
2025-08-18 22:20:04,247 [INFO] train: [Epoch 26/50] train=0.053124 | val=0.063893 | lr=1.58e-05
2025-08-18 22:20:04,269 [INFO] train:   -> Improved val=0.063893 (train=0.053124)
2025-08-18 22:20:05,457 [INFO] train: [Epoch 27/50] train=0.052696 | val=0.063755 | lr=1.58e-05
2025-08-18 22:20:05,489 [WARNING] train: report_cb failed: 
2025-08-18 22:20:06,880 [INFO] train: [Epoch 28/50] train=0.052190 | val=0.063634 | lr=1.58e-05
2025-08-18 22:20:08,216 [INFO] train: [Epoch 29/50] train=0.051798 | val=0.063522 | lr=1.58e-05
2025-08-18 22:20:09,428 [INFO] train: [Epoch 30/50] train=0.051493 | val=0.063388 | lr=1.58e-05
2025-08-18 22:20:09,452 [INFO] train:   -> Improved val=0.063388 (train=0.051493)
2025-08-18 22:20:10,793 [INFO] train: [Epoch 31/50] train=0.051344 | val=0.063205 | lr=1.58e-05
2025-08-18 22:20:12,143 [INFO] train: [Epoch 32/50] train=0.050427 | val=0.063064 | lr=1.58e-05
2025-08-18 22:20:13,462 [INFO] train: [Epoch 33/50] train=0.050342 | val=0.062989 | lr=1.58e-05
2025-08-18 22:20:14,715 [INFO] train: [Epoch 34/50] train=0.050303 | val=0.062912 | lr=1.58e-05
2025-08-18 22:20:14,739 [INFO] train:   -> Improved val=0.062912 (train=0.050303)
2025-08-18 22:20:16,132 [INFO] train: [Epoch 35/50] train=0.049816 | val=0.062734 | lr=1.58e-05
2025-08-18 22:20:17,450 [INFO] train: [Epoch 36/50] train=0.049380 | val=0.062672 | lr=1.58e-05
2025-08-18 22:20:18,694 [INFO] train: [Epoch 37/50] train=0.049097 | val=0.062536 | lr=1.58e-05
2025-08-18 22:20:20,123 [INFO] train: [Epoch 38/50] train=0.048603 | val=0.062492 | lr=1.58e-05
2025-08-18 22:20:21,479 [INFO] train: [Epoch 39/50] train=0.048577 | val=0.062415 | lr=1.58e-05
2025-08-18 22:20:21,502 [INFO] train:   -> Improved val=0.062415 (train=0.048577)
2025-08-18 22:20:22,857 [INFO] train: [Epoch 40/50] train=0.048192 | val=0.062348 | lr=1.58e-05
2025-08-18 22:20:24,232 [INFO] train: [Epoch 41/50] train=0.048118 | val=0.062280 | lr=1.58e-05
2025-08-18 22:20:25,579 [INFO] train: [Epoch 42/50] train=0.047641 | val=0.062189 | lr=1.58e-05
2025-08-18 22:20:26,986 [INFO] train: [Epoch 43/50] train=0.047308 | val=0.062091 | lr=1.58e-05
2025-08-18 22:20:29,783 [INFO] train: [Epoch 44/50] train=0.047186 | val=0.062089 | lr=1.58e-05
2025-08-18 22:20:29,807 [INFO] train: [EARLY STOP] No improvement in validation.
2025-08-18 22:20:29,811 [INFO] train: Saved history CSV models/history/cae_cae_20250818_221527_t5_lat192_hid1024_lr1.58433e-05_bs512_m0.20_tr0.0486_val0.0624.csv
2025-08-18 22:20:29,811 [INFO] train: Saved meta JSON models/history/cae_cae_20250818_221527_t5_lat192_hid1024_lr1.58433e-05_bs512_m0.20_tr0.0486_val0.0624.json
2025-08-18 22:20:29,811 [INFO] train: [DONE] Best val_loss = 0.062415
2025-08-18 22:20:30,105 [INFO] main: cuDNN benchmark mode ACTIVE (desactivated deterministic mode)
2025-08-18 22:20:30,106 [INFO] train: CAE | device=cuda:0 | hard_negatives=False | margin=0.242 | wd=3.7e-05 | b1=0.90 b2=0.900
2025-08-18 22:20:32,428 [INFO] train: [Epoch 01/50] train=0.008752 | val=0.007014 | lr=0.00113
2025-08-18 22:20:32,447 [INFO] train:   -> Improved val=0.007014 (train=0.008752)
2025-08-18 22:20:34,402 [INFO] train: [Epoch 02/50] train=0.004570 | val=0.006283 | lr=0.00113
2025-08-18 22:20:34,427 [INFO] train:   -> Improved val=0.006283 (train=0.004570)
2025-08-18 22:20:36,249 [INFO] train: [Epoch 03/50] train=0.003169 | val=0.006330 | lr=0.00113
2025-08-18 22:20:37,993 [INFO] train: [Epoch 04/50] train=0.002565 | val=0.006423 | lr=0.00113
2025-08-18 22:20:39,759 [INFO] train: [Epoch 05/50] train=0.001067 | val=0.005361 | lr=0.000351
2025-08-18 22:20:39,780 [INFO] train:   -> Improved val=0.005361 (train=0.001067)
2025-08-18 22:20:41,602 [INFO] train: [Epoch 06/50] train=0.000385 | val=0.005477 | lr=0.000351
2025-08-18 22:20:43,487 [INFO] train: [Epoch 07/50] train=0.000302 | val=0.005385 | lr=0.000351
2025-08-18 22:20:45,410 [INFO] train: [Epoch 08/50] train=0.000103 | val=0.005270 | lr=0.000109
2025-08-18 22:20:45,425 [INFO] train:   -> Improved val=0.005270 (train=0.000103)
2025-08-18 22:20:47,410 [INFO] train: [Epoch 09/50] train=0.000038 | val=0.005276 | lr=0.000109
2025-08-18 22:20:49,388 [INFO] train: [Epoch 10/50] train=0.000031 | val=0.005393 | lr=0.000109
2025-08-18 22:20:51,315 [INFO] train: [Epoch 11/50] train=0.000014 | val=0.005260 | lr=3.37e-05
2025-08-18 22:20:51,336 [INFO] train: [EARLY STOP] No improvement in validation.
2025-08-18 22:20:51,339 [INFO] train: Saved history CSV models/history/cae_cae_20250818_221527_t6_lat32_hid768_lr0.00113067_bs256_m0.24_tr0.0001_val0.0053.csv
2025-08-18 22:20:51,339 [INFO] train: Saved meta JSON models/history/cae_cae_20250818_221527_t6_lat32_hid768_lr0.00113067_bs256_m0.24_tr0.0001_val0.0053.json
2025-08-18 22:20:51,339 [INFO] train: [DONE] Best val_loss = 0.005270
2025-08-18 22:20:51,621 [INFO] main: cuDNN benchmark mode ACTIVE (desactivated deterministic mode)
2025-08-18 22:20:51,621 [INFO] train: CAE | device=cuda:0 | hard_negatives=True | margin=0.468 | wd=3.0e-06 | b1=0.90 b2=0.900
2025-08-18 22:20:53,470 [INFO] train: [Epoch 01/50] train=0.311956 | val=0.295187 | lr=0.00109
2025-08-18 22:20:53,495 [INFO] train:   -> Improved val=0.295187 (train=0.311956)
2025-08-18 22:20:54,959 [INFO] train: [Epoch 02/50] train=0.279712 | val=0.288967 | lr=0.00109
2025-08-18 22:20:54,985 [INFO] train:   -> Improved val=0.288967 (train=0.279712)
2025-08-18 22:20:56,407 [INFO] train: [Epoch 03/50] train=0.269924 | val=0.285858 | lr=0.00109
2025-08-18 22:20:56,440 [WARNING] train: report_cb failed: 
2025-08-18 22:20:56,442 [INFO] train:   -> Improved val=0.285858 (train=0.269924)
2025-08-18 22:20:57,853 [INFO] train: [Epoch 04/50] train=0.262621 | val=0.283400 | lr=0.00109
2025-08-18 22:20:57,876 [INFO] train:   -> Improved val=0.283400 (train=0.262621)
2025-08-18 22:20:59,249 [INFO] train: [Epoch 05/50] train=0.256348 | val=0.281736 | lr=0.00109
2025-08-18 22:20:59,273 [INFO] train:   -> Improved val=0.281736 (train=0.256348)
2025-08-18 22:21:00,853 [INFO] train: [Epoch 06/50] train=0.251278 | val=0.280874 | lr=0.00109
2025-08-18 22:21:00,878 [INFO] train:   -> Improved val=0.280874 (train=0.251278)
2025-08-18 22:21:03,512 [INFO] train: [Epoch 07/50] train=0.247891 | val=0.279792 | lr=0.00109
2025-08-18 22:21:03,536 [INFO] train:   -> Improved val=0.279792 (train=0.247891)
2025-08-18 22:21:04,957 [INFO] train: [Epoch 08/50] train=0.243236 | val=0.280048 | lr=0.00109
2025-08-18 22:21:06,341 [INFO] train: [Epoch 09/50] train=0.239822 | val=0.279639 | lr=0.00109
2025-08-18 22:21:06,377 [WARNING] train: report_cb failed: 
2025-08-18 22:21:07,754 [INFO] train: [Epoch 10/50] train=0.236016 | val=0.279203 | lr=0.00109
2025-08-18 22:21:09,194 [INFO] train: [Epoch 11/50] train=0.233877 | val=0.279539 | lr=0.00109
2025-08-18 22:21:10,511 [INFO] train: [Epoch 12/50] train=0.230415 | val=0.279749 | lr=0.00109
2025-08-18 22:21:11,793 [INFO] train: [Epoch 13/50] train=0.228535 | val=0.279820 | lr=0.00109
2025-08-18 22:21:13,178 [INFO] train: [Epoch 14/50] train=0.226529 | val=0.279858 | lr=0.00109
2025-08-18 22:21:14,471 [INFO] train: [Epoch 15/50] train=0.223365 | val=0.280754 | lr=0.00109
2025-08-18 22:21:14,490 [INFO] train: [EARLY STOP] No improvement in validation.
2025-08-18 22:21:14,492 [INFO] train: Saved history CSV models/history/cae_cae_20250818_221527_t7_lat64_hid512_lr0.00109449_bs512_m0.47_tr0.2479_val0.2798.csv
2025-08-18 22:21:14,492 [INFO] train: Saved meta JSON models/history/cae_cae_20250818_221527_t7_lat64_hid512_lr0.00109449_bs512_m0.47_tr0.2479_val0.2798.json
2025-08-18 22:21:14,492 [INFO] train: [DONE] Best val_loss = 0.279792
2025-08-18 22:21:14,799 [INFO] main: cuDNN benchmark mode ACTIVE (desactivated deterministic mode)
2025-08-18 22:21:14,800 [INFO] train: CAE | device=cuda:0 | hard_negatives=False | margin=0.437 | wd=2.8e-04 | b1=0.90 b2=0.900
2025-08-18 22:21:16,223 [INFO] train: [Epoch 01/50] train=0.044565 | val=0.025373 | lr=7.22e-05
2025-08-18 22:21:16,237 [INFO] train:   -> Improved val=0.025373 (train=0.044565)
2025-08-18 22:21:17,359 [INFO] train: [Epoch 02/50] train=0.020592 | val=0.022546 | lr=7.22e-05
2025-08-18 22:21:17,375 [INFO] train:   -> Improved val=0.022546 (train=0.020592)
2025-08-18 22:21:18,500 [INFO] train: [Epoch 03/50] train=0.016824 | val=0.021529 | lr=7.22e-05
2025-08-18 22:21:18,534 [INFO] train:   -> Improved val=0.021529 (train=0.016824)
2025-08-18 22:21:19,702 [INFO] train: [Epoch 04/50] train=0.014517 | val=0.020766 | lr=7.22e-05
2025-08-18 22:21:19,726 [INFO] train:   -> Improved val=0.020766 (train=0.014517)
2025-08-18 22:21:20,983 [INFO] train: [Epoch 05/50] train=0.012785 | val=0.020547 | lr=7.22e-05
2025-08-18 22:21:21,012 [INFO] train:   -> Improved val=0.020547 (train=0.012785)
2025-08-18 22:21:22,165 [INFO] train: [Epoch 06/50] train=0.011422 | val=0.020380 | lr=7.22e-05
2025-08-18 22:21:22,188 [INFO] train:   -> Improved val=0.020380 (train=0.011422)
2025-08-18 22:21:23,318 [INFO] train: [Epoch 07/50] train=0.010271 | val=0.020207 | lr=7.22e-05
2025-08-18 22:21:23,336 [INFO] train:   -> Improved val=0.020207 (train=0.010271)
2025-08-18 22:21:24,539 [INFO] train: [Epoch 08/50] train=0.009283 | val=0.020257 | lr=7.22e-05
2025-08-18 22:21:25,809 [INFO] train: [Epoch 09/50] train=0.008420 | val=0.020347 | lr=7.22e-05
2025-08-18 22:21:27,053 [INFO] train: [Epoch 10/50] train=0.007606 | val=0.020237 | lr=7.22e-05
2025-08-18 22:21:28,291 [INFO] train: [Epoch 11/50] train=0.006836 | val=0.020404 | lr=7.22e-05
2025-08-18 22:21:29,490 [INFO] train: [Epoch 12/50] train=0.005497 | val=0.020176 | lr=2.18e-05
2025-08-18 22:21:30,760 [INFO] train: [Epoch 13/50] train=0.005109 | val=0.020340 | lr=2.18e-05
2025-08-18 22:21:31,917 [INFO] train: [Epoch 14/50] train=0.004810 | val=0.020349 | lr=2.18e-05
2025-08-18 22:21:31,939 [INFO] train: [EARLY STOP] No improvement in validation.
2025-08-18 22:21:31,943 [INFO] train: Saved history CSV models/history/cae_cae_20250818_221527_t8_lat224_hid1024_lr7.21576e-05_bs512_m0.44_tr0.0103_val0.0202.csv
2025-08-18 22:21:31,943 [INFO] train: Saved meta JSON models/history/cae_cae_20250818_221527_t8_lat224_hid1024_lr7.21576e-05_bs512_m0.44_tr0.0103_val0.0202.json
2025-08-18 22:21:31,943 [INFO] train: [DONE] Best val_loss = 0.020207
2025-08-18 22:21:32,209 [INFO] main: cuDNN benchmark mode ACTIVE (desactivated deterministic mode)
2025-08-18 22:21:32,209 [INFO] train: CAE | device=cuda:0 | hard_negatives=False | margin=0.274 | wd=5.7e-06 | b1=0.90 b2=0.900
2025-08-18 22:21:34,258 [INFO] train: [Epoch 01/50] train=0.009134 | val=0.008663 | lr=0.00079
2025-08-18 22:21:34,273 [INFO] train:   -> Improved val=0.008663 (train=0.009134)
2025-08-18 22:21:37,223 [INFO] train: [Epoch 02/50] train=0.004360 | val=0.006822 | lr=0.00079
2025-08-18 22:21:37,248 [INFO] train:   -> Improved val=0.006822 (train=0.004360)
2025-08-18 22:21:39,152 [INFO] train: [Epoch 03/50] train=0.002644 | val=0.006812 | lr=0.00079
2025-08-18 22:21:41,006 [INFO] train: [Epoch 04/50] train=0.001758 | val=0.006983 | lr=0.00079
2025-08-18 22:21:42,854 [INFO] train: [Epoch 05/50] train=0.001346 | val=0.006826 | lr=0.00079
2025-08-18 22:21:44,733 [INFO] train: [Epoch 06/50] train=0.000489 | val=0.006162 | lr=0.000332
2025-08-18 22:21:44,756 [INFO] train:   -> Improved val=0.006162 (train=0.000489)
2025-08-18 22:21:46,562 [INFO] train: [Epoch 07/50] train=0.000200 | val=0.006370 | lr=0.000332
2025-08-18 22:21:48,382 [INFO] train: [Epoch 08/50] train=0.000164 | val=0.006389 | lr=0.000332
2025-08-18 22:21:50,133 [INFO] train: [Epoch 09/50] train=0.000068 | val=0.006073 | lr=0.00014
2025-08-18 22:21:50,171 [INFO] train:   -> Improved val=0.006073 (train=0.000068)
2025-08-18 22:21:52,002 [INFO] train: [Epoch 10/50] train=0.000024 | val=0.006268 | lr=0.00014
2025-08-18 22:21:53,893 [INFO] train: [Epoch 11/50] train=0.000028 | val=0.006016 | lr=0.00014
2025-08-18 22:21:53,917 [INFO] train:   -> Improved val=0.006016 (train=0.000028)
2025-08-18 22:21:55,945 [INFO] train: [Epoch 12/50] train=0.000022 | val=0.006100 | lr=0.00014
2025-08-18 22:21:57,812 [INFO] train: [Epoch 13/50] train=0.000023 | val=0.005769 | lr=0.00014
2025-08-18 22:21:57,836 [INFO] train:   -> Improved val=0.005769 (train=0.000023)
2025-08-18 22:21:59,815 [INFO] train: [Epoch 14/50] train=0.000026 | val=0.005949 | lr=0.00014
2025-08-18 22:22:01,864 [INFO] train: [Epoch 15/50] train=0.000030 | val=0.005942 | lr=0.00014
2025-08-18 22:22:03,747 [INFO] train: [Epoch 16/50] train=0.000011 | val=0.005899 | lr=5.86e-05
2025-08-18 22:22:05,611 [INFO] train: [Epoch 17/50] train=0.000005 | val=0.005853 | lr=5.86e-05
2025-08-18 22:22:07,693 [INFO] train: [Epoch 18/50] train=0.000002 | val=0.005914 | lr=2.47e-05
2025-08-18 22:22:07,717 [INFO] train: [EARLY STOP] No improvement in validation.
2025-08-18 22:22:07,719 [INFO] train: Saved history CSV models/history/cae_cae_20250818_221527_t9_lat96_hid768_lr0.000789636_bs256_m0.27_tr0.0000_val0.0058.csv
2025-08-18 22:22:07,719 [INFO] train: Saved meta JSON models/history/cae_cae_20250818_221527_t9_lat96_hid768_lr0.000789636_bs256_m0.27_tr0.0000_val0.0058.json
2025-08-18 22:22:07,719 [INFO] train: [DONE] Best val_loss = 0.005769
2025-08-18 22:22:08,011 [INFO] main: cuDNN benchmark mode ACTIVE (desactivated deterministic mode)
2025-08-18 22:22:08,012 [INFO] train: CAE | device=cuda:0 | hard_negatives=False | margin=0.257 | wd=2.0e-04 | b1=0.90 b2=0.900
2025-08-18 22:22:11,181 [INFO] train: [Epoch 01/50] train=0.039761 | val=0.014432 | lr=3.74e-05
2025-08-18 22:22:11,206 [INFO] train:   -> Improved val=0.014432 (train=0.039761)
2025-08-18 22:22:12,782 [INFO] train: [Epoch 02/50] train=0.011263 | val=0.011473 | lr=3.74e-05
2025-08-18 22:22:12,804 [INFO] train:   -> Improved val=0.011473 (train=0.011263)
2025-08-18 22:22:14,575 [INFO] train: [Epoch 03/50] train=0.008359 | val=0.010268 | lr=3.74e-05
2025-08-18 22:22:14,611 [INFO] train:   -> Improved val=0.010268 (train=0.008359)
2025-08-18 22:22:16,346 [INFO] train: [Epoch 04/50] train=0.006671 | val=0.009609 | lr=3.74e-05
2025-08-18 22:22:16,367 [INFO] train:   -> Improved val=0.009609 (train=0.006671)
2025-08-18 22:22:18,094 [INFO] train: [Epoch 05/50] train=0.005459 | val=0.009128 | lr=3.74e-05
2025-08-18 22:22:18,116 [INFO] train:   -> Improved val=0.009128 (train=0.005459)
2025-08-18 22:22:19,887 [INFO] train: [Epoch 06/50] train=0.004539 | val=0.008774 | lr=3.74e-05
2025-08-18 22:22:19,902 [INFO] train:   -> Improved val=0.008774 (train=0.004539)
2025-08-18 22:22:21,575 [INFO] train: [Epoch 07/50] train=0.003816 | val=0.008574 | lr=3.74e-05
2025-08-18 22:22:21,598 [INFO] train:   -> Improved val=0.008574 (train=0.003816)
2025-08-18 22:22:23,402 [INFO] train: [Epoch 08/50] train=0.003218 | val=0.008315 | lr=3.74e-05
2025-08-18 22:22:23,427 [INFO] train:   -> Improved val=0.008315 (train=0.003218)
2025-08-18 22:22:25,336 [INFO] train: [Epoch 09/50] train=0.002717 | val=0.008202 | lr=3.74e-05
2025-08-18 22:22:25,373 [INFO] train:   -> Improved val=0.008202 (train=0.002717)
2025-08-18 22:22:27,302 [INFO] train: [Epoch 10/50] train=0.002289 | val=0.007999 | lr=3.74e-05
2025-08-18 22:22:27,326 [INFO] train:   -> Improved val=0.007999 (train=0.002289)
2025-08-18 22:22:29,231 [INFO] train: [Epoch 11/50] train=0.001939 | val=0.007909 | lr=3.74e-05
2025-08-18 22:22:29,245 [INFO] train:   -> Improved val=0.007909 (train=0.001939)
2025-08-18 22:22:31,263 [INFO] train: [Epoch 12/50] train=0.001630 | val=0.007876 | lr=3.74e-05
2025-08-18 22:22:33,227 [INFO] train: [Epoch 13/50] train=0.001382 | val=0.007794 | lr=3.74e-05
2025-08-18 22:22:33,242 [INFO] train:   -> Improved val=0.007794 (train=0.001382)
2025-08-18 22:22:35,211 [INFO] train: [Epoch 14/50] train=0.001154 | val=0.007814 | lr=3.74e-05
2025-08-18 22:22:37,150 [INFO] train: [Epoch 15/50] train=0.000961 | val=0.007711 | lr=3.74e-05
2025-08-18 22:22:37,164 [INFO] train:   -> Improved val=0.007711 (train=0.000961)
2025-08-18 22:22:39,158 [INFO] train: [Epoch 16/50] train=0.000797 | val=0.007676 | lr=3.74e-05
2025-08-18 22:22:41,167 [INFO] train: [Epoch 17/50] train=0.000664 | val=0.007633 | lr=3.74e-05
2025-08-18 22:22:41,190 [INFO] train:   -> Improved val=0.007633 (train=0.000664)
2025-08-18 22:22:44,965 [INFO] train: [Epoch 18/50] train=0.000550 | val=0.007597 | lr=3.74e-05
2025-08-18 22:22:46,943 [INFO] train: [Epoch 19/50] train=0.000453 | val=0.007573 | lr=3.74e-05
2025-08-18 22:22:46,966 [INFO] train:   -> Improved val=0.007573 (train=0.000453)
2025-08-18 22:22:48,944 [INFO] train: [Epoch 20/50] train=0.000376 | val=0.007546 | lr=3.74e-05
2025-08-18 22:22:50,911 [INFO] train: [Epoch 21/50] train=0.000312 | val=0.007502 | lr=3.74e-05
2025-08-18 22:22:50,934 [INFO] train:   -> Improved val=0.007502 (train=0.000312)
2025-08-18 22:22:52,842 [INFO] train: [Epoch 22/50] train=0.000256 | val=0.007440 | lr=3.74e-05
2025-08-18 22:22:52,856 [INFO] train:   -> Improved val=0.007440 (train=0.000256)
2025-08-18 22:22:54,904 [INFO] train: [Epoch 23/50] train=0.000207 | val=0.007452 | lr=3.74e-05
2025-08-18 22:22:56,861 [INFO] train: [Epoch 24/50] train=0.000183 | val=0.007450 | lr=3.74e-05
2025-08-18 22:22:58,817 [INFO] train: [Epoch 25/50] train=0.000103 | val=0.007447 | lr=1.13e-05
2025-08-18 22:23:00,766 [INFO] train: [Epoch 26/50] train=0.000070 | val=0.007393 | lr=1.13e-05
2025-08-18 22:23:00,789 [INFO] train:   -> Improved val=0.007393 (train=0.000070)
2025-08-18 22:23:02,695 [INFO] train: [Epoch 27/50] train=0.000057 | val=0.007416 | lr=1.13e-05
2025-08-18 22:23:04,721 [INFO] train: [Epoch 28/50] train=0.000050 | val=0.007412 | lr=1.13e-05
2025-08-18 22:23:06,806 [INFO] train: [Epoch 29/50] train=0.000036 | val=0.007407 | lr=3.43e-06
2025-08-18 22:23:08,768 [INFO] train: [Epoch 30/50] train=0.000029 | val=0.007407 | lr=3.43e-06
2025-08-18 22:23:10,730 [INFO] train: [Epoch 31/50] train=0.000025 | val=0.007401 | lr=1.04e-06
2025-08-18 22:23:10,751 [INFO] train: [EARLY STOP] No improvement in validation.
2025-08-18 22:23:10,753 [INFO] train: Saved history CSV models/history/cae_cae_20250818_221527_t10_lat32_hid256_lr3.74272e-05_bs256_m0.26_tr0.0001_val0.0074.csv
2025-08-18 22:23:10,753 [INFO] train: Saved meta JSON models/history/cae_cae_20250818_221527_t10_lat32_hid256_lr3.74272e-05_bs256_m0.26_tr0.0001_val0.0074.json
2025-08-18 22:23:10,753 [INFO] train: [DONE] Best val_loss = 0.007393
2025-08-18 22:23:11,029 [INFO] main: cuDNN benchmark mode ACTIVE (desactivated deterministic mode)
2025-08-18 22:23:11,029 [INFO] train: CAE | device=cuda:0 | hard_negatives=False | margin=0.186 | wd=2.0e-05 | b1=0.90 b2=0.900
2025-08-18 22:23:13,170 [INFO] train: [Epoch 01/50] train=0.006104 | val=0.005346 | lr=0.00107
2025-08-18 22:23:13,192 [INFO] train:   -> Improved val=0.005346 (train=0.006104)
2025-08-18 22:23:14,887 [INFO] train: [Epoch 02/50] train=0.002904 | val=0.004272 | lr=0.00107
2025-08-18 22:23:14,911 [INFO] train:   -> Improved val=0.004272 (train=0.002904)
2025-08-18 22:23:18,129 [INFO] train: [Epoch 03/50] train=0.001796 | val=0.004708 | lr=0.00107
2025-08-18 22:23:20,102 [INFO] train: [Epoch 04/50] train=0.001579 | val=0.004026 | lr=0.00107
2025-08-18 22:23:20,126 [INFO] train:   -> Improved val=0.004026 (train=0.001579)
2025-08-18 22:23:22,043 [INFO] train: [Epoch 05/50] train=0.001313 | val=0.003869 | lr=0.00107
2025-08-18 22:23:22,058 [INFO] train:   -> Improved val=0.003869 (train=0.001313)
2025-08-18 22:23:24,080 [INFO] train: [Epoch 06/50] train=0.001172 | val=0.004264 | lr=0.00107
2025-08-18 22:23:26,044 [INFO] train: [Epoch 07/50] train=0.001084 | val=0.003992 | lr=0.00107
2025-08-18 22:23:28,037 [INFO] train: [Epoch 08/50] train=0.000445 | val=0.003421 | lr=0.000419
2025-08-18 22:23:28,061 [INFO] train:   -> Improved val=0.003421 (train=0.000445)
2025-08-18 22:23:30,036 [INFO] train: [Epoch 09/50] train=0.000197 | val=0.003634 | lr=0.000419
2025-08-18 22:23:32,036 [INFO] train: [Epoch 10/50] train=0.000178 | val=0.003821 | lr=0.000419
2025-08-18 22:23:33,975 [INFO] train: [Epoch 11/50] train=0.000078 | val=0.003454 | lr=0.000164
2025-08-18 22:23:36,087 [INFO] train: [Epoch 12/50] train=0.000026 | val=0.003557 | lr=0.000164
2025-08-18 22:23:37,986 [INFO] train: [Epoch 13/50] train=0.000021 | val=0.003359 | lr=6.45e-05
2025-08-18 22:23:38,010 [INFO] train:   -> Improved val=0.003359 (train=0.000021)
2025-08-18 22:23:39,979 [INFO] train: [Epoch 14/50] train=0.000005 | val=0.003346 | lr=6.45e-05
2025-08-18 22:23:39,996 [INFO] train:   -> Improved val=0.003346 (train=0.000005)
2025-08-18 22:23:41,906 [INFO] train: [Epoch 15/50] train=0.000010 | val=0.003356 | lr=6.45e-05
2025-08-18 22:23:43,726 [INFO] train: [Epoch 16/50] train=0.000008 | val=0.003332 | lr=6.45e-05
2025-08-18 22:23:43,750 [INFO] train:   -> Improved val=0.003332 (train=0.000008)
2025-08-18 22:23:45,537 [INFO] train: [Epoch 17/50] train=0.000010 | val=0.003344 | lr=6.45e-05
2025-08-18 22:23:47,480 [INFO] train: [Epoch 18/50] train=0.000008 | val=0.003289 | lr=6.45e-05
2025-08-18 22:23:47,505 [INFO] train:   -> Improved val=0.003289 (train=0.000008)
2025-08-18 22:23:50,582 [INFO] train: [Epoch 19/50] train=0.000009 | val=0.003307 | lr=6.45e-05
2025-08-18 22:23:52,398 [INFO] train: [Epoch 20/50] train=0.000010 | val=0.003389 | lr=6.45e-05
2025-08-18 22:23:54,215 [INFO] train: [Epoch 21/50] train=0.000005 | val=0.003385 | lr=2.53e-05
2025-08-18 22:23:56,022 [INFO] train: [Epoch 22/50] train=0.000003 | val=0.003375 | lr=2.53e-05
2025-08-18 22:23:57,994 [INFO] train: [Epoch 23/50] train=0.000001 | val=0.003372 | lr=9.93e-06
2025-08-18 22:23:59,864 [INFO] train: [Epoch 24/50] train=0.000000 | val=0.003408 | lr=9.93e-06
2025-08-18 22:24:01,702 [INFO] train: [Epoch 25/50] train=0.000001 | val=0.003410 | lr=3.9e-06
2025-08-18 22:24:01,723 [INFO] train: [EARLY STOP] No improvement in validation.
2025-08-18 22:24:01,725 [INFO] train: Saved history CSV models/history/cae_cae_20250818_221527_t11_lat32_hid768_lr0.00106684_bs256_m0.19_tr0.0000_val0.0033.csv
2025-08-18 22:24:01,725 [INFO] train: Saved meta JSON models/history/cae_cae_20250818_221527_t11_lat32_hid768_lr0.00106684_bs256_m0.19_tr0.0000_val0.0033.json
2025-08-18 22:24:01,725 [INFO] train: [DONE] Best val_loss = 0.003289
2025-08-18 22:24:01,999 [INFO] main: cuDNN benchmark mode ACTIVE (desactivated deterministic mode)
2025-08-18 22:24:01,999 [INFO] train: CAE | device=cuda:0 | hard_negatives=True | margin=0.268 | wd=2.6e-04 | b1=0.90 b2=0.900
2025-08-18 22:24:04,072 [INFO] train: [Epoch 01/50] train=0.141608 | val=0.131247 | lr=0.00167
2025-08-18 22:24:04,095 [INFO] train:   -> Improved val=0.131247 (train=0.141608)
2025-08-18 22:24:05,818 [INFO] train: [Epoch 02/50] train=0.123853 | val=0.125979 | lr=0.00167
2025-08-18 22:24:05,843 [INFO] train:   -> Improved val=0.125979 (train=0.123853)
2025-08-18 22:24:07,877 [INFO] train: [Epoch 03/50] train=0.118510 | val=0.126324 | lr=0.00167
2025-08-18 22:24:07,911 [WARNING] train: report_cb failed: 
2025-08-18 22:24:09,992 [INFO] train: [Epoch 04/50] train=0.116295 | val=0.125304 | lr=0.00167
2025-08-18 22:24:10,005 [INFO] train:   -> Improved val=0.125304 (train=0.116295)
2025-08-18 22:24:12,153 [INFO] train: [Epoch 05/50] train=0.114182 | val=0.124496 | lr=0.00167
2025-08-18 22:24:12,177 [INFO] train:   -> Improved val=0.124496 (train=0.114182)
2025-08-18 22:24:14,431 [INFO] train: [Epoch 06/50] train=0.111866 | val=0.123267 | lr=0.00167
2025-08-18 22:24:14,456 [INFO] train:   -> Improved val=0.123267 (train=0.111866)
2025-08-18 22:24:16,645 [INFO] train: [Epoch 07/50] train=0.111153 | val=0.122802 | lr=0.00167
2025-08-18 22:24:16,671 [INFO] train:   -> Improved val=0.122802 (train=0.111153)
2025-08-18 22:24:18,835 [INFO] train: [Epoch 08/50] train=0.109531 | val=0.124317 | lr=0.00167
2025-08-18 22:24:20,963 [INFO] train: [Epoch 09/50] train=0.108827 | val=0.123292 | lr=0.00167
2025-08-18 22:24:20,996 [WARNING] train: report_cb failed: 
2025-08-18 22:24:24,401 [INFO] train: [Epoch 10/50] train=0.096897 | val=0.115945 | lr=0.000505
2025-08-18 22:24:24,414 [INFO] train:   -> Improved val=0.115945 (train=0.096897)
2025-08-18 22:24:26,529 [INFO] train: [Epoch 11/50] train=0.091904 | val=0.115897 | lr=0.000505
2025-08-18 22:24:28,797 [INFO] train: [Epoch 12/50] train=0.088886 | val=0.116509 | lr=0.000505
2025-08-18 22:24:30,951 [INFO] train: [Epoch 13/50] train=0.086750 | val=0.116541 | lr=0.000505
2025-08-18 22:24:30,973 [INFO] train: [EARLY STOP] No improvement in validation.
2025-08-18 22:24:30,975 [INFO] train: Saved history CSV models/history/cae_cae_20250818_221527_t12_lat32_hid512_lr0.0016656_bs256_m0.27_tr0.0969_val0.1159.csv
2025-08-18 22:24:30,975 [INFO] train: Saved meta JSON models/history/cae_cae_20250818_221527_t12_lat32_hid512_lr0.0016656_bs256_m0.27_tr0.0969_val0.1159.json
2025-08-18 22:24:30,975 [INFO] train: [DONE] Best val_loss = 0.115945
2025-08-18 22:24:31,244 [INFO] main: cuDNN benchmark mode ACTIVE (desactivated deterministic mode)
2025-08-18 22:24:31,244 [INFO] train: CAE | device=cuda:0 | hard_negatives=False | margin=0.113 | wd=5.9e-06 | b1=0.90 b2=0.900
2025-08-18 22:24:34,627 [INFO] train: [Epoch 01/50] train=0.005078 | val=0.003564 | lr=0.00299
2025-08-18 22:24:34,652 [INFO] train:   -> Improved val=0.003564 (train=0.005078)
2025-08-18 22:24:37,654 [INFO] train: [Epoch 02/50] train=0.003073 | val=0.003639 | lr=0.00299
2025-08-18 22:24:40,698 [INFO] train: [Epoch 03/50] train=0.002475 | val=0.003624 | lr=0.00299
2025-08-18 22:24:43,912 [INFO] train: [Epoch 04/50] train=0.001240 | val=0.002351 | lr=0.00126
2025-08-18 22:24:43,936 [INFO] train:   -> Improved val=0.002351 (train=0.001240)
2025-08-18 22:24:47,031 [INFO] train: [Epoch 05/50] train=0.000771 | val=0.002408 | lr=0.00126
2025-08-18 22:24:50,243 [INFO] train: [Epoch 06/50] train=0.000684 | val=0.002566 | lr=0.00126
2025-08-18 22:24:53,401 [INFO] train: [Epoch 07/50] train=0.000333 | val=0.002354 | lr=0.000528
2025-08-18 22:24:57,976 [INFO] train: [Epoch 08/50] train=0.000155 | val=0.002257 | lr=0.000528
2025-08-18 22:24:58,001 [INFO] train:   -> Improved val=0.002257 (train=0.000155)
2025-08-18 22:25:01,211 [INFO] train: [Epoch 09/50] train=0.000161 | val=0.002388 | lr=0.000528
2025-08-18 22:25:04,411 [INFO] train: [Epoch 10/50] train=0.000185 | val=0.002649 | lr=0.000528
2025-08-18 22:25:07,632 [INFO] train: [Epoch 11/50] train=0.000089 | val=0.002178 | lr=0.000222
2025-08-18 22:25:07,649 [INFO] train:   -> Improved val=0.002178 (train=0.000089)
2025-08-18 22:25:10,901 [INFO] train: [Epoch 12/50] train=0.000032 | val=0.002205 | lr=0.000222
2025-08-18 22:25:14,030 [INFO] train: [Epoch 13/50] train=0.000032 | val=0.002096 | lr=0.000222
2025-08-18 22:25:14,053 [INFO] train:   -> Improved val=0.002096 (train=0.000032)
2025-08-18 22:25:17,096 [INFO] train: [Epoch 14/50] train=0.000038 | val=0.002301 | lr=0.000222
2025-08-18 22:25:20,115 [INFO] train: [Epoch 15/50] train=0.000046 | val=0.002409 | lr=0.000222
2025-08-18 22:25:23,161 [INFO] train: [Epoch 16/50] train=0.000028 | val=0.002281 | lr=9.33e-05
2025-08-18 22:25:26,215 [INFO] train: [Epoch 17/50] train=0.000008 | val=0.002287 | lr=9.33e-05
2025-08-18 22:25:29,321 [INFO] train: [Epoch 18/50] train=0.000006 | val=0.002231 | lr=3.92e-05
2025-08-18 22:25:29,343 [INFO] train: [EARLY STOP] No improvement in validation.
2025-08-18 22:25:29,346 [INFO] train: Saved history CSV models/history/cae_cae_20250818_221527_t13_lat32_hid1024_lr0.00298949_bs128_m0.11_tr0.0000_val0.0021.csv
2025-08-18 22:25:29,346 [INFO] train: Saved meta JSON models/history/cae_cae_20250818_221527_t13_lat32_hid1024_lr0.00298949_bs128_m0.11_tr0.0000_val0.0021.json
2025-08-18 22:25:29,346 [INFO] train: [DONE] Best val_loss = 0.002096
2025-08-18 22:25:29,615 [INFO] main: cuDNN benchmark mode ACTIVE (desactivated deterministic mode)
2025-08-18 22:25:29,616 [INFO] train: CAE | device=cuda:0 | hard_negatives=False | margin=0.057 | wd=2.8e-06 | b1=0.90 b2=0.900
2025-08-18 22:25:34,118 [INFO] train: [Epoch 01/50] train=0.001807 | val=0.001401 | lr=0.000304
2025-08-18 22:25:34,142 [INFO] train:   -> Improved val=0.001401 (train=0.001807)
2025-08-18 22:25:37,293 [INFO] train: [Epoch 02/50] train=0.000622 | val=0.001232 | lr=0.000304
2025-08-18 22:25:37,311 [INFO] train:   -> Improved val=0.001232 (train=0.000622)
2025-08-18 22:25:40,436 [INFO] train: [Epoch 03/50] train=0.000390 | val=0.001191 | lr=0.000304
2025-08-18 22:25:40,462 [INFO] train:   -> Improved val=0.001191 (train=0.000390)
2025-08-18 22:25:43,657 [INFO] train: [Epoch 04/50] train=0.000261 | val=0.001141 | lr=0.000304
2025-08-18 22:25:43,682 [INFO] train:   -> Improved val=0.001141 (train=0.000261)
2025-08-18 22:25:46,833 [INFO] train: [Epoch 05/50] train=0.000199 | val=0.001062 | lr=0.000304
2025-08-18 22:25:46,856 [INFO] train:   -> Improved val=0.001062 (train=0.000199)
2025-08-18 22:25:50,032 [INFO] train: [Epoch 06/50] train=0.000188 | val=0.001140 | lr=0.000304
2025-08-18 22:25:53,257 [INFO] train: [Epoch 07/50] train=0.000164 | val=0.001248 | lr=0.000304
2025-08-18 22:25:56,490 [INFO] train: [Epoch 08/50] train=0.000128 | val=0.001215 | lr=0.000304
2025-08-18 22:25:56,512 [INFO] train: [EARLY STOP] No improvement in validation.
2025-08-18 22:25:56,515 [INFO] train: Saved history CSV models/history/cae_cae_20250818_221527_t14_lat32_hid1024_lr0.000303907_bs128_m0.06_tr0.0002_val0.0011.csv
2025-08-18 22:25:56,515 [INFO] train: Saved meta JSON models/history/cae_cae_20250818_221527_t14_lat32_hid1024_lr0.000303907_bs128_m0.06_tr0.0002_val0.0011.json
2025-08-18 22:25:56,515 [INFO] train: [DONE] Best val_loss = 0.001062
2025-08-18 22:25:56,793 [INFO] main: cuDNN benchmark mode ACTIVE (desactivated deterministic mode)
2025-08-18 22:25:56,793 [INFO] train: CAE | device=cuda:0 | hard_negatives=False | margin=0.089 | wd=1.8e-06 | b1=0.90 b2=0.900
2025-08-18 22:26:00,027 [INFO] train: [Epoch 01/50] train=0.002065 | val=0.001534 | lr=4.52e-05
2025-08-18 22:26:00,051 [INFO] train:   -> Improved val=0.001534 (train=0.002065)
2025-08-18 22:26:03,062 [INFO] train: [Epoch 02/50] train=0.000509 | val=0.001382 | lr=4.52e-05
2025-08-18 22:26:03,087 [INFO] train:   -> Improved val=0.001382 (train=0.000509)
2025-08-18 22:26:07,516 [INFO] train: [Epoch 03/50] train=0.000157 | val=0.001351 | lr=4.52e-05
2025-08-18 22:26:07,544 [INFO] train:   -> Improved val=0.001351 (train=0.000157)
2025-08-18 22:26:10,692 [INFO] train: [Epoch 04/50] train=0.000077 | val=0.001290 | lr=4.52e-05
2025-08-18 22:26:10,708 [INFO] train:   -> Improved val=0.001290 (train=0.000077)
2025-08-18 22:26:13,878 [INFO] train: [Epoch 05/50] train=0.000053 | val=0.001412 | lr=4.52e-05
2025-08-18 22:26:17,022 [INFO] train: [Epoch 06/50] train=0.000050 | val=0.001328 | lr=4.52e-05
2025-08-18 22:26:20,171 [INFO] train: [Epoch 07/50] train=0.000043 | val=0.001242 | lr=4.52e-05
2025-08-18 22:26:20,194 [INFO] train:   -> Improved val=0.001242 (train=0.000043)
2025-08-18 22:26:23,398 [INFO] train: [Epoch 08/50] train=0.000030 | val=0.001391 | lr=4.52e-05
2025-08-18 22:26:26,545 [INFO] train: [Epoch 09/50] train=0.000027 | val=0.001229 | lr=4.52e-05
2025-08-18 22:26:26,582 [INFO] train:   -> Improved val=0.001229 (train=0.000027)
2025-08-18 22:26:29,642 [INFO] train: [Epoch 10/50] train=0.000031 | val=0.001358 | lr=4.52e-05
2025-08-18 22:26:32,570 [INFO] train: [Epoch 11/50] train=0.000029 | val=0.001252 | lr=4.52e-05
2025-08-18 22:26:35,481 [INFO] train: [Epoch 12/50] train=0.000029 | val=0.001278 | lr=4.52e-05
2025-08-18 22:26:35,494 [INFO] train: [EARLY STOP] No improvement in validation.
2025-08-18 22:26:35,496 [INFO] train: Saved history CSV models/history/cae_cae_20250818_221527_t15_lat64_hid768_lr4.52064e-05_bs128_m0.09_tr0.0000_val0.0012.csv
2025-08-18 22:26:35,496 [INFO] train: Saved meta JSON models/history/cae_cae_20250818_221527_t15_lat64_hid768_lr4.52064e-05_bs128_m0.09_tr0.0000_val0.0012.json
2025-08-18 22:26:35,496 [INFO] train: [DONE] Best val_loss = 0.001229
2025-08-18 22:26:35,763 [INFO] main: cuDNN benchmark mode ACTIVE (desactivated deterministic mode)
2025-08-18 22:26:35,763 [INFO] train: CAE | device=cuda:0 | hard_negatives=False | margin=0.219 | wd=1.1e-06 | b1=0.90 b2=0.900
2025-08-18 22:26:39,912 [INFO] train: [Epoch 01/50] train=0.007278 | val=0.004857 | lr=2.52e-05
2025-08-18 22:26:39,937 [INFO] train:   -> Improved val=0.004857 (train=0.007278)
2025-08-18 22:26:42,538 [INFO] train: [Epoch 02/50] train=0.003193 | val=0.004228 | lr=2.52e-05
2025-08-18 22:26:42,564 [INFO] train:   -> Improved val=0.004228 (train=0.003193)
2025-08-18 22:26:45,150 [INFO] train: [Epoch 03/50] train=0.001914 | val=0.004077 | lr=2.52e-05
2025-08-18 22:26:45,189 [INFO] train:   -> Improved val=0.004077 (train=0.001914)
2025-08-18 22:26:47,817 [INFO] train: [Epoch 04/50] train=0.001157 | val=0.004017 | lr=2.52e-05
2025-08-18 22:26:47,840 [INFO] train:   -> Improved val=0.004017 (train=0.001157)
2025-08-18 22:26:50,628 [INFO] train: [Epoch 05/50] train=0.000666 | val=0.003897 | lr=2.52e-05
2025-08-18 22:26:50,645 [INFO] train:   -> Improved val=0.003897 (train=0.000666)
2025-08-18 22:26:53,653 [INFO] train: [Epoch 06/50] train=0.000372 | val=0.003946 | lr=2.52e-05
2025-08-18 22:26:56,547 [INFO] train: [Epoch 07/50] train=0.000191 | val=0.003944 | lr=2.52e-05
2025-08-18 22:26:59,466 [INFO] train: [Epoch 08/50] train=0.000120 | val=0.003925 | lr=2.52e-05
2025-08-18 22:26:59,479 [INFO] train: [EARLY STOP] No improvement in validation.
2025-08-18 22:26:59,483 [INFO] train: Saved history CSV models/history/cae_cae_20250818_221527_t16_lat96_hid1024_lr2.52053e-05_bs128_m0.22_tr0.0007_val0.0039.csv
2025-08-18 22:26:59,483 [INFO] train: Saved meta JSON models/history/cae_cae_20250818_221527_t16_lat96_hid1024_lr2.52053e-05_bs128_m0.22_tr0.0007_val0.0039.json
2025-08-18 22:26:59,483 [INFO] train: [DONE] Best val_loss = 0.003897
2025-08-18 22:26:59,744 [INFO] main: cuDNN benchmark mode ACTIVE (desactivated deterministic mode)
2025-08-18 22:26:59,744 [INFO] train: CAE | device=cuda:0 | hard_negatives=True | margin=0.127 | wd=2.1e-05 | b1=0.90 b2=0.900
2025-08-18 22:27:02,967 [INFO] train: [Epoch 01/50] train=0.039801 | val=0.030887 | lr=4.07e-05
2025-08-18 22:27:02,990 [INFO] train:   -> Improved val=0.030887 (train=0.039801)
2025-08-18 22:27:06,180 [INFO] train: [Epoch 02/50] train=0.027092 | val=0.027532 | lr=4.07e-05
2025-08-18 22:27:06,203 [INFO] train:   -> Improved val=0.027532 (train=0.027092)
2025-08-18 22:27:09,598 [INFO] train: [Epoch 03/50] train=0.023508 | val=0.025717 | lr=4.07e-05
2025-08-18 22:27:09,623 [WARNING] train: report_cb failed: 
2025-08-18 22:27:09,625 [INFO] train:   -> Improved val=0.025717 (train=0.023508)
2025-08-18 22:27:14,215 [INFO] train: [Epoch 04/50] train=0.021328 | val=0.024554 | lr=4.07e-05
2025-08-18 22:27:14,239 [INFO] train:   -> Improved val=0.024554 (train=0.021328)
2025-08-18 22:27:17,611 [INFO] train: [Epoch 05/50] train=0.019710 | val=0.023747 | lr=4.07e-05
2025-08-18 22:27:17,637 [INFO] train:   -> Improved val=0.023747 (train=0.019710)
2025-08-18 22:27:21,114 [INFO] train: [Epoch 06/50] train=0.018259 | val=0.023045 | lr=4.07e-05
2025-08-18 22:27:21,129 [INFO] train:   -> Improved val=0.023045 (train=0.018259)
2025-08-18 22:27:24,620 [INFO] train: [Epoch 07/50] train=0.017136 | val=0.022271 | lr=4.07e-05
2025-08-18 22:27:24,644 [INFO] train:   -> Improved val=0.022271 (train=0.017136)
2025-08-18 22:27:28,094 [INFO] train: [Epoch 08/50] train=0.016480 | val=0.022163 | lr=4.07e-05
2025-08-18 22:27:28,118 [INFO] train:   -> Improved val=0.022163 (train=0.016480)
2025-08-18 22:27:31,537 [INFO] train: [Epoch 09/50] train=0.015638 | val=0.021776 | lr=4.07e-05
2025-08-18 22:27:31,571 [WARNING] train: report_cb failed: 
2025-08-18 22:27:31,572 [INFO] train:   -> Improved val=0.021776 (train=0.015638)
2025-08-18 22:27:34,802 [INFO] train: [Epoch 10/50] train=0.015268 | val=0.021540 | lr=4.07e-05
2025-08-18 22:27:34,826 [INFO] train:   -> Improved val=0.021540 (train=0.015268)
2025-08-18 22:27:37,932 [INFO] train: [Epoch 11/50] train=0.014679 | val=0.021480 | lr=4.07e-05
2025-08-18 22:27:41,052 [INFO] train: [Epoch 12/50] train=0.014268 | val=0.021130 | lr=4.07e-05
2025-08-18 22:27:41,066 [INFO] train:   -> Improved val=0.021130 (train=0.014268)
2025-08-18 22:27:45,476 [INFO] train: [Epoch 13/50] train=0.013579 | val=0.021214 | lr=4.07e-05
2025-08-18 22:27:48,675 [INFO] train: [Epoch 14/50] train=0.013246 | val=0.020990 | lr=4.07e-05
2025-08-18 22:27:48,699 [INFO] train:   -> Improved val=0.020990 (train=0.013246)
2025-08-18 22:27:51,839 [INFO] train: [Epoch 15/50] train=0.012620 | val=0.020921 | lr=4.07e-05
2025-08-18 22:27:55,199 [INFO] train: [Epoch 16/50] train=0.012318 | val=0.020798 | lr=4.07e-05
2025-08-18 22:27:55,225 [INFO] train:   -> Improved val=0.020798 (train=0.012318)
2025-08-18 22:27:58,534 [INFO] train: [Epoch 17/50] train=0.011941 | val=0.020633 | lr=4.07e-05
2025-08-18 22:27:58,557 [INFO] train:   -> Improved val=0.020633 (train=0.011941)
2025-08-18 22:28:01,862 [INFO] train: [Epoch 18/50] train=0.011625 | val=0.020672 | lr=4.07e-05
2025-08-18 22:28:05,136 [INFO] train: [Epoch 19/50] train=0.011270 | val=0.020709 | lr=4.07e-05
2025-08-18 22:28:08,616 [INFO] train: [Epoch 20/50] train=0.011159 | val=0.020763 | lr=4.07e-05
2025-08-18 22:28:12,088 [INFO] train: [Epoch 21/50] train=0.010841 | val=0.020870 | lr=4.07e-05
2025-08-18 22:28:12,111 [INFO] train: [EARLY STOP] No improvement in validation.
2025-08-18 22:28:12,113 [INFO] train: Saved history CSV models/history/cae_cae_20250818_221527_t17_lat96_hid512_lr4.07211e-05_bs128_m0.13_tr0.0119_val0.0206.csv
2025-08-18 22:28:12,113 [INFO] train: Saved meta JSON models/history/cae_cae_20250818_221527_t17_lat96_hid512_lr4.07211e-05_bs128_m0.13_tr0.0119_val0.0206.json
2025-08-18 22:28:12,113 [INFO] train: [DONE] Best val_loss = 0.020633
2025-08-18 22:28:12,394 [INFO] main: cuDNN benchmark mode ACTIVE (desactivated deterministic mode)
2025-08-18 22:28:12,395 [INFO] train: CAE | device=cuda:0 | hard_negatives=False | margin=0.175 | wd=1.7e-06 | b1=0.90 b2=0.900
2025-08-18 22:28:15,564 [INFO] train: [Epoch 01/50] train=0.004199 | val=0.002916 | lr=0.000103
2025-08-18 22:28:15,589 [INFO] train:   -> Improved val=0.002916 (train=0.004199)
2025-08-18 22:28:19,905 [INFO] train: [Epoch 02/50] train=0.001199 | val=0.002557 | lr=0.000103
2025-08-18 22:28:19,930 [INFO] train:   -> Improved val=0.002557 (train=0.001199)
2025-08-18 22:28:23,053 [INFO] train: [Epoch 03/50] train=0.000545 | val=0.002893 | lr=0.000103
2025-08-18 22:28:26,202 [INFO] train: [Epoch 04/50] train=0.000332 | val=0.002547 | lr=0.000103
2025-08-18 22:28:29,218 [INFO] train: [Epoch 05/50] train=0.000223 | val=0.002552 | lr=0.000103
2025-08-18 22:28:29,242 [INFO] train: [EARLY STOP] No improvement in validation.
2025-08-18 22:28:29,245 [INFO] train: Saved history CSV models/history/cae_cae_20250818_221527_t18_lat64_hid1024_lr0.00010318_bs128_m0.18_tr0.0012_val0.0026.csv
2025-08-18 22:28:29,245 [INFO] train: Saved meta JSON models/history/cae_cae_20250818_221527_t18_lat64_hid1024_lr0.00010318_bs128_m0.18_tr0.0012_val0.0026.json
2025-08-18 22:28:29,246 [INFO] train: [DONE] Best val_loss = 0.002557
2025-08-18 22:28:29,517 [INFO] main: cuDNN benchmark mode ACTIVE (desactivated deterministic mode)
2025-08-18 22:28:29,517 [INFO] train: CAE | device=cuda:0 | hard_negatives=False | margin=0.130 | wd=1.3e-06 | b1=0.90 b2=0.900
2025-08-18 22:28:31,118 [INFO] train: [Epoch 01/50] train=0.005840 | val=0.003563 | lr=0.000145
2025-08-18 22:28:31,144 [INFO] train:   -> Improved val=0.003563 (train=0.005840)
2025-08-18 22:28:32,458 [INFO] train: [Epoch 02/50] train=0.001518 | val=0.003040 | lr=0.000145
2025-08-18 22:28:32,482 [INFO] train:   -> Improved val=0.003040 (train=0.001518)
2025-08-18 22:28:33,792 [INFO] train: [Epoch 03/50] train=0.000610 | val=0.003102 | lr=0.000145
2025-08-18 22:28:35,134 [INFO] train: [Epoch 04/50] train=0.000310 | val=0.002738 | lr=0.000145
2025-08-18 22:28:35,158 [INFO] train:   -> Improved val=0.002738 (train=0.000310)
2025-08-18 22:28:36,584 [INFO] train: [Epoch 05/50] train=0.000167 | val=0.002900 | lr=0.000145
2025-08-18 22:28:37,910 [INFO] train: [Epoch 06/50] train=0.000116 | val=0.002848 | lr=0.000145
2025-08-18 22:28:39,234 [INFO] train: [Epoch 07/50] train=0.000104 | val=0.002718 | lr=0.000145
2025-08-18 22:28:39,259 [INFO] train:   -> Improved val=0.002718 (train=0.000104)
2025-08-18 22:28:40,707 [INFO] train: [Epoch 08/50] train=0.000094 | val=0.002830 | lr=0.000145
2025-08-18 22:28:42,048 [INFO] train: [Epoch 09/50] train=0.000078 | val=0.002678 | lr=0.000145
2025-08-18 22:28:42,084 [INFO] train:   -> Improved val=0.002678 (train=0.000078)
2025-08-18 22:28:43,470 [INFO] train: [Epoch 10/50] train=0.000071 | val=0.002625 | lr=0.000145
2025-08-18 22:28:43,494 [INFO] train:   -> Improved val=0.002625 (train=0.000071)
2025-08-18 22:28:44,788 [INFO] train: [Epoch 11/50] train=0.000059 | val=0.002492 | lr=0.000145
2025-08-18 22:28:44,813 [INFO] train:   -> Improved val=0.002492 (train=0.000059)
2025-08-18 22:28:46,046 [INFO] train: [Epoch 12/50] train=0.000059 | val=0.002415 | lr=0.000145
2025-08-18 22:28:46,070 [INFO] train:   -> Improved val=0.002415 (train=0.000059)
2025-08-18 22:28:47,436 [INFO] train: [Epoch 13/50] train=0.000047 | val=0.002403 | lr=0.000145
2025-08-18 22:28:47,460 [INFO] train:   -> Improved val=0.002403 (train=0.000047)
2025-08-18 22:28:48,781 [INFO] train: [Epoch 14/50] train=0.000051 | val=0.002560 | lr=0.000145
2025-08-18 22:28:50,071 [INFO] train: [Epoch 15/50] train=0.000048 | val=0.002609 | lr=0.000145
2025-08-18 22:28:52,577 [INFO] train: [Epoch 16/50] train=0.000056 | val=0.002414 | lr=0.000145
2025-08-18 22:28:53,858 [INFO] train: [Epoch 17/50] train=0.000050 | val=0.002440 | lr=0.000145
2025-08-18 22:28:55,221 [INFO] train: [Epoch 18/50] train=0.000037 | val=0.002431 | lr=0.000145
2025-08-18 22:28:55,244 [INFO] train: [EARLY STOP] No improvement in validation.
2025-08-18 22:28:55,246 [INFO] train: Saved history CSV models/history/cae_cae_20250818_221527_t19_lat32_hid512_lr0.000144694_bs512_m0.13_tr0.0000_val0.0024.csv
2025-08-18 22:28:55,246 [INFO] train: Saved meta JSON models/history/cae_cae_20250818_221527_t19_lat32_hid512_lr0.000144694_bs512_m0.13_tr0.0000_val0.0024.json
2025-08-18 22:28:55,246 [INFO] train: [DONE] Best val_loss = 0.002403
2025-08-18 22:28:55,530 [INFO] main: cuDNN benchmark mode ACTIVE (desactivated deterministic mode)
2025-08-18 22:28:55,531 [INFO] train: CAE | device=cuda:0 | hard_negatives=False | margin=0.140 | wd=1.4e-05 | b1=0.90 b2=0.900
2025-08-18 22:28:57,460 [INFO] train: [Epoch 01/50] train=0.003001 | val=0.002121 | lr=0.000154
2025-08-18 22:28:57,485 [INFO] train:   -> Improved val=0.002121 (train=0.003001)
2025-08-18 22:28:59,107 [INFO] train: [Epoch 02/50] train=0.000805 | val=0.001751 | lr=0.000154
2025-08-18 22:28:59,132 [INFO] train:   -> Improved val=0.001751 (train=0.000805)
2025-08-18 22:29:00,944 [INFO] train: [Epoch 03/50] train=0.000355 | val=0.001664 | lr=0.000154
2025-08-18 22:29:00,981 [INFO] train:   -> Improved val=0.001664 (train=0.000355)
2025-08-18 22:29:02,793 [INFO] train: [Epoch 04/50] train=0.000278 | val=0.001797 | lr=0.000154
2025-08-18 22:29:04,607 [INFO] train: [Epoch 05/50] train=0.000217 | val=0.001999 | lr=0.000154
2025-08-18 22:29:06,646 [INFO] train: [Epoch 06/50] train=0.000097 | val=0.001689 | lr=8.25e-05
2025-08-18 22:29:06,660 [INFO] train: [EARLY STOP] No improvement in validation.
2025-08-18 22:29:06,663 [INFO] train: Saved history CSV models/history/cae_cae_20250818_221527_t20_lat64_hid1024_lr0.000154111_bs256_m0.14_tr0.0004_val0.0017.csv
2025-08-18 22:29:06,663 [INFO] train: Saved meta JSON models/history/cae_cae_20250818_221527_t20_lat64_hid1024_lr0.000154111_bs256_m0.14_tr0.0004_val0.0017.json
2025-08-18 22:29:06,663 [INFO] train: [DONE] Best val_loss = 0.001664
2025-08-18 22:29:06,943 [INFO] main: cuDNN benchmark mode ACTIVE (desactivated deterministic mode)
2025-08-18 22:29:06,944 [INFO] train: CAE | device=cuda:0 | hard_negatives=False | margin=0.094 | wd=1.9e-05 | b1=0.90 b2=0.900
2025-08-18 22:29:09,261 [INFO] train: [Epoch 01/50] train=0.001839 | val=0.001251 | lr=0.000247
2025-08-18 22:29:09,286 [INFO] train:   -> Improved val=0.001251 (train=0.001839)
2025-08-18 22:29:11,158 [INFO] train: [Epoch 02/50] train=0.000586 | val=0.001226 | lr=0.000247
2025-08-18 22:29:11,183 [INFO] train:   -> Improved val=0.001226 (train=0.000586)
2025-08-18 22:29:13,306 [INFO] train: [Epoch 03/50] train=0.000375 | val=0.001160 | lr=0.000247
2025-08-18 22:29:13,345 [INFO] train:   -> Improved val=0.001160 (train=0.000375)
2025-08-18 22:29:15,437 [INFO] train: [Epoch 04/50] train=0.000264 | val=0.001290 | lr=0.000247
2025-08-18 22:29:17,387 [INFO] train: [Epoch 05/50] train=0.000241 | val=0.001218 | lr=0.000247
2025-08-18 22:29:19,338 [INFO] train: [Epoch 06/50] train=0.000121 | val=0.001162 | lr=0.000133
2025-08-18 22:29:19,361 [INFO] train: [EARLY STOP] No improvement in validation.
2025-08-18 22:29:19,364 [INFO] train: Saved history CSV models/history/cae_cae_20250818_221527_t21_lat64_hid1024_lr0.000247147_bs256_m0.09_tr0.0004_val0.0012.csv
2025-08-18 22:29:19,364 [INFO] train: Saved meta JSON models/history/cae_cae_20250818_221527_t21_lat64_hid1024_lr0.000247147_bs256_m0.09_tr0.0004_val0.0012.json
2025-08-18 22:29:19,364 [INFO] train: [DONE] Best val_loss = 0.001160
2025-08-18 22:29:19,650 [INFO] main: cuDNN benchmark mode ACTIVE (desactivated deterministic mode)
2025-08-18 22:29:19,650 [INFO] train: CAE | device=cuda:0 | hard_negatives=True | margin=0.070 | wd=6.5e-06 | b1=0.90 b2=0.900
2025-08-18 22:29:23,106 [INFO] train: [Epoch 01/50] train=0.015681 | val=0.013609 | lr=0.000234
2025-08-18 22:29:23,124 [INFO] train:   -> Improved val=0.013609 (train=0.015681)
2025-08-18 22:29:27,823 [INFO] train: [Epoch 02/50] train=0.010362 | val=0.012601 | lr=0.000234
2025-08-18 22:29:27,847 [INFO] train:   -> Improved val=0.012601 (train=0.010362)
2025-08-18 22:29:31,229 [INFO] train: [Epoch 03/50] train=0.008446 | val=0.011791 | lr=0.000234
2025-08-18 22:29:31,263 [WARNING] train: report_cb failed: 
2025-08-18 22:29:31,265 [INFO] train:   -> Improved val=0.011791 (train=0.008446)
2025-08-18 22:29:34,691 [INFO] train: [Epoch 04/50] train=0.007256 | val=0.011614 | lr=0.000234
2025-08-18 22:29:34,717 [INFO] train:   -> Improved val=0.011614 (train=0.007256)
2025-08-18 22:29:38,253 [INFO] train: [Epoch 05/50] train=0.006443 | val=0.011515 | lr=0.000234
2025-08-18 22:29:38,278 [INFO] train:   -> Improved val=0.011515 (train=0.006443)
2025-08-18 22:29:41,772 [INFO] train: [Epoch 06/50] train=0.005670 | val=0.012043 | lr=0.000234
2025-08-18 22:29:45,289 [INFO] train: [Epoch 07/50] train=0.005149 | val=0.011602 | lr=0.000234
2025-08-18 22:29:48,623 [INFO] train: [Epoch 08/50] train=0.004726 | val=0.011810 | lr=0.000234
2025-08-18 22:29:52,026 [INFO] train: [Epoch 09/50] train=0.003611 | val=0.011157 | lr=0.000141
2025-08-18 22:29:52,055 [WARNING] train: report_cb failed: 
2025-08-18 22:29:52,057 [INFO] train:   -> Improved val=0.011157 (train=0.003611)
2025-08-18 22:29:55,320 [INFO] train: [Epoch 10/50] train=0.003268 | val=0.011310 | lr=0.000141
2025-08-18 22:29:59,699 [INFO] train: [Epoch 11/50] train=0.003017 | val=0.011284 | lr=0.000141
2025-08-18 22:30:02,917 [INFO] train: [Epoch 12/50] train=0.002938 | val=0.011333 | lr=0.000141
2025-08-18 22:30:06,214 [INFO] train: [Epoch 13/50] train=0.002521 | val=0.010971 | lr=8.51e-05
2025-08-18 22:30:06,238 [INFO] train:   -> Improved val=0.010971 (train=0.002521)
2025-08-18 22:30:09,612 [INFO] train: [Epoch 14/50] train=0.002322 | val=0.010742 | lr=8.51e-05
2025-08-18 22:30:09,636 [INFO] train:   -> Improved val=0.010742 (train=0.002322)
2025-08-18 22:30:13,027 [INFO] train: [Epoch 15/50] train=0.002157 | val=0.010958 | lr=8.51e-05
2025-08-18 22:30:16,420 [INFO] train: [Epoch 16/50] train=0.002196 | val=0.010968 | lr=8.51e-05
2025-08-18 22:30:19,860 [INFO] train: [Epoch 17/50] train=0.002107 | val=0.011026 | lr=8.51e-05
2025-08-18 22:30:23,310 [INFO] train: [Epoch 18/50] train=0.001937 | val=0.010658 | lr=5.12e-05
2025-08-18 22:30:23,327 [INFO] train:   -> Improved val=0.010658 (train=0.001937)
2025-08-18 22:30:26,631 [INFO] train: [Epoch 19/50] train=0.001838 | val=0.010765 | lr=5.12e-05
2025-08-18 22:30:30,169 [INFO] train: [Epoch 20/50] train=0.001758 | val=0.010598 | lr=5.12e-05
2025-08-18 22:30:30,193 [INFO] train:   -> Improved val=0.010598 (train=0.001758)
2025-08-18 22:30:35,063 [INFO] train: [Epoch 21/50] train=0.001678 | val=0.010624 | lr=5.12e-05
2025-08-18 22:30:38,599 [INFO] train: [Epoch 22/50] train=0.001683 | val=0.010666 | lr=5.12e-05
2025-08-18 22:30:42,132 [INFO] train: [Epoch 23/50] train=0.001659 | val=0.010701 | lr=5.12e-05
2025-08-18 22:30:45,413 [INFO] train: [Epoch 24/50] train=0.001615 | val=0.010500 | lr=3.09e-05
2025-08-18 22:30:45,436 [INFO] train:   -> Improved val=0.010500 (train=0.001615)
2025-08-18 22:30:48,718 [INFO] train: [Epoch 25/50] train=0.001602 | val=0.010527 | lr=3.09e-05
2025-08-18 22:30:52,230 [INFO] train: [Epoch 26/50] train=0.001515 | val=0.010495 | lr=3.09e-05
2025-08-18 22:30:55,777 [INFO] train: [Epoch 27/50] train=0.001417 | val=0.010562 | lr=3.09e-05
2025-08-18 22:30:55,811 [WARNING] train: report_cb failed: 
2025-08-18 22:30:59,179 [INFO] train: [Epoch 28/50] train=0.001421 | val=0.010583 | lr=3.09e-05
2025-08-18 22:30:59,201 [INFO] train: [EARLY STOP] No improvement in validation.
2025-08-18 22:30:59,204 [INFO] train: Saved history CSV models/history/cae_cae_20250818_221527_t22_lat96_hid1024_lr0.000234251_bs128_m0.07_tr0.0016_val0.0105.csv
2025-08-18 22:30:59,204 [INFO] train: Saved meta JSON models/history/cae_cae_20250818_221527_t22_lat96_hid1024_lr0.000234251_bs128_m0.07_tr0.0016_val0.0105.json
2025-08-18 22:30:59,204 [INFO] train: [DONE] Best val_loss = 0.010500
2025-08-18 22:30:59,487 [INFO] main: cuDNN benchmark mode ACTIVE (desactivated deterministic mode)
2025-08-18 22:30:59,487 [INFO] train: CAE | device=cuda:0 | hard_negatives=False | margin=0.064 | wd=3.5e-06 | b1=0.90 b2=0.900
2025-08-18 22:31:02,479 [INFO] train: [Epoch 01/50] train=0.001998 | val=0.001847 | lr=0.000868
2025-08-18 22:31:02,505 [INFO] train:   -> Improved val=0.001847 (train=0.001998)
2025-08-18 22:31:06,768 [INFO] train: [Epoch 02/50] train=0.001057 | val=0.001675 | lr=0.000868
2025-08-18 22:31:06,792 [INFO] train:   -> Improved val=0.001675 (train=0.001057)
2025-08-18 22:31:09,860 [INFO] train: [Epoch 03/50] train=0.000704 | val=0.001766 | lr=0.000868
2025-08-18 22:31:13,062 [INFO] train: [Epoch 04/50] train=0.000542 | val=0.001504 | lr=0.000868
2025-08-18 22:31:13,076 [INFO] train:   -> Improved val=0.001504 (train=0.000542)
2025-08-18 22:31:16,173 [INFO] train: [Epoch 05/50] train=0.000450 | val=0.001296 | lr=0.000868
2025-08-18 22:31:16,197 [INFO] train:   -> Improved val=0.001296 (train=0.000450)
2025-08-18 22:31:19,171 [INFO] train: [Epoch 06/50] train=0.000403 | val=0.001553 | lr=0.000868
2025-08-18 22:31:22,131 [INFO] train: [Epoch 07/50] train=0.000372 | val=0.001255 | lr=0.000868
2025-08-18 22:31:22,147 [INFO] train:   -> Improved val=0.001255 (train=0.000372)
2025-08-18 22:31:24,971 [INFO] train: [Epoch 08/50] train=0.000348 | val=0.001446 | lr=0.000868
2025-08-18 22:31:27,758 [INFO] train: [Epoch 09/50] train=0.000352 | val=0.001478 | lr=0.000868
2025-08-18 22:31:30,714 [INFO] train: [Epoch 10/50] train=0.000331 | val=0.001454 | lr=0.000868
2025-08-18 22:31:30,736 [INFO] train: [EARLY STOP] No improvement in validation.
2025-08-18 22:31:30,739 [INFO] train: Saved history CSV models/history/cae_cae_20250818_221527_t23_lat64_hid1024_lr0.000867655_bs128_m0.06_tr0.0004_val0.0013.csv
2025-08-18 22:31:30,739 [INFO] train: Saved meta JSON models/history/cae_cae_20250818_221527_t23_lat64_hid1024_lr0.000867655_bs128_m0.06_tr0.0004_val0.0013.json
2025-08-18 22:31:30,739 [INFO] train: [DONE] Best val_loss = 0.001255
2025-08-18 22:31:31,014 [INFO] main: cuDNN benchmark mode ACTIVE (desactivated deterministic mode)
2025-08-18 22:31:31,015 [INFO] train: CAE | device=cuda:0 | hard_negatives=False | margin=0.060 | wd=1.8e-06 | b1=0.90 b2=0.900
2025-08-18 22:31:32,452 [INFO] train: [Epoch 01/50] train=0.001911 | val=0.001342 | lr=0.00035
2025-08-18 22:31:32,475 [INFO] train:   -> Improved val=0.001342 (train=0.001911)
2025-08-18 22:31:33,549 [INFO] train: [Epoch 02/50] train=0.000465 | val=0.001313 | lr=0.00035
2025-08-18 22:31:33,571 [INFO] train:   -> Improved val=0.001313 (train=0.000465)
2025-08-18 22:31:34,735 [INFO] train: [Epoch 03/50] train=0.000266 | val=0.001314 | lr=0.00035
2025-08-18 22:31:36,059 [INFO] train: [Epoch 04/50] train=0.000219 | val=0.001217 | lr=0.00035
2025-08-18 22:31:36,076 [INFO] train:   -> Improved val=0.001217 (train=0.000219)
2025-08-18 22:31:37,549 [INFO] train: [Epoch 05/50] train=0.000168 | val=0.001098 | lr=0.00035
2025-08-18 22:31:37,573 [INFO] train:   -> Improved val=0.001098 (train=0.000168)
2025-08-18 22:31:40,175 [INFO] train: [Epoch 06/50] train=0.000120 | val=0.001082 | lr=0.00035
2025-08-18 22:31:40,198 [INFO] train:   -> Improved val=0.001082 (train=0.000120)
2025-08-18 22:31:41,547 [INFO] train: [Epoch 07/50] train=0.000114 | val=0.001097 | lr=0.00035
2025-08-18 22:31:43,031 [INFO] train: [Epoch 08/50] train=0.000100 | val=0.001070 | lr=0.00035
2025-08-18 22:31:43,060 [INFO] train:   -> Improved val=0.001070 (train=0.000100)
2025-08-18 22:31:44,364 [INFO] train: [Epoch 09/50] train=0.000091 | val=0.001184 | lr=0.00035
2025-08-18 22:31:45,786 [INFO] train: [Epoch 10/50] train=0.000079 | val=0.001031 | lr=0.00035
2025-08-18 22:31:45,805 [INFO] train:   -> Improved val=0.001031 (train=0.000079)
2025-08-18 22:31:47,157 [INFO] train: [Epoch 11/50] train=0.000073 | val=0.001154 | lr=0.00035
2025-08-18 22:31:48,536 [INFO] train: [Epoch 12/50] train=0.000056 | val=0.001093 | lr=0.00035
2025-08-18 22:31:49,996 [INFO] train: [Epoch 13/50] train=0.000035 | val=0.000953 | lr=0.000145
2025-08-18 22:31:50,018 [INFO] train:   -> Improved val=0.000953 (train=0.000035)
2025-08-18 22:31:51,410 [INFO] train: [Epoch 14/50] train=0.000012 | val=0.001052 | lr=0.000145
2025-08-18 22:31:52,783 [INFO] train: [Epoch 15/50] train=0.000005 | val=0.001072 | lr=0.000145
2025-08-18 22:31:54,120 [INFO] train: [Epoch 16/50] train=0.000004 | val=0.001065 | lr=6e-05
2025-08-18 22:31:54,141 [INFO] train: [EARLY STOP] No improvement in validation.
2025-08-18 22:31:54,143 [INFO] train: Saved history CSV models/history/cae_cae_20250818_221527_t24_lat32_hid768_lr0.000349979_bs512_m0.06_tr0.0000_val0.0010.csv
2025-08-18 22:31:54,143 [INFO] train: Saved meta JSON models/history/cae_cae_20250818_221527_t24_lat32_hid768_lr0.000349979_bs512_m0.06_tr0.0000_val0.0010.json
2025-08-18 22:31:54,143 [INFO] train: [DONE] Best val_loss = 0.000953
2025-08-18 22:34:11,498 [INFO] main: cuDNN benchmark mode ACTIVE (desactivated deterministic mode)
2025-08-18 23:31:30,592 [INFO] main: cuDNN benchmark mode ACTIVE (desactivated deterministic mode)
2025-08-18 23:31:31,422 [INFO] main: 
2025-08-18 23:31:31,422 [INFO] main: Training DAE | device=cuda:0 | wd=1.5e-06 | b1=0.90 b2=0.900 | clip=1.95
2025-08-18 23:31:35,263 [INFO] train: [Epoch 01/50] train=0.001308 | val=0.001155 | lr=0.000945
2025-08-18 23:31:35,289 [INFO] train: Improved val=0.001155 (train=0.001308) pending final save
2025-08-18 23:31:37,921 [INFO] train: [Epoch 02/50] train=0.001134 | val=0.001125 | lr=0.000945
2025-08-18 23:31:40,571 [INFO] train: [Epoch 03/50] train=0.001112 | val=0.001110 | lr=0.000945
2025-08-18 23:31:44,638 [INFO] train: [Epoch 04/50] train=0.001103 | val=0.001105 | lr=0.000945
2025-08-18 23:31:47,396 [INFO] train: [Epoch 05/50] train=0.001098 | val=0.001103 | lr=0.000945
2025-08-18 23:31:50,043 [INFO] train: [Epoch 06/50] train=0.001094 | val=0.001096 | lr=0.000945
2025-08-18 23:31:52,559 [INFO] train: [Epoch 07/50] train=0.001092 | val=0.001098 | lr=0.000945
2025-08-18 23:31:55,202 [INFO] train: [Epoch 08/50] train=0.001090 | val=0.001092 | lr=0.000945
2025-08-18 23:31:57,795 [INFO] train: [Epoch 09/50] train=0.001089 | val=0.001094 | lr=0.000945
2025-08-18 23:31:57,828 [INFO] train: [EARLY STOP] No improvement in validation.
2025-08-18 23:31:57,832 [INFO] train: Saved history CSV models/history/dae_dae_20250818_233130_t0_lat96_hid1024_lr0.000945431_bs128_tr0.0013_val0.0012.csv
2025-08-18 23:31:57,832 [INFO] train: Saved meta JSON models/history/dae_dae_20250818_233130_t0_lat96_hid1024_lr0.000945431_bs128_tr0.0013_val0.0012.json
2025-08-18 23:31:57,832 [INFO] main: [DONE] Best val_loss = 0.001155
2025-08-18 23:31:57,832 [INFO] main: 
2025-08-18 23:31:58,107 [INFO] main: 
2025-08-18 23:31:58,107 [INFO] main: Training DAE | device=cuda:0 | wd=2.6e-06 | b1=0.90 b2=0.900 | clip=0.80
2025-08-18 23:31:59,934 [INFO] train: [Epoch 01/50] train=0.002009 | val=0.001629 | lr=0.000261
2025-08-18 23:31:59,956 [INFO] train: Improved val=0.001629 (train=0.002009) pending final save
2025-08-18 23:32:01,205 [INFO] train: [Epoch 02/50] train=0.001541 | val=0.001488 | lr=0.000261
2025-08-18 23:32:02,636 [INFO] train: [Epoch 03/50] train=0.001458 | val=0.001442 | lr=0.000261
2025-08-18 23:32:04,389 [INFO] train: [Epoch 04/50] train=0.001425 | val=0.001416 | lr=0.000261
2025-08-18 23:32:06,038 [INFO] train: [Epoch 05/50] train=0.001404 | val=0.001398 | lr=0.000261
2025-08-18 23:32:07,781 [INFO] train: [Epoch 06/50] train=0.001389 | val=0.001387 | lr=0.000261
2025-08-18 23:32:09,605 [INFO] train: [Epoch 07/50] train=0.001380 | val=0.001382 | lr=0.000261
2025-08-18 23:32:09,621 [INFO] train: [EARLY STOP] No improvement in validation.
2025-08-18 23:32:09,623 [INFO] train: Saved history CSV models/history/dae_dae_20250818_233130_t1_lat64_hid512_lr0.000260797_bs512_tr0.0020_val0.0016.csv
2025-08-18 23:32:09,623 [INFO] train: Saved meta JSON models/history/dae_dae_20250818_233130_t1_lat64_hid512_lr0.000260797_bs512_tr0.0020_val0.0016.json
2025-08-18 23:32:09,623 [INFO] main: [DONE] Best val_loss = 0.001629
2025-08-18 23:32:09,623 [INFO] main: 
2025-08-18 23:32:09,909 [INFO] main: 
2025-08-18 23:32:09,909 [INFO] main: Training DAE | device=cuda:0 | wd=8.2e-06 | b1=0.90 b2=0.900 | clip=1.24
2025-08-18 23:32:12,074 [INFO] train: [Epoch 01/50] train=0.002954 | val=0.002491 | lr=1.5e-05
2025-08-18 23:32:12,096 [INFO] train: Improved val=0.002491 (train=0.002954) pending final save
2025-08-18 23:32:13,813 [INFO] train: [Epoch 02/50] train=0.002468 | val=0.002446 | lr=1.5e-05
2025-08-18 23:32:16,995 [INFO] train: [Epoch 03/50] train=0.002403 | val=0.002359 | lr=1.5e-05
2025-08-18 23:32:18,961 [INFO] train: [Epoch 04/50] train=0.002312 | val=0.002273 | lr=1.5e-05
2025-08-18 23:32:20,809 [INFO] train: [Epoch 05/50] train=0.002235 | val=0.002204 | lr=1.5e-05
2025-08-18 23:32:22,701 [INFO] train: [Epoch 06/50] train=0.002173 | val=0.002149 | lr=1.5e-05
2025-08-18 23:32:24,432 [INFO] train: [Epoch 07/50] train=0.002126 | val=0.002110 | lr=1.5e-05
2025-08-18 23:32:24,454 [INFO] train: [EARLY STOP] No improvement in validation.
2025-08-18 23:32:24,455 [INFO] train: Saved history CSV models/history/dae_dae_20250818_233130_t2_lat160_hid256_lr1.49821e-05_bs256_tr0.0030_val0.0025.csv
2025-08-18 23:32:24,456 [INFO] train: Saved meta JSON models/history/dae_dae_20250818_233130_t2_lat160_hid256_lr1.49821e-05_bs256_tr0.0030_val0.0025.json
2025-08-18 23:32:24,456 [INFO] main: [DONE] Best val_loss = 0.002491
2025-08-18 23:32:24,456 [INFO] main: 
2025-08-18 23:32:24,707 [INFO] main: 
2025-08-18 23:32:24,707 [INFO] main: Training DAE | device=cuda:0 | wd=2.1e-04 | b1=0.90 b2=0.900 | clip=0.63
2025-08-18 23:32:26,282 [INFO] train: [Epoch 01/50] train=0.002536 | val=0.002516 | lr=0.000253
2025-08-18 23:32:26,303 [INFO] train: Improved val=0.002516 (train=0.002536) pending final save
2025-08-18 23:32:27,526 [INFO] train: [Epoch 02/50] train=0.002514 | val=0.002516 | lr=0.000253
2025-08-18 23:32:28,683 [INFO] train: [Epoch 03/50] train=0.002514 | val=0.002516 | lr=0.000253
2025-08-18 23:32:29,984 [INFO] train: [Epoch 04/50] train=0.002514 | val=0.002516 | lr=0.000253
2025-08-18 23:32:31,237 [INFO] train: [Epoch 05/50] train=0.002514 | val=0.002516 | lr=0.000253
2025-08-18 23:32:32,514 [INFO] train: [Epoch 06/50] train=0.002514 | val=0.002516 | lr=0.000253
2025-08-18 23:32:34,103 [INFO] train: [Epoch 07/50] train=0.002514 | val=0.002516 | lr=0.000253
2025-08-18 23:32:35,577 [INFO] train: [Epoch 08/50] train=0.002514 | val=0.002516 | lr=0.000167
2025-08-18 23:32:35,592 [INFO] train: [EARLY STOP] No improvement in validation.
2025-08-18 23:32:35,594 [INFO] train: Saved history CSV models/history/dae_dae_20250818_233130_t3_lat192_hid512_lr0.000253307_bs512_tr0.0025_val0.0025.csv
2025-08-18 23:32:35,594 [INFO] train: Saved meta JSON models/history/dae_dae_20250818_233130_t3_lat192_hid512_lr0.000253307_bs512_tr0.0025_val0.0025.json
2025-08-18 23:32:35,594 [INFO] main: [DONE] Best val_loss = 0.002516
2025-08-18 23:32:35,594 [INFO] main: 
2025-08-18 23:32:35,865 [INFO] main: 
2025-08-18 23:32:35,865 [INFO] main: Training DAE | device=cuda:0 | wd=2.6e-06 | b1=0.90 b2=0.900 | clip=0.80
2025-08-18 23:32:37,466 [INFO] train: [Epoch 01/50] train=0.001707 | val=0.001472 | lr=0.00172
2025-08-18 23:32:37,489 [INFO] train: Improved val=0.001472 (train=0.001707) pending final save
2025-08-18 23:32:38,959 [INFO] train: [Epoch 02/50] train=0.001441 | val=0.001421 | lr=0.00172
2025-08-18 23:32:40,406 [INFO] train: [Epoch 03/50] train=0.001409 | val=0.001403 | lr=0.00172
2025-08-18 23:32:42,016 [INFO] train: [Epoch 04/50] train=0.001392 | val=0.001385 | lr=0.00172
2025-08-18 23:32:43,584 [INFO] train: [Epoch 05/50] train=0.001381 | val=0.001380 | lr=0.00172
2025-08-18 23:32:44,973 [INFO] train: [Epoch 06/50] train=0.001373 | val=0.001377 | lr=0.00172
2025-08-18 23:32:46,369 [INFO] train: [Epoch 07/50] train=0.001368 | val=0.001370 | lr=0.00172
2025-08-18 23:32:47,793 [INFO] train: [Epoch 08/50] train=0.001365 | val=0.001365 | lr=0.00172
2025-08-18 23:32:50,398 [INFO] train: [Epoch 09/50] train=0.001362 | val=0.001365 | lr=0.00172
2025-08-18 23:32:51,793 [INFO] train: [Epoch 10/50] train=0.001360 | val=0.001361 | lr=0.00172
2025-08-18 23:32:53,322 [INFO] train: [Epoch 11/50] train=0.001358 | val=0.001360 | lr=0.00172
2025-08-18 23:32:53,343 [INFO] train: [EARLY STOP] No improvement in validation.
2025-08-18 23:32:53,346 [INFO] train: Saved history CSV models/history/dae_dae_20250818_233130_t4_lat128_hid512_lr0.0017248_bs512_tr0.0017_val0.0015.csv
2025-08-18 23:32:53,346 [INFO] train: Saved meta JSON models/history/dae_dae_20250818_233130_t4_lat128_hid512_lr0.0017248_bs512_tr0.0017_val0.0015.json
2025-08-18 23:32:53,346 [INFO] main: [DONE] Best val_loss = 0.001472
2025-08-18 23:32:53,346 [INFO] main: 
2025-08-18 23:32:53,618 [INFO] main: 
2025-08-18 23:32:53,618 [INFO] main: Training DAE | device=cuda:0 | wd=7.4e-05 | b1=0.90 b2=0.900 | clip=1.59
2025-08-18 23:32:55,247 [INFO] train: [Epoch 01/50] train=0.002599 | val=0.002511 | lr=1.58e-05
2025-08-18 23:32:55,270 [INFO] train: Improved val=0.002511 (train=0.002599) pending final save
2025-08-18 23:32:56,617 [INFO] train: [Epoch 02/50] train=0.002508 | val=0.002511 | lr=1.58e-05
2025-08-18 23:32:57,818 [INFO] train: [Epoch 03/50] train=0.002510 | val=0.002514 | lr=1.58e-05
2025-08-18 23:32:59,167 [INFO] train: [Epoch 04/50] train=0.002512 | val=0.002516 | lr=1.58e-05
2025-08-18 23:33:00,416 [INFO] train: [Epoch 05/50] train=0.002513 | val=0.002516 | lr=5.16e-06
2025-08-18 23:33:01,682 [INFO] train: [Epoch 06/50] train=0.002513 | val=0.002516 | lr=5.16e-06
2025-08-18 23:33:01,696 [INFO] train: [EARLY STOP] No improvement in validation.
2025-08-18 23:33:01,699 [INFO] train: Saved history CSV models/history/dae_dae_20250818_233130_t5_lat192_hid1024_lr1.58433e-05_bs512_tr0.0026_val0.0025.csv
2025-08-18 23:33:01,699 [INFO] train: Saved meta JSON models/history/dae_dae_20250818_233130_t5_lat192_hid1024_lr1.58433e-05_bs512_tr0.0026_val0.0025.json
2025-08-18 23:33:01,699 [INFO] main: [DONE] Best val_loss = 0.002511
2025-08-18 23:33:01,699 [INFO] main: 
2025-08-18 23:33:01,957 [INFO] main: 
2025-08-18 23:33:01,957 [INFO] main: Training DAE | device=cuda:0 | wd=3.7e-05 | b1=0.90 b2=0.900 | clip=1.45
2025-08-18 23:33:03,978 [INFO] train: [Epoch 01/50] train=0.002530 | val=0.002517 | lr=0.00113
2025-08-18 23:33:04,003 [INFO] train: Improved val=0.002517 (train=0.002530) pending final save
2025-08-18 23:33:06,000 [INFO] train: [Epoch 02/50] train=0.002515 | val=0.002517 | lr=0.00113
2025-08-18 23:33:08,099 [INFO] train: [Epoch 03/50] train=0.002515 | val=0.002517 | lr=0.00113
2025-08-18 23:33:10,127 [INFO] train: [Epoch 04/50] train=0.002514 | val=0.002516 | lr=0.000351
2025-08-18 23:33:10,149 [INFO] train: [EARLY STOP] No improvement in validation.
2025-08-18 23:33:10,151 [INFO] train: Saved history CSV models/history/dae_dae_20250818_233130_t6_lat32_hid768_lr0.00113067_bs256_tr0.0025_val0.0025.csv
2025-08-18 23:33:10,151 [INFO] train: Saved meta JSON models/history/dae_dae_20250818_233130_t6_lat32_hid768_lr0.00113067_bs256_tr0.0025_val0.0025.json
2025-08-18 23:33:10,151 [INFO] main: [DONE] Best val_loss = 0.002517
2025-08-18 23:33:10,151 [INFO] main: 
2025-08-18 23:33:10,425 [INFO] main: 
2025-08-18 23:33:10,425 [INFO] main: Training DAE | device=cuda:0 | wd=3.0e-06 | b1=0.90 b2=0.900 | clip=1.71
2025-08-18 23:33:12,081 [INFO] train: [Epoch 01/50] train=0.001772 | val=0.001539 | lr=0.00109
2025-08-18 23:33:12,106 [INFO] train: Improved val=0.001539 (train=0.001772) pending final save
2025-08-18 23:33:13,834 [INFO] train: [Epoch 02/50] train=0.001496 | val=0.001475 | lr=0.00109
2025-08-18 23:33:15,799 [INFO] train: [Epoch 03/50] train=0.001457 | val=0.001446 | lr=0.00109
2025-08-18 23:33:17,761 [INFO] train: [Epoch 04/50] train=0.001434 | val=0.001429 | lr=0.00109
2025-08-18 23:33:19,424 [INFO] train: [Epoch 05/50] train=0.001419 | val=0.001417 | lr=0.00109
2025-08-18 23:33:20,855 [INFO] train: [Epoch 06/50] train=0.001408 | val=0.001409 | lr=0.00109
2025-08-18 23:33:23,794 [INFO] train: [Epoch 07/50] train=0.001401 | val=0.001403 | lr=0.00109
2025-08-18 23:33:25,504 [INFO] train: [Epoch 08/50] train=0.001396 | val=0.001397 | lr=0.00109
2025-08-18 23:33:27,014 [INFO] train: [Epoch 09/50] train=0.001393 | val=0.001394 | lr=0.00109
2025-08-18 23:33:27,040 [INFO] train: [EARLY STOP] No improvement in validation.
2025-08-18 23:33:27,042 [INFO] train: Saved history CSV models/history/dae_dae_20250818_233130_t7_lat64_hid512_lr0.00109449_bs512_tr0.0018_val0.0015.csv
2025-08-18 23:33:27,042 [INFO] train: Saved meta JSON models/history/dae_dae_20250818_233130_t7_lat64_hid512_lr0.00109449_bs512_tr0.0018_val0.0015.json
2025-08-18 23:33:27,042 [INFO] main: [DONE] Best val_loss = 0.001539
2025-08-18 23:33:27,042 [INFO] main: 
2025-08-18 23:33:27,314 [INFO] main: 
2025-08-18 23:33:27,314 [INFO] main: Training DAE | device=cuda:0 | wd=2.8e-04 | b1=0.90 b2=0.900 | clip=0.83
2025-08-18 23:33:29,078 [INFO] train: [Epoch 01/50] train=0.002547 | val=0.002518 | lr=7.22e-05
2025-08-18 23:33:29,093 [INFO] train: Improved val=0.002518 (train=0.002547) pending final save
2025-08-18 23:33:30,479 [INFO] train: [Epoch 02/50] train=0.002515 | val=0.002517 | lr=7.22e-05
2025-08-18 23:33:31,784 [INFO] train: [Epoch 03/50] train=0.002514 | val=0.002516 | lr=7.22e-05
2025-08-18 23:33:33,225 [INFO] train: [Epoch 04/50] train=0.002514 | val=0.002516 | lr=7.22e-05
2025-08-18 23:33:34,508 [INFO] train: [Epoch 05/50] train=0.002514 | val=0.002516 | lr=7.22e-05
2025-08-18 23:33:35,806 [INFO] train: [Epoch 06/50] train=0.002514 | val=0.002516 | lr=7.22e-05
2025-08-18 23:33:37,242 [INFO] train: [Epoch 07/50] train=0.002514 | val=0.002516 | lr=7.22e-05
2025-08-18 23:33:38,745 [INFO] train: [Epoch 08/50] train=0.002514 | val=0.002516 | lr=2.18e-05
2025-08-18 23:33:38,767 [INFO] train: [EARLY STOP] No improvement in validation.
2025-08-18 23:33:38,772 [INFO] train: Saved history CSV models/history/dae_dae_20250818_233130_t8_lat224_hid1024_lr7.21576e-05_bs512_tr0.0025_val0.0025.csv
2025-08-18 23:33:38,772 [INFO] train: Saved meta JSON models/history/dae_dae_20250818_233130_t8_lat224_hid1024_lr7.21576e-05_bs512_tr0.0025_val0.0025.json
2025-08-18 23:33:38,772 [INFO] main: [DONE] Best val_loss = 0.002518
2025-08-18 23:33:38,772 [INFO] main: 
2025-08-18 23:33:39,059 [INFO] main: 
2025-08-18 23:33:39,059 [INFO] main: Training DAE | device=cuda:0 | wd=5.7e-06 | b1=0.90 b2=0.900 | clip=1.41
2025-08-18 23:33:41,251 [INFO] train: [Epoch 01/50] train=0.001860 | val=0.001747 | lr=0.00079
2025-08-18 23:33:41,275 [INFO] train: Improved val=0.001747 (train=0.001860) pending final save
2025-08-18 23:33:43,270 [INFO] train: [Epoch 02/50] train=0.001732 | val=0.001723 | lr=0.00079
2025-08-18 23:33:45,489 [INFO] train: [Epoch 03/50] train=0.001716 | val=0.001714 | lr=0.00079
2025-08-18 23:33:47,777 [INFO] train: [Epoch 04/50] train=0.001709 | val=0.001710 | lr=0.00079
2025-08-18 23:33:49,935 [INFO] train: [Epoch 05/50] train=0.001705 | val=0.001706 | lr=0.00079
2025-08-18 23:33:52,144 [INFO] train: [Epoch 06/50] train=0.001702 | val=0.001703 | lr=0.00079
2025-08-18 23:33:52,166 [INFO] train: [EARLY STOP] No improvement in validation.
2025-08-18 23:33:52,169 [INFO] train: Saved history CSV models/history/dae_dae_20250818_233130_t9_lat96_hid768_lr0.000789636_bs256_tr0.0019_val0.0017.csv
2025-08-18 23:33:52,169 [INFO] train: Saved meta JSON models/history/dae_dae_20250818_233130_t9_lat96_hid768_lr0.000789636_bs256_tr0.0019_val0.0017.json
2025-08-18 23:33:52,169 [INFO] main: [DONE] Best val_loss = 0.001747
2025-08-18 23:33:52,169 [INFO] main: 
2025-08-18 23:33:52,447 [INFO] main: 
2025-08-18 23:33:52,447 [INFO] main: Training DAE | device=cuda:0 | wd=5.9e-06 | b1=0.90 b2=0.900 | clip=1.69
2025-08-18 23:33:57,294 [INFO] train: [Epoch 01/50] train=0.001832 | val=0.001767 | lr=0.000971
2025-08-18 23:33:57,318 [INFO] train: Improved val=0.001767 (train=0.001832) pending final save
2025-08-18 23:34:00,635 [INFO] train: [Epoch 02/50] train=0.001758 | val=0.001753 | lr=0.000971
2025-08-18 23:34:04,017 [INFO] train: [Epoch 03/50] train=0.001749 | val=0.001748 | lr=0.000971
2025-08-18 23:34:07,606 [INFO] train: [Epoch 04/50] train=0.001745 | val=0.001742 | lr=0.000971
2025-08-18 23:34:11,040 [INFO] train: [Epoch 05/50] train=0.001743 | val=0.001741 | lr=0.000971
2025-08-18 23:34:14,825 [INFO] train: [Epoch 06/50] train=0.001741 | val=0.001742 | lr=0.000971
2025-08-18 23:34:18,687 [INFO] train: [Epoch 07/50] train=0.001741 | val=0.001742 | lr=0.000971
2025-08-18 23:34:18,712 [INFO] train: [EARLY STOP] No improvement in validation.
2025-08-18 23:34:18,715 [INFO] train: Saved history CSV models/history/dae_dae_20250818_233130_t10_lat96_hid1024_lr0.000971292_bs128_tr0.0018_val0.0018.csv
2025-08-18 23:34:18,715 [INFO] train: Saved meta JSON models/history/dae_dae_20250818_233130_t10_lat96_hid1024_lr0.000971292_bs128_tr0.0018_val0.0018.json
2025-08-18 23:34:18,715 [INFO] main: [DONE] Best val_loss = 0.001767
2025-08-18 23:34:18,715 [INFO] main: 
2025-08-18 23:34:19,011 [INFO] main: 
2025-08-18 23:34:19,012 [INFO] main: Training DAE | device=cuda:0 | wd=1.1e-06 | b1=0.90 b2=0.900 | clip=0.54
2025-08-18 23:34:21,301 [INFO] train: [Epoch 01/50] train=0.001714 | val=0.001348 | lr=0.000508
2025-08-18 23:34:21,327 [INFO] train: Improved val=0.001348 (train=0.001714) pending final save
2025-08-18 23:34:23,534 [INFO] train: [Epoch 02/50] train=0.001276 | val=0.001232 | lr=0.000508
2025-08-18 23:34:25,396 [INFO] train: [Epoch 03/50] train=0.001205 | val=0.001189 | lr=0.000508
2025-08-18 23:34:27,441 [INFO] train: [Epoch 04/50] train=0.001174 | val=0.001169 | lr=0.000508
2025-08-18 23:34:30,466 [INFO] train: [Epoch 05/50] train=0.001160 | val=0.001158 | lr=0.000508
2025-08-18 23:34:32,337 [INFO] train: [Epoch 06/50] train=0.001151 | val=0.001153 | lr=0.000508
2025-08-18 23:34:34,271 [INFO] train: [Epoch 07/50] train=0.001144 | val=0.001144 | lr=0.000508
2025-08-18 23:34:36,104 [INFO] train: [Epoch 08/50] train=0.001137 | val=0.001138 | lr=0.000508
2025-08-18 23:34:37,929 [INFO] train: [Epoch 09/50] train=0.001130 | val=0.001130 | lr=0.000508
2025-08-18 23:34:39,614 [INFO] train: [Epoch 10/50] train=0.001123 | val=0.001123 | lr=0.000508
2025-08-18 23:34:39,635 [INFO] train: [EARLY STOP] No improvement in validation.
2025-08-18 23:34:39,636 [INFO] train: Saved history CSV models/history/dae_dae_20250818_233130_t11_lat96_hid512_lr0.000507627_bs512_tr0.0017_val0.0013.csv
2025-08-18 23:34:39,637 [INFO] train: Saved meta JSON models/history/dae_dae_20250818_233130_t11_lat96_hid512_lr0.000507627_bs512_tr0.0017_val0.0013.json
2025-08-18 23:34:39,637 [INFO] main: [DONE] Best val_loss = 0.001348
2025-08-18 23:34:39,637 [INFO] main: 
2025-08-18 23:34:39,905 [INFO] main: 
2025-08-18 23:34:39,905 [INFO] main: Training DAE | device=cuda:0 | wd=1.1e-06 | b1=0.90 b2=0.900 | clip=1.70
2025-08-18 23:34:41,540 [INFO] train: [Epoch 01/50] train=0.001479 | val=0.001188 | lr=0.00083
2025-08-18 23:34:41,562 [INFO] train: Improved val=0.001188 (train=0.001479) pending final save
2025-08-18 23:34:42,970 [INFO] train: [Epoch 02/50] train=0.001139 | val=0.001113 | lr=0.00083
2025-08-18 23:34:44,360 [INFO] train: [Epoch 03/50] train=0.001091 | val=0.001082 | lr=0.00083
2025-08-18 23:34:46,006 [INFO] train: [Epoch 04/50] train=0.001067 | val=0.001065 | lr=0.00083
2025-08-18 23:34:47,464 [INFO] train: [Epoch 05/50] train=0.001051 | val=0.001050 | lr=0.00083
2025-08-18 23:34:48,900 [INFO] train: [Epoch 06/50] train=0.001039 | val=0.001040 | lr=0.00083
2025-08-18 23:34:50,480 [INFO] train: [Epoch 07/50] train=0.001030 | val=0.001032 | lr=0.00083
2025-08-18 23:34:51,915 [INFO] train: [Epoch 08/50] train=0.001023 | val=0.001026 | lr=0.00083
2025-08-18 23:34:53,577 [INFO] train: [Epoch 09/50] train=0.001018 | val=0.001022 | lr=0.00083
2025-08-18 23:34:55,215 [INFO] train: [Epoch 10/50] train=0.001013 | val=0.001018 | lr=0.00083
2025-08-18 23:34:57,147 [INFO] train: [Epoch 11/50] train=0.001010 | val=0.001014 | lr=0.00083
2025-08-18 23:34:57,171 [INFO] train: [EARLY STOP] No improvement in validation.
2025-08-18 23:34:57,174 [INFO] train: Saved history CSV models/history/dae_dae_20250818_233130_t12_lat96_hid1024_lr0.00082972_bs512_tr0.0015_val0.0012.csv
2025-08-18 23:34:57,174 [INFO] train: Saved meta JSON models/history/dae_dae_20250818_233130_t12_lat96_hid1024_lr0.00082972_bs512_tr0.0015_val0.0012.json
2025-08-18 23:34:57,174 [INFO] main: [DONE] Best val_loss = 0.001188
2025-08-18 23:34:57,174 [INFO] main: 
2025-08-18 23:34:57,487 [INFO] main: 
2025-08-18 23:34:57,487 [INFO] main: Training DAE | device=cuda:0 | wd=1.9e-06 | b1=0.90 b2=0.900 | clip=1.60
2025-08-18 23:34:59,320 [INFO] train: [Epoch 01/50] train=0.001632 | val=0.001362 | lr=0.00262
2025-08-18 23:34:59,343 [INFO] train: Improved val=0.001362 (train=0.001632) pending final save
2025-08-18 23:35:01,120 [INFO] train: [Epoch 02/50] train=0.001323 | val=0.001306 | lr=0.00262
2025-08-18 23:35:03,840 [INFO] train: [Epoch 03/50] train=0.001286 | val=0.001282 | lr=0.00262
2025-08-18 23:35:05,575 [INFO] train: [Epoch 04/50] train=0.001267 | val=0.001263 | lr=0.00262
2025-08-18 23:35:07,179 [INFO] train: [Epoch 05/50] train=0.001254 | val=0.001252 | lr=0.00262
2025-08-18 23:35:08,798 [INFO] train: [Epoch 06/50] train=0.001246 | val=0.001242 | lr=0.00262
2025-08-18 23:35:10,371 [INFO] train: [Epoch 07/50] train=0.001239 | val=0.001238 | lr=0.00262
2025-08-18 23:35:11,762 [INFO] train: [Epoch 08/50] train=0.001233 | val=0.001232 | lr=0.00262
2025-08-18 23:35:13,355 [INFO] train: [Epoch 09/50] train=0.001227 | val=0.001229 | lr=0.00262
2025-08-18 23:35:14,790 [INFO] train: [Epoch 10/50] train=0.001224 | val=0.001228 | lr=0.00262
2025-08-18 23:35:16,353 [INFO] train: [Epoch 11/50] train=0.001221 | val=0.001222 | lr=0.00262
2025-08-18 23:35:16,373 [INFO] train: [EARLY STOP] No improvement in validation.
2025-08-18 23:35:16,376 [INFO] train: Saved history CSV models/history/dae_dae_20250818_233130_t13_lat128_hid1024_lr0.00262201_bs512_tr0.0016_val0.0014.csv
2025-08-18 23:35:16,376 [INFO] train: Saved meta JSON models/history/dae_dae_20250818_233130_t13_lat128_hid1024_lr0.00262201_bs512_tr0.0016_val0.0014.json
2025-08-18 23:35:16,376 [INFO] main: [DONE] Best val_loss = 0.001362
2025-08-18 23:35:16,376 [INFO] main: 
2025-08-18 23:35:16,638 [INFO] main: 
2025-08-18 23:35:16,638 [INFO] main: Training DAE | device=cuda:0 | wd=4.8e-05 | b1=0.90 b2=0.900 | clip=1.97
2025-08-18 23:35:20,665 [INFO] train: [Epoch 01/50] train=0.002523 | val=0.002517 | lr=0.000182
2025-08-18 23:35:20,681 [INFO] train: Improved val=0.002517 (train=0.002523) pending final save
2025-08-18 23:35:24,229 [INFO] train: [Epoch 02/50] train=0.002516 | val=0.002516 | lr=0.000182
2025-08-18 23:35:28,122 [INFO] train: [Epoch 03/50] train=0.002516 | val=0.002516 | lr=0.000182
2025-08-18 23:35:31,713 [INFO] train: [Epoch 04/50] train=0.002516 | val=0.002516 | lr=0.000182
2025-08-18 23:35:35,371 [INFO] train: [Epoch 05/50] train=0.002516 | val=0.002516 | lr=0.000103
2025-08-18 23:35:39,386 [INFO] train: [Epoch 06/50] train=0.002516 | val=0.002516 | lr=0.000103
2025-08-18 23:35:42,409 [INFO] train: [Epoch 07/50] train=0.002516 | val=0.002516 | lr=5.78e-05
2025-08-18 23:35:45,185 [INFO] train: [Epoch 08/50] train=0.002516 | val=0.002516 | lr=5.78e-05
2025-08-18 23:35:48,253 [INFO] train: [Epoch 09/50] train=0.002515 | val=0.002516 | lr=3.25e-05
2025-08-18 23:35:51,868 [INFO] train: [Epoch 10/50] train=0.002515 | val=0.002516 | lr=3.25e-05
2025-08-18 23:35:55,320 [INFO] train: [Epoch 11/50] train=0.002515 | val=0.002516 | lr=1.83e-05
2025-08-18 23:35:55,343 [INFO] train: [EARLY STOP] No improvement in validation.
2025-08-18 23:35:55,346 [INFO] train: Saved history CSV models/history/dae_dae_20250818_233130_t14_lat96_hid768_lr0.000182381_bs128_tr0.0025_val0.0025.csv
2025-08-18 23:35:55,346 [INFO] train: Saved meta JSON models/history/dae_dae_20250818_233130_t14_lat96_hid768_lr0.000182381_bs128_tr0.0025_val0.0025.json
2025-08-18 23:35:55,346 [INFO] main: [DONE] Best val_loss = 0.002517
2025-08-18 23:35:55,346 [INFO] main: 
2025-08-18 23:35:55,629 [INFO] main: 
2025-08-18 23:35:55,629 [INFO] main: Training DAE | device=cuda:0 | wd=1.4e-06 | b1=0.90 b2=0.900 | clip=1.81
2025-08-18 23:35:57,786 [INFO] train: [Epoch 01/50] train=0.002132 | val=0.001689 | lr=0.000104
2025-08-18 23:35:57,810 [INFO] train: Improved val=0.001689 (train=0.002132) pending final save
2025-08-18 23:35:59,596 [INFO] train: [Epoch 02/50] train=0.001531 | val=0.001426 | lr=0.000104
2025-08-18 23:36:01,395 [INFO] train: [Epoch 03/50] train=0.001367 | val=0.001327 | lr=0.000104
2025-08-18 23:36:03,637 [INFO] train: [Epoch 04/50] train=0.001296 | val=0.001278 | lr=0.000104
2025-08-18 23:36:05,609 [INFO] train: [Epoch 05/50] train=0.001256 | val=0.001245 | lr=0.000104
2025-08-18 23:36:07,297 [INFO] train: [Epoch 06/50] train=0.001229 | val=0.001223 | lr=0.000104
2025-08-18 23:36:10,207 [INFO] train: [Epoch 07/50] train=0.001210 | val=0.001206 | lr=0.000104
2025-08-18 23:36:11,894 [INFO] train: [Epoch 08/50] train=0.001195 | val=0.001194 | lr=0.000104
2025-08-18 23:36:11,916 [INFO] train: [EARLY STOP] No improvement in validation.
2025-08-18 23:36:11,919 [INFO] train: Saved history CSV models/history/dae_dae_20250818_233130_t15_lat96_hid768_lr0.00010387_bs512_tr0.0021_val0.0017.csv
2025-08-18 23:36:11,919 [INFO] train: Saved meta JSON models/history/dae_dae_20250818_233130_t15_lat96_hid768_lr0.00010387_bs512_tr0.0021_val0.0017.json
2025-08-18 23:36:11,919 [INFO] main: [DONE] Best val_loss = 0.001689
2025-08-18 23:36:11,919 [INFO] main: 
2025-08-18 23:36:12,202 [INFO] main: 
2025-08-18 23:36:12,202 [INFO] main: Training DAE | device=cuda:0 | wd=3.4e-06 | b1=0.90 b2=0.900 | clip=1.91
2025-08-18 23:36:14,076 [INFO] train: [Epoch 01/50] train=0.001937 | val=0.001687 | lr=0.00038
2025-08-18 23:36:14,100 [INFO] train: Improved val=0.001687 (train=0.001937) pending final save
2025-08-18 23:36:15,865 [INFO] train: [Epoch 02/50] train=0.001660 | val=0.001639 | lr=0.00038
2025-08-18 23:36:17,510 [INFO] train: [Epoch 03/50] train=0.001619 | val=0.001606 | lr=0.00038
2025-08-18 23:36:19,393 [INFO] train: [Epoch 04/50] train=0.001591 | val=0.001583 | lr=0.00038
2025-08-18 23:36:21,038 [INFO] train: [Epoch 05/50] train=0.001572 | val=0.001569 | lr=0.00038
2025-08-18 23:36:22,507 [INFO] train: [Epoch 06/50] train=0.001559 | val=0.001557 | lr=0.00038
2025-08-18 23:36:24,212 [INFO] train: [Epoch 07/50] train=0.001550 | val=0.001550 | lr=0.00038
2025-08-18 23:36:25,934 [INFO] train: [Epoch 08/50] train=0.001543 | val=0.001543 | lr=0.00038
2025-08-18 23:36:27,654 [INFO] train: [Epoch 09/50] train=0.001537 | val=0.001538 | lr=0.00038
2025-08-18 23:36:29,265 [INFO] train: [Epoch 10/50] train=0.001533 | val=0.001534 | lr=0.00038
2025-08-18 23:36:31,023 [INFO] train: [Epoch 11/50] train=0.001529 | val=0.001531 | lr=0.00038
2025-08-18 23:36:31,046 [INFO] train: [EARLY STOP] No improvement in validation.
2025-08-18 23:36:31,048 [INFO] train: Saved history CSV models/history/dae_dae_20250818_233130_t16_lat32_hid1024_lr0.00038011_bs512_tr0.0019_val0.0017.csv
2025-08-18 23:36:31,049 [INFO] train: Saved meta JSON models/history/dae_dae_20250818_233130_t16_lat32_hid1024_lr0.00038011_bs512_tr0.0019_val0.0017.json
2025-08-18 23:36:31,049 [INFO] main: [DONE] Best val_loss = 0.001687
2025-08-18 23:36:31,049 [INFO] main: 
2025-08-18 23:36:31,323 [INFO] main: 
2025-08-18 23:36:31,323 [INFO] main: Training DAE | device=cuda:0 | wd=1.4e-06 | b1=0.90 b2=0.900 | clip=1.68
2025-08-18 23:36:35,389 [INFO] train: [Epoch 01/50] train=0.001694 | val=0.001521 | lr=0.000492
2025-08-18 23:36:35,416 [INFO] train: Improved val=0.001521 (train=0.001694) pending final save
2025-08-18 23:36:38,977 [INFO] train: [Epoch 02/50] train=0.001474 | val=0.001449 | lr=0.000492
2025-08-18 23:36:43,756 [INFO] train: [Epoch 03/50] train=0.001429 | val=0.001421 | lr=0.000492
2025-08-18 23:36:47,439 [INFO] train: [Epoch 04/50] train=0.001410 | val=0.001407 | lr=0.000492
2025-08-18 23:36:50,886 [INFO] train: [Epoch 05/50] train=0.001398 | val=0.001397 | lr=0.000492
2025-08-18 23:36:54,232 [INFO] train: [Epoch 06/50] train=0.001389 | val=0.001392 | lr=0.000492
2025-08-18 23:36:57,635 [INFO] train: [Epoch 07/50] train=0.001383 | val=0.001385 | lr=0.000492
2025-08-18 23:37:01,204 [INFO] train: [Epoch 08/50] train=0.001379 | val=0.001381 | lr=0.000492
2025-08-18 23:37:01,227 [INFO] train: [EARLY STOP] No improvement in validation.
2025-08-18 23:37:01,229 [INFO] train: Saved history CSV models/history/dae_dae_20250818_233130_t17_lat32_hid768_lr0.000492142_bs128_tr0.0017_val0.0015.csv
2025-08-18 23:37:01,229 [INFO] train: Saved meta JSON models/history/dae_dae_20250818_233130_t17_lat32_hid768_lr0.000492142_bs128_tr0.0017_val0.0015.json
2025-08-18 23:37:01,229 [INFO] main: [DONE] Best val_loss = 0.001521
2025-08-18 23:37:01,229 [INFO] main: 
2025-08-18 23:37:01,524 [INFO] main: 
2025-08-18 23:37:01,524 [INFO] main: Training DAE | device=cuda:0 | wd=2.0e-06 | b1=0.90 b2=0.900 | clip=1.60
2025-08-18 23:37:03,398 [INFO] train: [Epoch 01/50] train=0.001678 | val=0.001365 | lr=0.000622
2025-08-18 23:37:03,421 [INFO] train: Improved val=0.001365 (train=0.001678) pending final save
2025-08-18 23:37:05,187 [INFO] train: [Epoch 02/50] train=0.001306 | val=0.001273 | lr=0.000622
2025-08-18 23:37:07,245 [INFO] train: [Epoch 03/50] train=0.001249 | val=0.001237 | lr=0.000622
2025-08-18 23:37:09,159 [INFO] train: [Epoch 04/50] train=0.001227 | val=0.001224 | lr=0.000622
2025-08-18 23:37:10,831 [INFO] train: [Epoch 05/50] train=0.001215 | val=0.001213 | lr=0.000622
2025-08-18 23:37:12,384 [INFO] train: [Epoch 06/50] train=0.001207 | val=0.001209 | lr=0.000622
2025-08-18 23:37:14,296 [INFO] train: [Epoch 07/50] train=0.001203 | val=0.001204 | lr=0.000622
2025-08-18 23:37:17,155 [INFO] train: [Epoch 08/50] train=0.001198 | val=0.001199 | lr=0.000622
2025-08-18 23:37:19,254 [INFO] train: [Epoch 09/50] train=0.001192 | val=0.001194 | lr=0.000622
2025-08-18 23:37:20,895 [INFO] train: [Epoch 10/50] train=0.001187 | val=0.001188 | lr=0.000622
2025-08-18 23:37:20,918 [INFO] train: [EARLY STOP] No improvement in validation.
2025-08-18 23:37:20,921 [INFO] train: Saved history CSV models/history/dae_dae_20250818_233130_t18_lat224_hid512_lr0.000621807_bs512_tr0.0017_val0.0014.csv
2025-08-18 23:37:20,921 [INFO] train: Saved meta JSON models/history/dae_dae_20250818_233130_t18_lat224_hid512_lr0.000621807_bs512_tr0.0017_val0.0014.json
2025-08-18 23:37:20,921 [INFO] main: [DONE] Best val_loss = 0.001365
2025-08-18 23:37:20,921 [INFO] main: 
2025-08-18 23:37:21,207 [INFO] main: 
2025-08-18 23:37:21,207 [INFO] main: Training DAE | device=cuda:0 | wd=7.2e-06 | b1=0.90 b2=0.900 | clip=1.42
2025-08-18 23:37:23,944 [INFO] train: [Epoch 01/50] train=0.002062 | val=0.002001 | lr=0.00179
2025-08-18 23:37:23,957 [INFO] train: Improved val=0.002001 (train=0.002062) pending final save
2025-08-18 23:37:26,237 [INFO] train: [Epoch 02/50] train=0.001991 | val=0.001990 | lr=0.00179
2025-08-18 23:37:28,477 [INFO] train: [Epoch 03/50] train=0.001985 | val=0.001984 | lr=0.00179
2025-08-18 23:37:30,787 [INFO] train: [Epoch 04/50] train=0.001983 | val=0.001985 | lr=0.00179
2025-08-18 23:37:33,009 [INFO] train: [Epoch 05/50] train=0.001983 | val=0.001985 | lr=0.00179
2025-08-18 23:37:35,554 [INFO] train: [Epoch 06/50] train=0.001972 | val=0.001972 | lr=0.00089
2025-08-18 23:37:38,319 [INFO] train: [Epoch 07/50] train=0.001971 | val=0.001972 | lr=0.00089
2025-08-18 23:37:41,189 [INFO] train: [Epoch 08/50] train=0.001970 | val=0.001973 | lr=0.00089
2025-08-18 23:37:43,933 [INFO] train: [Epoch 09/50] train=0.001965 | val=0.001966 | lr=0.000443
2025-08-18 23:37:46,247 [INFO] train: [Epoch 10/50] train=0.001964 | val=0.001966 | lr=0.000443
2025-08-18 23:37:49,983 [INFO] train: [Epoch 11/50] train=0.001963 | val=0.001965 | lr=0.000443
2025-08-18 23:37:50,007 [INFO] train: [EARLY STOP] No improvement in validation.
2025-08-18 23:37:50,010 [INFO] train: Saved history CSV models/history/dae_dae_20250818_233130_t19_lat96_hid768_lr0.00178737_bs256_tr0.0021_val0.0020.csv
2025-08-18 23:37:50,010 [INFO] train: Saved meta JSON models/history/dae_dae_20250818_233130_t19_lat96_hid768_lr0.00178737_bs256_tr0.0021_val0.0020.json
2025-08-18 23:37:50,010 [INFO] main: [DONE] Best val_loss = 0.002001
2025-08-18 23:37:50,010 [INFO] main: 
2025-08-18 23:37:50,316 [INFO] main: 
2025-08-18 23:37:50,316 [INFO] main: Training DAE | device=cuda:0 | wd=5.6e-06 | b1=0.90 b2=0.900 | clip=1.87
2025-08-18 23:37:54,273 [INFO] train: [Epoch 01/50] train=0.002022 | val=0.001957 | lr=0.0028
2025-08-18 23:37:54,298 [INFO] train: Improved val=0.001957 (train=0.002022) pending final save
2025-08-18 23:37:57,600 [INFO] train: [Epoch 02/50] train=0.001931 | val=0.001918 | lr=0.0028
2025-08-18 23:38:00,889 [INFO] train: [Epoch 03/50] train=0.001908 | val=0.001904 | lr=0.0028
2025-08-18 23:38:04,119 [INFO] train: [Epoch 04/50] train=0.001895 | val=0.001895 | lr=0.0028
2025-08-18 23:38:07,836 [INFO] train: [Epoch 05/50] train=0.001888 | val=0.001889 | lr=0.0028
2025-08-18 23:38:11,192 [INFO] train: [Epoch 06/50] train=0.001886 | val=0.001885 | lr=0.0028
2025-08-18 23:38:11,215 [INFO] train: [EARLY STOP] No improvement in validation.
2025-08-18 23:38:11,218 [INFO] train: Saved history CSV models/history/dae_dae_20250818_233130_t20_lat192_hid768_lr0.00279854_bs128_tr0.0020_val0.0020.csv
2025-08-18 23:38:11,218 [INFO] train: Saved meta JSON models/history/dae_dae_20250818_233130_t20_lat192_hid768_lr0.00279854_bs128_tr0.0020_val0.0020.json
2025-08-18 23:38:11,218 [INFO] main: [DONE] Best val_loss = 0.001957
2025-08-18 23:38:11,218 [INFO] main: 
2025-08-18 23:38:11,497 [INFO] main: 
2025-08-18 23:38:11,497 [INFO] main: Training DAE | device=cuda:0 | wd=6.8e-06 | b1=0.90 b2=0.900 | clip=0.57
2025-08-18 23:38:13,910 [INFO] train: [Epoch 01/50] train=0.002130 | val=0.001978 | lr=0.000566
2025-08-18 23:38:13,936 [INFO] train: Improved val=0.001978 (train=0.002130) pending final save
2025-08-18 23:38:16,020 [INFO] train: [Epoch 02/50] train=0.001960 | val=0.001945 | lr=0.000566
2025-08-18 23:38:17,691 [INFO] train: [Epoch 03/50] train=0.001932 | val=0.001926 | lr=0.000566
2025-08-18 23:38:19,508 [INFO] train: [Epoch 04/50] train=0.001917 | val=0.001915 | lr=0.000566
2025-08-18 23:38:21,168 [INFO] train: [Epoch 05/50] train=0.001909 | val=0.001909 | lr=0.000566
2025-08-18 23:38:23,916 [INFO] train: [Epoch 06/50] train=0.001903 | val=0.001903 | lr=0.000566
2025-08-18 23:38:25,826 [INFO] train: [Epoch 07/50] train=0.001899 | val=0.001900 | lr=0.000566
2025-08-18 23:38:27,449 [INFO] train: [Epoch 08/50] train=0.001896 | val=0.001896 | lr=0.000566
2025-08-18 23:38:29,239 [INFO] train: [Epoch 09/50] train=0.001893 | val=0.001894 | lr=0.000566
2025-08-18 23:38:29,271 [INFO] train: [EARLY STOP] No improvement in validation.
2025-08-18 23:38:29,273 [INFO] train: Saved history CSV models/history/dae_dae_20250818_233130_t21_lat224_hid512_lr0.000565938_bs512_tr0.0021_val0.0020.csv
2025-08-18 23:38:29,273 [INFO] train: Saved meta JSON models/history/dae_dae_20250818_233130_t21_lat224_hid512_lr0.000565938_bs512_tr0.0021_val0.0020.json
2025-08-18 23:38:29,273 [INFO] main: [DONE] Best val_loss = 0.001978
2025-08-18 23:38:29,273 [INFO] main: 
2025-08-18 23:38:29,556 [INFO] main: 
2025-08-18 23:38:29,556 [INFO] main: Training DAE | device=cuda:0 | wd=1.0e-06 | b1=0.90 b2=0.900 | clip=0.52
2025-08-18 23:38:33,191 [INFO] train: [Epoch 01/50] train=0.001552 | val=0.001259 | lr=0.000231
2025-08-18 23:38:33,214 [INFO] train: Improved val=0.001259 (train=0.001552) pending final save
2025-08-18 23:38:36,531 [INFO] train: [Epoch 02/50] train=0.001202 | val=0.001166 | lr=0.000231
2025-08-18 23:38:40,284 [INFO] train: [Epoch 03/50] train=0.001141 | val=0.001124 | lr=0.000231
2025-08-18 23:38:44,039 [INFO] train: [Epoch 04/50] train=0.001110 | val=0.001105 | lr=0.000231
2025-08-18 23:38:48,059 [INFO] train: [Epoch 05/50] train=0.001090 | val=0.001085 | lr=0.000231
2025-08-18 23:38:52,021 [INFO] train: [Epoch 06/50] train=0.001076 | val=0.001073 | lr=0.000231
2025-08-18 23:38:56,833 [INFO] train: [Epoch 07/50] train=0.001065 | val=0.001064 | lr=0.000231
2025-08-18 23:39:00,596 [INFO] train: [Epoch 08/50] train=0.001056 | val=0.001056 | lr=0.000231
2025-08-18 23:39:04,045 [INFO] train: [Epoch 09/50] train=0.001048 | val=0.001049 | lr=0.000231
2025-08-18 23:39:04,078 [INFO] train: [EARLY STOP] No improvement in validation.
2025-08-18 23:39:04,080 [INFO] train: Saved history CSV models/history/dae_dae_20250818_233130_t22_lat128_hid512_lr0.000231367_bs128_tr0.0016_val0.0013.csv
2025-08-18 23:39:04,081 [INFO] train: Saved meta JSON models/history/dae_dae_20250818_233130_t22_lat128_hid512_lr0.000231367_bs128_tr0.0016_val0.0013.json
2025-08-18 23:39:04,081 [INFO] main: [DONE] Best val_loss = 0.001259
2025-08-18 23:39:04,081 [INFO] main: 
2025-08-18 23:39:04,355 [INFO] main: 
2025-08-18 23:39:04,355 [INFO] main: Training DAE | device=cuda:0 | wd=1.1e-06 | b1=0.90 b2=0.900 | clip=0.79
2025-08-18 23:39:07,935 [INFO] train: [Epoch 01/50] train=0.002254 | val=0.001876 | lr=2.88e-05
2025-08-18 23:39:07,957 [INFO] train: Improved val=0.001876 (train=0.002254) pending final save
2025-08-18 23:39:11,130 [INFO] train: [Epoch 02/50] train=0.001697 | val=0.001569 | lr=2.88e-05
2025-08-18 23:39:14,391 [INFO] train: [Epoch 03/50] train=0.001493 | val=0.001433 | lr=2.88e-05
2025-08-18 23:39:17,586 [INFO] train: [Epoch 04/50] train=0.001390 | val=0.001357 | lr=2.88e-05
2025-08-18 23:39:21,117 [INFO] train: [Epoch 05/50] train=0.001328 | val=0.001307 | lr=2.88e-05
2025-08-18 23:39:24,786 [INFO] train: [Epoch 06/50] train=0.001285 | val=0.001271 | lr=2.88e-05
2025-08-18 23:39:28,212 [INFO] train: [Epoch 07/50] train=0.001254 | val=0.001244 | lr=2.88e-05
2025-08-18 23:39:32,695 [INFO] train: [Epoch 08/50] train=0.001230 | val=0.001223 | lr=2.88e-05
2025-08-18 23:39:32,715 [INFO] train: [EARLY STOP] No improvement in validation.
2025-08-18 23:39:32,717 [INFO] train: Saved history CSV models/history/dae_dae_20250818_233130_t23_lat128_hid512_lr2.87911e-05_bs128_tr0.0023_val0.0019.csv
2025-08-18 23:39:32,718 [INFO] train: Saved meta JSON models/history/dae_dae_20250818_233130_t23_lat128_hid512_lr2.87911e-05_bs128_tr0.0023_val0.0019.json
2025-08-18 23:39:32,718 [INFO] main: [DONE] Best val_loss = 0.001876
2025-08-18 23:39:32,718 [INFO] main: 
2025-08-18 23:39:32,990 [INFO] main: 
2025-08-18 23:39:32,990 [INFO] main: Training DAE | device=cuda:0 | wd=1.2e-06 | b1=0.90 b2=0.900 | clip=0.58
2025-08-18 23:39:36,517 [INFO] train: [Epoch 01/50] train=0.001913 | val=0.001542 | lr=7.57e-05
2025-08-18 23:39:36,539 [INFO] train: Improved val=0.001542 (train=0.001913) pending final save
2025-08-18 23:39:39,540 [INFO] train: [Epoch 02/50] train=0.001434 | val=0.001365 | lr=7.57e-05
2025-08-18 23:39:42,882 [INFO] train: [Epoch 03/50] train=0.001322 | val=0.001292 | lr=7.57e-05
2025-08-18 23:39:46,629 [INFO] train: [Epoch 04/50] train=0.001268 | val=0.001251 | lr=7.57e-05
2025-08-18 23:39:50,102 [INFO] train: [Epoch 05/50] train=0.001235 | val=0.001227 | lr=7.57e-05
2025-08-18 23:39:54,018 [INFO] train: [Epoch 06/50] train=0.001215 | val=0.001210 | lr=7.57e-05
2025-08-18 23:39:57,885 [INFO] train: [Epoch 07/50] train=0.001201 | val=0.001198 | lr=7.57e-05
2025-08-18 23:40:02,766 [INFO] train: [Epoch 08/50] train=0.001191 | val=0.001189 | lr=7.57e-05
2025-08-18 23:40:06,578 [INFO] train: [Epoch 09/50] train=0.001182 | val=0.001182 | lr=7.57e-05
2025-08-18 23:40:09,761 [INFO] train: [Epoch 10/50] train=0.001176 | val=0.001176 | lr=7.57e-05
2025-08-18 23:40:09,783 [INFO] train: [EARLY STOP] No improvement in validation.
2025-08-18 23:40:09,785 [INFO] train: Saved history CSV models/history/dae_dae_20250818_233130_t24_lat96_hid512_lr7.5671e-05_bs128_tr0.0019_val0.0015.csv
2025-08-18 23:40:09,785 [INFO] train: Saved meta JSON models/history/dae_dae_20250818_233130_t24_lat96_hid512_lr7.5671e-05_bs128_tr0.0019_val0.0015.json
2025-08-18 23:40:09,785 [INFO] main: [DONE] Best val_loss = 0.001542
2025-08-18 23:40:09,785 [INFO] main: 
2025-08-18 23:51:05,419 [INFO] train: cuDNN benchmark mode ACTIVE (desactivated deterministic mode)
2025-08-18 23:51:09,601 [INFO] sentence_transformers.SentenceTransformer: Load pretrained SentenceTransformer: sentence-transformers/all-MiniLM-L6-v2
2025-08-18 23:51:16,509 [INFO] main: Device resolved → cuda
2025-08-18 23:54:39,984 [INFO] train: cuDNN benchmark mode ACTIVE (desactivated deterministic mode)
2025-08-18 23:54:44,789 [INFO] sentence_transformers.SentenceTransformer: Load pretrained SentenceTransformer: sentence-transformers/all-MiniLM-L6-v2
2025-08-18 23:54:50,330 [INFO] main: Device resolved → cuda
